Social_1,Social_2,Social_3,Healthcare_1,Helthcare_2,Price,DistrictId
33,7976,5,,0,184966.9307298416,35
46,10309,1,240.0,1,300009.4500627274,41
34,7759,0,229.0,1,220925.90852358093,53
23,5735,3,1084.0,0,175616.22721724625,58
35,5776,1,2078.0,2,150226.5316437466,99
35,7715,4,990.0,0,215898.4477421489,59
20,4386,14,,1,296021.2043771131,154
6,1437,3,,0,221244.15666358557,74
1,264,0,,0,229102.7959994131,1
6,1437,3,,0,95380.22099316985,23
30,6207,1,1183.0,1,204243.55312879704,28
23,3684,2,,0,165534.5414246522,31
74,19083,2,,5,229220.3726091401,13
49,11395,3,1406.0,3,252481.9083226248,57
2,629,1,,0,140647.56593684404,27
52,11217,1,2300.0,1,89084.32787608178,85
5,1227,0,,0,117000.381286696,27
53,13670,4,,1,231828.43766693235,34
49,11395,3,1406.0,3,183743.23046424173,57
33,6783,3,,1,394895.32598680095,19
25,4756,16,2857.0,5,521919.0573998705,0
9,1892,0,,0,127200.02651097006,27
46,9515,5,,1,215083.96905610108,48
30,5285,0,645.0,6,571069.0526003882,54
24,5613,5,1340.0,2,241718.0995266293,150
6,1437,3,,0,244145.8270685723,74
2,629,1,,0,337299.86793644377,27
6,1437,3,,0,173910.92372317292,23
0,168,0,,0,95338.19854860756,23
36,5992,0,,1,213374.16640304856,11
35,7077,56,2301.0,3,283877.6171417454,50
52,10311,6,,1,189007.2389442105,61
2,469,0,,0,178721.70633739038,27
24,4378,0,1036.0,1,154928.80993818038,44
37,5288,0,1937.0,3,176344.82040566398,90
33,7425,1,,2,402871.9163172412,200
6,1437,3,,0,103510.22360146276,23
17,3079,59,2890.0,0,287056.01254272985,43
36,6714,2,2672.0,0,191550.1213566216,177
0,168,0,,0,229778.0579017187,23
66,10573,1,1322.0,3,171266.94942738526,99
41,6558,7,1548.0,3,197456.9208142761,101
1,264,0,,0,196078.90728935655,1
6,1437,3,,0,184501.01122512692,23
15,2787,2,520.0,0,435462.0480700058,38
47,8004,3,125.0,3,183826.31652243072,21
0,168,0,,0,88464.4253950588,23
19,3806,4,,0,234052.26552661308,103
2,475,0,,0,96029.1678773352,23
23,5212,6,,3,214733.34225833853,98
21,4472,6,1450.0,4,172795.8670771811,170
33,8667,2,,0,148862.21017433386,94
1,264,0,,0,199215.45222932717,1
36,10055,3,,1,182946.36203104112,44
1,264,0,,0,156476.61434830475,1
46,9515,5,,1,276349.9122838608,48
16,3433,4,2643.0,4,279119.9134223016,5
1,388,0,,0,90303.66568299792,23
30,6207,1,1183.0,1,147636.76035604483,28
36,5992,0,,1,242402.234569005,11
43,8429,3,,3,207641.6759898469,88
1,264,0,,0,197343.7979853104,1
46,10309,1,240.0,1,100471.95261307228,47
5,1564,0,540.0,0,113617.2195706784,6
34,7065,1,750.0,2,158148.93648361234,52
2,629,1,,0,114063.0920409234,62
32,5889,10,830.0,4,339414.5500190396,31
49,11395,3,1406.0,3,180538.89892241484,57
46,10309,1,240.0,1,179784.4733339991,77
2,629,1,,0,228584.0010719541,27
2,629,1,,0,167023.97314312926,27
6,1437,3,,0,243479.876105312,74
6,1437,3,,0,160292.1637018166,74
19,3856,10,,2,174952.64419069275,79
5,1564,0,540.0,0,190762.98155043612,6
11,2370,0,,0,197101.04908793507,9
53,13670,4,,1,181167.64240357085,34
52,11217,1,2300.0,1,266989.0161418366,85
35,7077,56,2301.0,3,254236.325085562,156
33,6783,3,,1,184737.9210694037,69
23,3684,2,,0,261086.02440592516,108
53,14892,4,,1,259293.02212247785,96
11,2398,2,1994.0,3,116661.59548998011,169
30,5562,0,,0,267609.8272514647,18
47,8004,3,125.0,3,153038.21948532813,21
53,14892,4,,1,238779.44765093192,27
22,4625,11,3855.0,2,510700.4447348914,148
43,8429,3,,3,210364.3147189588,94
36,10055,3,,1,198183.07691950465,41
27,4798,0,30.0,2,243824.7929712899,128
33,7976,5,,0,242107.0978653341,10
27,5148,14,1575.0,5,212786.0017001436,144
27,5664,48,2300.0,3,305732.5862953504,120
25,5011,8,730.0,0,156375.02000227175,39
23,5067,4,,2,415398.5730306261,7
53,13670,4,,1,286564.4419718113,34
53,14892,4,,1,217349.25658949924,27
22,4789,2,4087.0,4,291058.0808994419,84
6,1437,3,,0,110620.6293204901,23
52,10311,6,,1,165018.9484643495,61
1,264,0,,0,175188.95821584578,1
1,264,0,,0,92127.0617882676,1
47,11319,0,1145.0,3,274570.7175007904,123
0,168,0,,0,113250.4265003472,23
25,5648,1,30.0,2,184172.97563930124,9
33,5261,0,240.0,3,241419.59687217,1
49,11395,3,1406.0,3,270071.6195151077,57
17,3079,59,2890.0,0,378581.5411997035,159
2,469,0,,0,192625.0493997445,27
39,7614,3,,1,201121.07053639012,70
25,5011,8,730.0,0,150513.47488734513,39
33,8667,2,,0,204804.84335521163,94
24,5613,5,1340.0,2,313452.5352345641,129
37,5288,0,1937.0,3,225889.6912453254,3
7,1660,39,1786.0,1,224746.81185663465,95
2,629,1,,0,213798.18515132743,27
21,4346,2,165.0,1,212821.6747251237,78
1,264,0,,0,186403.4841889536,1
30,5562,0,,0,293371.9575586355,18
23,5212,6,,3,250466.98077681608,45
21,5731,0,,1,373510.0571282724,15
19,3293,16,628.0,3,269680.638174428,121
24,5613,5,1340.0,2,168601.97480454494,49
53,13670,4,,1,309688.5926806599,25
33,6783,3,,1,435909.1097547888,19
1,264,0,,0,184324.9008862336,1
37,7687,11,176.0,5,354879.4031837641,59
30,6207,1,1183.0,1,203425.39606435492,28
35,7715,4,990.0,0,317296.3052996641,2
5,1564,0,540.0,0,175899.97828362975,6
53,14892,4,,1,155312.29482522552,96
2,629,1,,0,265978.8377804947,27
37,7687,11,176.0,5,146061.7305650271,108
13,2514,19,,0,176480.46517329663,127
5,1564,0,540.0,0,180727.6435410948,6
52,11217,1,2300.0,1,87182.52338492699,85
11,3097,0,,0,116942.67104480596,27
23,5067,4,,2,292718.3126005229,56
32,5889,10,830.0,4,427526.00361512345,31
1,264,0,,0,194510.14788951524,1
18,3594,4,192.0,1,201616.2738975917,169
32,5889,10,830.0,4,419692.9780338244,31
16,4048,3,,1,177434.7589711046,61
6,1437,3,,0,171901.0874084269,74
25,5027,4,46.0,1,239038.59002294773,109
53,13670,4,,1,241737.8084974161,34
2,629,1,,0,170564.40872038715,62
2,629,1,,0,206780.54887701644,27
53,13670,4,,1,187899.22196065105,9
25,6149,0,,0,137656.12292446892,94
31,6137,4,,0,465067.0658834223,46
23,4635,5,3300.0,2,145941.55533360448,17
0,168,0,,0,114168.53270326483,23
2,629,1,,0,131797.47228439266,62
6,1437,3,,0,123749.81125374604,23
2,629,1,,0,128813.57022387734,62
25,4724,2,1308.0,1,189407.27604071,44
1,388,0,,0,111389.48105876287,23
2,629,1,,0,174687.5661862937,27
52,11217,1,2300.0,1,202321.23147284004,85
5,1564,0,540.0,0,193361.2298149829,6
2,629,1,,0,147040.22612039236,27
42,7651,1,,1,186508.208564838,119
35,5776,1,2078.0,2,218392.93428619305,99
53,14892,4,,1,144400.25776795662,96
46,10309,1,240.0,1,224277.83102613143,41
49,11395,3,1406.0,3,213877.5597629005,57
1,264,0,,0,245130.10663746108,1
23,5212,6,,3,189565.89794984864,98
16,4048,3,,1,204117.83359830943,47
42,9292,3,2620.0,0,477665.5829146461,7
34,7065,1,750.0,2,120670.10176628391,52
23,4583,3,,3,254013.43464408853,47
11,3097,0,,0,109264.47414521917,27
5,1564,0,540.0,0,192944.37932373295,6
2,469,0,,0,207858.57125868363,27
38,4788,2,,0,238623.8888412545,80
2,629,1,,0,190968.19068903895,27
49,11395,3,1406.0,3,148991.2652001697,57
31,7010,5,4508.0,3,183891.14730105453,86
52,10311,6,,1,245215.47730896933,61
43,7227,0,,1,269995.0027797259,83
34,7065,1,750.0,2,194618.91775709105,52
24,4378,0,1036.0,1,169711.36768165938,44
6,1437,3,,0,165071.82572182963,74
39,7614,3,,1,243008.1393059241,62
23,3975,8,770.0,2,527120.8365334661,137
36,10055,3,,1,217099.77313127727,41
30,6564,1,,0,184156.11565779167,91
25,6149,0,,0,162335.0140342568,94
25,5011,8,730.0,0,143120.9047238132,39
20,4386,14,,1,208662.6761233252,92
21,4472,6,1450.0,4,295004.8656963223,118
53,14892,4,,1,173331.29890816894,187
2,629,1,,0,159654.0583783081,62
30,5285,0,645.0,6,466730.8053327907,54
39,10418,9,900.0,1,309690.98158393835,7
8,1497,5,,1,91600.74197793,36
74,19083,2,,5,311528.10086342023,13
31,7010,5,4508.0,3,161307.51198226758,86
41,6558,7,1548.0,3,244351.4102361528,101
39,10418,9,900.0,1,254573.5678844734,7
22,3151,4,2715.0,3,260776.9137974053,106
2,629,1,,0,212527.4265195844,62
34,7065,1,750.0,2,179476.81049473328,52
2,629,1,,0,183038.511216672,27
5,1564,0,540.0,0,222592.1768936081,6
14,3369,24,4129.0,0,383231.9608557049,161
5,1564,0,540.0,0,101123.73306602536,6
53,14892,4,,1,134497.6434555525,27
30,6564,1,,0,238485.4724189136,28
22,4625,11,3855.0,2,155144.01923597365,98
43,8429,3,,3,412511.08876429935,88
53,14892,4,,1,142483.7106867975,27
30,6207,1,1183.0,1,192794.9134059137,22
1,264,0,,0,209569.7743990984,1
35,7715,4,990.0,0,295961.9366821018,19
2,629,1,,0,198351.89245479504,27
26,3889,6,705.0,3,260824.2164651279,63
52,11217,1,2300.0,1,142269.26809029852,85
0,168,0,,0,94827.30508499323,23
42,9292,3,2620.0,0,89269.1881688485,7
36,5992,0,,1,281025.5505723644,11
2,629,1,,0,194091.9925597275,27
36,10055,3,,1,215560.24087496253,41
2,475,0,,0,94607.97605022244,23
23,5212,6,,3,230239.55572923407,45
39,10418,9,900.0,1,370148.6252854998,2
25,5648,1,30.0,2,246800.1553129698,9
6,1437,3,,0,130372.03180729576,23
6,2733,0,920.0,0,420616.8708922509,123
5,1564,0,540.0,0,216199.81776140645,6
21,4231,14,1020.0,0,414194.2853361465,167
2,629,1,,0,159497.15641013213,27
9,1892,0,,0,182228.52002951183,27
25,5487,3,,0,103507.76632719484,21
1,264,0,,0,169749.17381476212,1
34,7065,1,750.0,2,180706.6412043043,52
1,388,0,,0,66379.80225834277,23
1,264,0,,0,153217.0510721243,1
35,5776,1,2078.0,2,188197.9593480905,99
24,5469,1,145.0,0,227828.0112908359,113
34,7065,1,750.0,2,186059.10990553265,52
50,12238,8,1970.0,2,507621.564282382,66
6,1437,3,,0,121517.60412136283,23
25,5648,1,30.0,2,134933.00430180522,9
6,1437,3,,0,117742.4352493535,23
10,2277,2,1547.0,0,294802.6420533637,29
25,4724,2,1308.0,1,184772.1741260349,37
22,4789,2,4087.0,4,143121.97547171748,84
6,1437,3,,0,224079.8591957084,74
37,7687,11,176.0,5,269381.3513583736,20
2,629,1,,0,177511.31482684962,27
26,4439,1,1130.0,1,165879.32469508823,8
30,6141,10,262.0,3,377934.0056289271,109
2,469,0,,0,132276.33756960864,27
1,264,0,,0,196269.45008194572,1
0,168,0,,0,71690.96947386798,23
53,14892,4,,1,168143.3456997873,96
43,8429,3,,3,232785.50284502443,88
21,4472,6,1450.0,4,347780.9142473413,170
39,10418,9,900.0,1,180923.16951988928,7
30,7538,87,4702.0,5,541173.3193911902,181
11,2398,2,1994.0,3,403979.0598937014,40
30,5285,0,645.0,6,246473.4388291688,54
43,7227,0,,1,232830.79876719596,83
25,6149,0,,0,134059.90597710494,93
53,13670,4,,1,140956.3271821275,34
2,469,0,,0,196519.97616932527,27
42,7651,1,,1,85293.61872042036,119
18,3374,5,620.0,1,212290.68408602732,17
22,6398,141,1046.0,3,174735.17718392238,30
13,2514,19,,0,219071.4034771808,127
30,6141,10,262.0,3,184873.0324865545,109
43,10621,1,30.0,2,241747.94628388,3
24,5613,5,1340.0,2,209390.67159801672,129
30,6564,1,,0,175868.08203478975,91
25,5011,8,730.0,0,152631.0902906402,39
74,19083,2,,5,237568.67158119823,13
1,264,0,,0,232726.62813693288,1
35,5776,1,2078.0,2,100378.01085605,11
26,4439,1,1130.0,1,194684.33939886765,8
24,5613,5,1340.0,2,303409.6417855321,49
50,12238,8,1970.0,2,277865.2857063173,66
6,1437,3,,0,143780.69994718806,23
2,469,0,,0,222112.92378935523,27
22,6398,141,1046.0,3,517817.1629805186,30
1,264,0,,0,202871.55141957555,1
2,629,1,,0,135862.01311987988,85
22,6398,141,1046.0,3,202260.78813259903,30
25,4756,16,2857.0,5,286325.09704561083,81
1,264,0,,0,266819.3653253512,1
1,264,0,,0,205150.2473231653,1
8,1423,37,562.0,1,413262.2833313097,181
1,264,0,,0,143414.10697596284,1
5,1564,0,540.0,0,207833.01232519632,6
9,1892,0,,0,145814.83843292613,27
35,7715,4,990.0,0,131981.4844377357,19
33,6783,3,,1,478946.2456488622,69
38,4788,2,,0,254263.2944001489,80
1,264,0,,0,164312.21619327264,1
2,629,1,,0,200253.12754715572,62
9,1892,0,,0,160035.13900234038,27
16,4048,3,,1,132782.67541027322,47
1,264,0,,0,144040.472334819,1
23,3684,2,,0,576037.6323824784,108
39,7614,3,,1,240447.4520838288,62
37,5288,0,1937.0,3,354787.3473552374,90
52,10311,6,,1,266705.08697586285,61
2,629,1,,0,116246.85123454715,27
17,3379,9,100.0,0,221303.2915680073,107
24,5613,5,1340.0,2,188366.55835942645,49
30,5285,0,645.0,6,219003.7356519832,84
27,5664,48,2300.0,3,330587.3179446931,130
25,5648,1,30.0,2,268170.85082156444,9
2,629,1,,0,126997.37418934748,27
52,10311,6,,1,161452.31736000348,61
46,9515,5,,1,385730.55158080376,48
6,1437,3,,0,203620.0363281107,23
37,5288,0,1937.0,3,336401.9093220363,90
5,1564,0,540.0,0,182625.54887189693,6
23,3975,8,770.0,2,86706.41350206478,100
49,11395,3,1406.0,3,223562.7648351837,57
22,6398,141,1046.0,3,165895.48692259967,30
25,4724,2,1308.0,1,201994.18477491435,37
74,19083,2,,5,289429.68542262545,12
33,7425,1,,2,174542.97913433638,2
5,1564,0,540.0,0,167203.80125383288,6
23,5212,6,,3,312993.33953244,45
30,6564,1,,0,166366.39324224324,91
39,7614,3,,1,210243.47392953577,62
21,4231,14,1020.0,0,188580.8414830799,167
43,10621,1,30.0,2,139769.8887951982,93
2,469,0,,0,199508.37982009383,27
2,629,1,,0,148330.64862328474,27
4,915,0,,0,135468.42478463677,27
42,9292,3,2620.0,0,430313.98210657,2
25,3478,11,2729.0,3,244124.42442754025,125
6,1437,3,,0,119207.5184715648,23
21,4346,2,165.0,1,97480.84579121423,8
38,4788,2,,0,254878.0686818036,67
5,1564,0,540.0,0,123044.21369945849,6
5,1564,0,540.0,0,216181.63705620068,6
24,5469,1,145.0,0,522197.03599526,113
49,11395,3,1406.0,3,223792.82270907308,57
2,629,1,,0,228148.4451774364,62
36,6714,2,2672.0,0,87629.08452614766,177
31,6137,4,,0,275398.3300611451,46
36,6714,2,2672.0,0,179073.75310779636,26
30,6207,1,1183.0,1,152641.39877725413,28
1,264,0,,0,100226.36376138523,1
31,6137,4,,0,212108.8266234428,46
66,10573,1,1322.0,3,219547.19291243528,99
5,1564,0,540.0,0,140916.74482445407,6
30,6207,1,1183.0,1,186259.2693945293,28
5,1564,0,540.0,0,122001.94866676032,6
6,1437,3,,0,158724.8991363692,74
25,5027,4,46.0,1,514801.74466123455,89
2,629,1,,0,193847.6420158582,62
32,5889,10,830.0,4,558262.1391143772,31
1,264,0,,0,154350.5279320306,1
5,1564,0,540.0,0,118094.74940767635,6
8,1986,0,,0,203131.5442329005,9
25,5648,1,30.0,2,134910.71558758087,9
26,4439,1,1130.0,1,204126.8476889556,8
6,1437,3,,0,166590.885266394,23
33,7976,5,,0,196300.01084121183,98
43,8429,3,,3,180763.61502716885,88
21,4346,2,165.0,1,356579.96341480146,78
1,264,0,,0,170313.28886098106,1
5,1564,0,540.0,0,214324.13185536183,6
33,8667,2,,0,194837.75236990547,94
53,13670,4,,1,323536.76683847763,25
2,469,0,,0,189803.0161192754,27
43,7227,0,,1,193040.95001292368,67
1,264,0,,0,284003.009712006,1
1,264,0,,0,276242.2232134856,1
74,19083,2,,5,317265.3237919713,57
1,264,0,,0,142654.16970942472,1
34,7065,1,750.0,2,105567.29655620578,52
23,3975,8,770.0,2,282265.4943310505,100
0,168,0,,0,74012.21899057832,23
50,12238,8,1970.0,2,488762.8066878293,24
23,4635,5,3300.0,2,415428.269792166,111
31,7010,5,4508.0,3,160230.18645322698,86
33,6783,3,,1,547029.9026889608,69
42,9292,3,2620.0,0,565355.9389967453,7
34,7759,0,229.0,1,280196.60980388673,53
6,1437,3,,0,181077.52366882964,23
11,2370,0,,0,218539.0864962007,9
5,1135,0,,0,162953.4315163191,62
31,6137,4,,0,217783.6700262196,25
1,264,0,,0,219119.83843267025,1
2,475,0,,0,95841.12656784776,23
52,10311,6,,1,214471.5202803511,61
5,1564,0,540.0,0,137283.78224619754,6
74,19083,2,,5,137707.22228374713,13
23,5735,3,1084.0,0,113898.47811062708,58
30,6207,1,1183.0,1,177855.18316574203,28
32,5889,10,830.0,4,224385.77010075536,31
34,7065,1,750.0,2,176037.78129644104,52
23,5735,3,1084.0,0,209500.2760143315,58
25,5011,8,730.0,0,218642.9762301549,39
36,5992,0,,1,263422.6480145961,11
6,1437,3,,0,169492.86767709127,23
43,10621,1,30.0,2,133188.8183333017,3
36,6714,2,2672.0,0,186265.56859193236,26
25,4724,2,1308.0,1,162491.60854951316,44
25,5011,8,730.0,0,181888.65155540872,39
28,6533,1,1015.0,2,175973.6947668361,11
22,4625,11,3855.0,2,166731.53226430752,138
39,7614,3,,1,432428.0883081117,64
33,7976,5,,0,242403.7158755711,35
34,7065,1,750.0,2,124367.45426896893,52
24,4378,0,1036.0,1,394691.7847746589,44
46,9515,5,,1,217089.93446942847,48
1,264,0,,0,119627.82157783111,1
52,11217,1,2300.0,1,117408.42365937322,85
29,6566,7,1894.0,4,497830.3136404808,124
38,4788,2,,0,269499.6098851904,83
4,915,0,,0,149812.53664027472,27
5,1564,0,540.0,0,188805.6932933005,6
32,6748,93,562.0,4,360914.0984527296,183
34,7759,0,229.0,1,222655.4106545439,53
23,4583,3,,3,118725.693077987,47
43,10621,1,30.0,2,183744.9522402997,3
6,2733,0,920.0,0,573451.6558222222,123
31,5569,0,,1,151976.07035832485,55
31,6119,4,,1,202899.70893223296,29
5,1564,0,540.0,0,147558.65628550874,6
23,3975,8,770.0,2,287940.7218876661,100
43,10621,1,30.0,2,102046.20534552868,3
47,8004,3,125.0,3,88967.92179704596,125
34,7065,1,750.0,2,199345.3383949852,74
6,1437,3,,0,173760.2267841799,23
6,1437,3,,0,159646.34782642688,74
30,7538,87,4702.0,5,503712.15397915104,157
25,5487,3,,0,192248.07252235227,21
66,10573,1,1322.0,3,157767.95172995952,91
31,6137,4,,0,184036.00514554788,46
16,3893,27,,3,183610.4718529348,151
21,5731,0,,1,286626.4489079289,15
53,13670,4,,1,177202.98620737233,9
34,7065,1,750.0,2,183906.78571599972,52
37,7687,11,176.0,5,504820.0579131246,59
2,469,0,,0,177572.8258374342,27
33,6783,3,,1,353466.55486772646,69
1,264,0,,0,141216.94851037598,1
2,629,1,,0,205998.69217422488,27
38,4788,2,,0,237700.86674687968,67
33,8667,2,,0,166454.39812240296,94
47,8004,3,125.0,3,253489.83580506305,125
46,10309,1,240.0,1,128912.09787049051,47
53,14892,4,,1,165636.15532047168,96
16,3893,27,,3,293158.9755633569,33
50,12238,8,1970.0,2,205303.2742911619,66
1,264,0,,0,205290.15474739447,1
49,11395,3,1406.0,3,286117.20238598576,57
1,388,0,,0,73407.1036795243,23
74,19083,2,,5,87477.22128016582,12
28,6533,1,1015.0,2,270486.03774432203,101
23,4635,5,3300.0,2,497573.388939117,17
20,4386,14,,1,401899.146615009,92
30,6141,10,262.0,3,263580.9160639105,109
34,7759,0,229.0,1,403670.66681559134,53
25,5027,4,46.0,1,547434.90701559,17
9,1892,0,,0,132806.05720385278,27
24,4378,0,1036.0,1,346799.14496975584,41
30,6564,1,,0,361460.8017179133,28
46,10309,1,240.0,1,247065.22860863336,77
0,168,0,,0,97498.8993489016,23
42,9292,3,2620.0,0,373850.076346557,7
24,4378,0,1036.0,1,190541.06142392333,44
50,12238,8,1970.0,2,281895.58006865444,24
52,10311,6,,1,186883.4093145308,61
2,469,0,,0,189477.56021020148,27
74,19083,2,,5,166076.5522422024,12
23,5212,6,,3,325600.7658093509,45
2,629,1,,0,131037.88096849392,62
25,5648,1,30.0,2,227416.60571262223,9
23,5067,4,,2,226136.8226226693,56
42,7651,1,,1,479602.4365589888,119
53,13670,4,,1,270902.0000200423,25
74,19083,2,,5,184312.64764692265,13
11,3097,0,,0,172925.73052032848,27
43,7227,0,,1,180772.2181852068,87
52,10311,6,,1,248268.93210610736,61
74,19083,2,,5,253362.8943274229,13
2,629,1,,0,118939.00603397538,27
27,4798,0,30.0,2,160126.00401556253,128
4,915,0,,0,110967.15299231611,27
30,6207,1,1183.0,1,176080.39148408163,22
53,13670,4,,1,207710.2873160445,34
20,4386,14,,1,244852.01373819308,92
25,5648,1,30.0,2,191083.1152483649,9
2,629,1,,0,103182.85515361588,27
35,7715,4,990.0,0,181837.0529162604,74
6,1437,3,,0,203221.4907073509,23
5,1564,0,540.0,0,175042.81671498204,6
31,6137,4,,0,217071.6274316072,46
36,10055,3,,1,270409.14315945416,41
2,629,1,,0,114256.2361528797,27
53,14892,4,,1,155971.00245502123,27
33,8667,2,,0,330811.8611437134,94
35,5776,1,2078.0,2,188832.70553528785,99
30,6564,1,,0,273213.5773042759,126
2,475,0,,0,218718.0464513393,23
17,2810,9,4849.0,3,598541.3463852069,155
6,1437,3,,0,109463.90799467971,23
31,6119,4,,1,182068.3921926944,29
22,4625,11,3855.0,2,289152.4257645959,138
23,3975,8,770.0,2,518952.6672438657,100
22,6398,141,1046.0,3,200634.3018942396,30
10,2277,2,1547.0,0,134393.0002909056,29
9,1892,0,,0,165683.08477897302,27
27,4798,0,30.0,2,225505.09714539364,128
27,5664,48,2300.0,3,240824.0897287801,53
9,1892,0,,0,103357.14261820736,27
16,3433,4,2643.0,4,256252.28337079173,5
23,5212,6,,3,372016.9226293614,45
22,4625,11,3855.0,2,251614.57148503276,53
25,5027,4,46.0,1,386773.83686416346,108
1,388,0,,0,63900.20558965756,23
9,1892,0,,0,91024.13400324772,27
2,469,0,,0,140592.78444813256,27
52,10311,6,,1,242713.74633202757,61
43,10621,1,30.0,2,166243.72497733426,3
23,5067,4,,2,208773.97724299555,56
49,11395,3,1406.0,3,378215.06429873005,57
34,7065,1,750.0,2,158131.63085685042,52
13,2514,19,,0,126625.36740736804,164
9,1952,1,1430.0,3,131695.4601814718,58
31,6119,4,,1,186211.57829377783,105
23,3684,2,,0,214674.70533156843,89
4,915,0,,0,122541.47332070665,27
1,264,0,,0,140506.5896520492,1
47,11319,0,1145.0,3,88125.10046619903,123
66,10573,1,1322.0,3,227042.84531698105,110
74,19083,2,,5,323863.45292486163,13
34,7759,0,229.0,1,264602.8177686192,53
43,10621,1,30.0,2,213171.13519913805,93
23,4583,3,,3,186926.8619130469,47
21,4346,2,165.0,1,205617.75603979925,78
41,6558,7,1548.0,3,181169.2566817831,101
0,168,0,,0,131822.84033800566,23
53,14892,4,,1,200440.67698230367,96
34,7065,1,750.0,2,136059.38774027006,52
22,6398,141,1046.0,3,198393.4464494473,30
46,9515,5,,1,189991.99423758025,48
17,4017,7,800.0,2,396141.9035057582,33
47,8004,3,125.0,3,198364.95200366425,21
5,1564,0,540.0,0,146950.91241029336,6
9,1892,0,,0,94690.67827890089,27
6,1437,3,,0,185830.32313210052,74
34,7065,1,750.0,2,163644.4419839284,52
5,1564,0,540.0,0,179886.4771695398,6
33,7976,5,,0,218138.0959553581,35
66,10573,1,1322.0,3,186980.31660933024,110
36,6714,2,2672.0,0,424539.4045560169,26
8,1497,5,,1,481360.3607276174,36
5,1564,0,540.0,0,184050.456761254,6
24,5469,1,145.0,0,333862.6311519255,113
2,629,1,,0,179806.82095139354,27
26,4439,1,1130.0,1,277408.1671892173,8
13,2514,19,,0,202564.60090737249,127
50,12238,8,1970.0,2,260476.11895901032,66
42,9292,3,2620.0,0,190100.26940559788,7
25,4724,2,1308.0,1,149246.65614854684,44
30,5285,0,645.0,6,272357.5100624823,84
30,5048,9,325.0,2,183592.1368768556,79
22,6398,141,1046.0,3,129364.35153342452,30
22,6398,141,1046.0,3,173209.18614193212,30
28,6746,3,,1,151194.60706052624,8
27,5148,14,1575.0,5,260146.7256950457,132
46,9515,5,,1,220648.50133246585,48
33,8667,2,,0,181948.78718741672,94
33,6783,3,,1,377445.0789326676,69
9,1892,0,,0,129971.5766533174,27
25,5011,8,730.0,0,303995.51879916573,39
34,7759,0,229.0,1,214247.74711682164,53
52,10311,6,,1,170992.300712744,61
21,5731,0,,1,310494.8067512488,15
26,3889,6,705.0,3,345310.9519535162,63
6,1437,3,,0,218910.8287393992,23
43,10621,1,30.0,2,153918.52824728267,3
34,7759,0,229.0,1,243114.2228042609,53
30,6141,10,262.0,3,247187.5989650237,109
21,5731,0,,1,243933.53224984452,15
1,264,0,,0,155219.31209178152,1
39,7614,3,,1,291352.96534642536,64
6,1437,3,,0,141780.23185650609,23
35,7077,56,2301.0,3,338988.1767586858,132
30,6207,1,1183.0,1,193062.42792938583,22
26,4439,1,1130.0,1,175623.51123136832,47
23,5212,6,,3,339455.27115425834,45
24,4378,0,1036.0,1,145230.74373991432,44
46,9515,5,,1,295328.8595868018,48
22,6398,141,1046.0,3,153591.5515692437,30
18,3374,5,620.0,1,232979.49596198343,17
35,7715,4,990.0,0,170996.03668566275,2
23,5212,6,,3,442453.2165309396,45
21,4346,2,165.0,1,186505.8273927676,8
28,6533,1,1015.0,2,223678.7392163124,11
22,6398,141,1046.0,3,111851.44781424034,30
53,13670,4,,1,256069.3583147041,34
34,7759,0,229.0,1,247980.2752343256,53
66,10573,1,1322.0,3,172106.62807465618,71
6,1437,3,,0,111756.68993449748,23
1,264,0,,0,256598.2952181245,1
66,10573,1,1322.0,3,151255.32821147572,99
24,5469,1,145.0,0,396825.94313117815,113
74,19083,2,,5,178934.84321538857,57
1,264,0,,0,182031.07776581185,1
23,5067,4,,2,230995.3157184167,56
23,4635,5,3300.0,2,85476.34622089803,17
9,1892,0,,0,99309.37693734822,27
46,9515,5,,1,174177.51867372767,48
30,6207,1,1183.0,1,288922.97040205845,22
21,5731,0,,1,231155.220798704,15
47,8004,3,125.0,3,238622.09330182604,21
37,6856,84,1940.0,2,246405.8672418216,73
4,915,0,,0,149257.86284394402,27
22,6398,141,1046.0,3,165521.1959679776,30
31,6137,4,,0,344789.6152863426,46
52,10311,6,,1,248501.65416337995,61
5,1564,0,540.0,0,129020.39028894829,6
1,264,0,,0,129991.92345454045,1
23,5212,6,,3,144561.64722235428,98
30,5048,9,325.0,2,191289.96965324355,113
25,3478,11,2729.0,3,205911.40660522523,105
11,3097,0,,0,96928.230594503,27
5,1564,0,540.0,0,171909.5349482285,6
1,264,0,,0,203908.19269774613,1
26,4439,1,1130.0,1,208781.2990766896,8
11,3097,0,,0,118346.848789563,27
42,7651,1,,1,196209.5286704381,119
25,4756,16,2857.0,5,334328.5902203312,0
23,5212,6,,3,501040.9797082408,45
52,11217,1,2300.0,1,374073.8367791557,85
17,4017,7,800.0,2,214359.90714174265,129
2,629,1,,0,265707.0839257241,27
43,7227,0,,1,210769.51664143425,67
21,5731,0,,1,275277.71937183803,15
47,8004,3,125.0,3,163495.7818194914,21
31,6137,4,,0,354442.5964086033,25
30,6141,10,262.0,3,172131.17962647197,111
43,10621,1,30.0,2,142218.7979298213,3
2,629,1,,0,131321.8192880477,27
35,5776,1,2078.0,2,197705.80933984625,99
22,6398,141,1046.0,3,145015.06746210175,30
1,264,0,,0,157795.06703440414,1
25,5648,1,30.0,2,192484.74357372453,9
23,5067,4,,2,338644.0759794509,56
1,264,0,,0,168154.85494428698,1
1,264,0,,0,231218.64615787397,1
5,1564,0,540.0,0,206647.24566561845,6
47,8004,3,125.0,3,193338.61981345207,21
1,388,0,,0,101008.32061869225,23
38,4788,2,,0,268349.2494652469,67
31,6137,4,,0,168233.01647699196,46
14,3369,24,4129.0,0,355241.84340634634,103
22,6398,141,1046.0,3,143264.56780016946,30
23,4635,5,3300.0,2,175055.3678700767,111
2,629,1,,0,183373.2422026661,62
5,1564,0,540.0,0,189382.65027579933,6
23,5735,3,1084.0,0,117125.29179516072,58
33,7976,5,,0,203626.89801302497,10
43,8429,3,,3,341533.89214210573,88
23,4635,5,3300.0,2,250391.9878384937,111
27,4798,0,30.0,2,354499.5466197492,128
34,7065,1,750.0,2,163598.69587325974,52
38,4788,2,,0,240101.6847626256,80
25,3478,11,2729.0,3,194932.35289606487,105
38,4788,2,,0,181868.25670307735,67
43,8429,3,,3,130374.24159545716,88
30,6207,1,1183.0,1,174131.62756917006,28
9,1892,0,,0,99751.48497793196,27
2,629,1,,0,174685.74514084109,27
46,7960,6,350.0,3,355933.7596378679,64
34,7759,0,229.0,1,212535.4918389211,53
37,7687,11,176.0,5,86108.83431743339,20
11,2748,1,,0,209803.10887293308,58
53,13670,4,,1,346949.50650747993,34
2,469,0,,0,175067.2339910739,27
4,915,0,,0,124121.11052200852,27
22,6398,141,1046.0,3,335134.4500100908,189
29,6566,7,1894.0,4,85731.74907620456,75
25,3478,11,2729.0,3,154046.4565750198,125
25,5648,1,30.0,2,290192.8664975897,9
16,3893,27,,3,151028.4282777471,33
36,5992,0,,1,209159.11197298687,11
41,6558,7,1548.0,3,162795.11336186394,101
50,12238,8,1970.0,2,460008.0638942382,66
35,5776,1,2078.0,2,161963.69770115765,99
2,469,0,,0,150489.81132026573,27
22,6398,141,1046.0,3,87456.5200376103,30
24,5469,1,145.0,0,71057.27334600758,113
21,5731,0,,1,252415.7648672629,15
50,12238,8,1970.0,2,228872.11961059703,66
8,1497,5,,1,155788.40484773304,36
2,629,1,,0,120724.05600781045,27
31,7010,5,4508.0,3,255216.6297537615,66
22,6398,141,1046.0,3,186421.819591608,30
66,10573,1,1322.0,3,331166.22160334984,122
25,5027,4,46.0,1,494516.3420100632,108
49,11395,3,1406.0,3,183467.40781456747,22
6,1437,3,,0,98597.5652177636,23
2,629,1,,0,135353.8856202234,62
11,3097,0,,0,146028.87105183816,27
9,1892,0,,0,122017.66964650506,27
1,264,0,,0,135630.04564263002,1
47,11319,0,1145.0,3,206269.76171529217,46
74,19083,2,,5,311829.6231938036,13
2,629,1,,0,109115.46972364436,27
37,7687,11,176.0,5,359306.3995587356,59
33,5261,0,240.0,3,321975.364370798,1
35,7077,56,2301.0,3,141934.84527815462,163
1,264,0,,0,125236.89468114244,1
2,629,1,,0,217267.3999733641,62
23,5735,3,1084.0,0,240510.69684622844,58
41,6558,7,1548.0,3,149725.71044079837,101
19,3806,4,,0,174852.19347100874,103
22,6398,141,1046.0,3,191286.82794863952,30
14,3369,24,4129.0,0,423796.83967481,141
9,1952,1,1430.0,3,87476.30182977197,58
24,4378,0,1036.0,1,155035.54495627858,44
31,6119,4,,1,325569.9415603525,29
7,1660,39,1786.0,1,416188.701892098,76
25,5487,3,,0,453018.4698252314,21
2,629,1,,0,277332.9441775375,27
34,7759,0,229.0,1,247074.56483183,53
0,168,0,,0,74010.18015243296,23
25,5648,1,30.0,2,188401.62080119387,9
52,11217,1,2300.0,1,288447.8309661948,85
2,629,1,,0,137880.6209622569,62
47,8004,3,125.0,3,179683.50876787625,21
53,14892,4,,1,160723.27332496847,27
22,6398,141,1046.0,3,163885.584505804,30
2,475,0,,0,85994.29706314416,23
33,8667,2,,0,200863.46792501,94
22,6398,141,1046.0,3,109274.64528622164,30
52,11217,1,2300.0,1,268393.8781516855,85
26,4439,1,1130.0,1,166394.25491838928,8
47,8004,3,125.0,3,291635.22745171486,21
35,7715,4,990.0,0,146198.62553669864,2
30,5285,0,645.0,6,184968.357820831,0
5,1564,0,540.0,0,120073.55867051565,6
35,7077,56,2301.0,3,301856.49715254287,163
53,13670,4,,1,200946.22070993227,25
19,3806,4,,0,351414.1253954241,89
41,6558,7,1548.0,3,220064.2872708676,11
2,629,1,,0,223692.67248018712,62
23,5735,3,1084.0,0,116091.3771969894,58
2,475,0,,0,91462.31224820076,23
0,168,0,,0,81258.05703492103,23
66,10573,1,1322.0,3,152679.88542988888,99
30,6207,1,1183.0,1,239854.9676695325,22
39,7614,3,,1,340211.68415277504,70
53,13670,4,,1,290747.0254692588,25
27,5664,48,2300.0,3,259147.78088016223,130
6,1437,3,,0,166599.0519995093,23
26,3889,6,705.0,3,248771.33123322492,63
24,5613,5,1340.0,2,163893.69589990034,49
23,4583,3,,3,154167.81779217915,47
25,6149,0,,0,240912.1159992408,94
4,915,0,,0,103210.01032487284,27
0,168,0,,0,126602.6739815092,23
31,6137,4,,0,152489.15880857955,46
53,13670,4,,1,207554.1848609592,34
22,6398,141,1046.0,3,99110.57738873512,30
43,7227,0,,1,232679.97387587375,87
31,5569,0,,1,149593.02384808127,55
32,5889,10,830.0,4,354454.1245323875,31
43,8429,3,,3,179789.28837320764,88
5,1564,0,540.0,0,194756.02394527625,6
30,5562,0,,0,279943.9761286912,18
26,4439,1,1130.0,1,168221.98334194726,8
31,6119,4,,1,179174.43255580633,29
25,5648,1,30.0,2,183251.3758863476,9
1,264,0,,0,136537.14734829226,1
5,1564,0,540.0,0,166300.36507708117,6
30,5562,0,,0,152594.13406974426,18
30,5285,0,645.0,6,160821.05077357093,84
39,10418,9,900.0,1,129867.09921333824,7
4,915,0,,0,110728.58893763831,27
5,1564,0,540.0,0,176682.48706717734,6
5,1564,0,540.0,0,192054.22959401092,6
42,7651,1,,1,153632.33849628115,91
6,1437,3,,0,127047.78755267592,74
9,1892,0,,0,146369.75618599725,27
18,3594,4,192.0,1,295304.0119744176,169
52,10311,6,,1,295824.30971686944,61
30,5285,0,645.0,6,182680.31013397957,84
23,4583,3,,3,176570.40527374484,47
22,6398,141,1046.0,3,172406.9978985549,30
35,7715,4,990.0,0,194139.2465974751,2
30,5048,9,325.0,2,211091.5802077689,79
27,5664,48,2300.0,3,229829.17408646943,115
5,1564,0,540.0,0,174696.4003655779,6
1,264,0,,0,296595.17888768075,1
43,10621,1,30.0,2,167290.46926342224,3
36,6714,2,2672.0,0,175765.29667114967,26
6,1437,3,,0,235829.14013749093,74
39,10418,9,900.0,1,195114.1734728921,7
4,915,0,,0,119443.81491869116,27
1,264,0,,0,182657.61838580103,1
2,629,1,,0,135629.58468883677,62
31,7010,5,4508.0,3,176915.24958902274,86
1,264,0,,0,197724.4371297783,1
23,4583,3,,3,351841.9945451617,47
22,6398,141,1046.0,3,73487.11685239797,30
29,6566,7,1894.0,4,204632.6397471225,139
25,5487,3,,0,175243.08928937258,21
1,264,0,,0,192913.7987246448,1
9,1892,0,,0,135213.80573622225,27
34,7065,1,750.0,2,339930.9525883588,52
18,3746,9,75.0,3,227464.0706605804,143
37,6856,84,1940.0,2,271737.0952215319,73
22,6398,141,1046.0,3,138026.73540626589,30
9,1892,0,,0,79417.57218672169,27
28,6533,1,1015.0,2,232539.20277066223,11
20,2738,20,,1,349075.0919198409,201
21,4346,2,165.0,1,314720.37043721345,78
23,5212,6,,3,429445.71175212174,45
31,6137,4,,0,151320.65670666035,46
18,3746,9,75.0,3,173909.81169825766,121
30,6207,1,1183.0,1,310453.2185823932,28
24,5613,5,1340.0,2,249831.9953353821,165
5,1564,0,540.0,0,150495.65446240178,6
6,1437,3,,0,245260.2310071209,23
35,7077,56,2301.0,3,197635.33616778665,163
30,7538,87,4702.0,5,507552.2469965477,190
2,469,0,,0,126993.2235588074,27
25,4756,16,2857.0,5,350956.50882195967,193
47,8004,3,125.0,3,216075.6977545468,21
11,3097,0,,0,104457.85090657386,27
11,2748,1,,0,168086.30492747654,58
22,6398,141,1046.0,3,421851.9536386703,174
35,7715,4,990.0,0,156073.86926708193,19
2,629,1,,0,128889.5934059398,62
41,6558,7,1548.0,3,313497.4662688632,101
6,1437,3,,0,193226.2301301532,23
19,3856,10,,2,325854.2628098112,124
46,9515,5,,1,466573.1633051161,48
18,3746,9,75.0,3,255479.6019487016,143
74,19083,2,,5,134351.1578685551,12
52,10311,6,,1,201112.57222790623,61
2,629,1,,0,140577.2043323857,27
43,10621,1,30.0,2,133042.26580430497,3
25,5648,1,30.0,2,130517.96198400926,9
5,1564,0,540.0,0,128588.7413213341,6
53,13670,4,,1,177158.78298079313,9
25,5648,1,30.0,2,167968.00588417894,9
53,13670,4,,1,310386.07458620524,9
24,5613,5,1340.0,2,242651.6220066125,129
5,1564,0,540.0,0,125266.2514987378,6
6,1437,3,,0,150913.2859944751,23
2,469,0,,0,179706.20039874586,27
35,7077,56,2301.0,3,344513.1191206977,156
36,5992,0,,1,206143.3803986934,11
43,8429,3,,3,182236.04875881964,94
2,629,1,,0,192309.2741396943,27
9,1892,0,,0,113977.71885396464,27
6,1437,3,,0,167395.11080638276,74
46,9515,5,,1,422486.8769850212,48
33,8667,2,,0,170703.8672587651,94
24,5613,5,1340.0,2,474624.2255036715,129
53,13670,4,,1,261106.0828553128,9
2,629,1,,0,123291.31447200965,62
4,915,0,,0,142967.7707306639,27
0,168,0,,0,73162.63607939101,23
53,13670,4,,1,279451.6898296817,25
46,10309,1,240.0,1,172895.1067500702,77
33,7976,5,,0,157626.75948556914,10
5,1564,0,540.0,0,179856.18148373775,6
46,9515,5,,1,243148.55510723253,48
39,7614,3,,1,216436.1139875571,62
32,5889,10,830.0,4,264686.6122966812,31
5,1564,0,540.0,0,155518.22336448435,6
21,4472,6,1450.0,4,440809.0742792881,60
23,4583,3,,3,182353.07202887489,47
25,3478,11,2729.0,3,176696.19158421818,125
34,7759,0,229.0,1,294282.7213754084,53
1,264,0,,0,158512.55725621647,1
31,6119,4,,1,334184.36178299034,29
5,1564,0,540.0,0,220188.6397558936,6
52,10311,6,,1,217712.09961680853,61
12,2270,23,2500.0,1,331278.1402927744,114
25,5011,8,730.0,0,167418.2892931077,39
2,629,1,,0,163649.47444701148,27
6,1437,3,,0,156232.46504827178,23
74,19083,2,,5,194129.1331217064,13
30,5285,0,645.0,6,177542.67599762868,84
2,629,1,,0,157190.77113086198,62
53,14892,4,,1,182063.5799959539,96
33,8667,2,,0,209000.0644285634,10
14,3369,24,4129.0,0,516315.770610522,95
25,5648,1,30.0,2,203904.5287910585,9
29,6566,7,1894.0,4,371261.4181251006,75
2,629,1,,0,104827.7644842333,62
53,13670,4,,1,175399.64345349252,34
11,2370,0,,0,133260.1121962763,9
6,1437,3,,0,167008.65915943452,23
30,5285,0,645.0,6,221656.33473599024,54
27,4798,0,30.0,2,172350.8675202735,128
47,11319,0,1145.0,3,152163.17470664534,46
42,7651,1,,1,151461.9420911564,119
33,6783,3,,1,376318.7693213906,69
23,4583,3,,3,163052.81239481582,47
23,5212,6,,3,192001.3406056084,177
7,1660,39,1786.0,1,423580.4779816425,172
5,1564,0,540.0,0,126266.88389644516,6
36,5992,0,,1,172376.25054662125,11
46,9515,5,,1,320924.5458465262,48
52,11217,1,2300.0,1,118038.56158739032,85
22,6398,141,1046.0,3,185366.4126210321,30
9,1892,0,,0,93168.93128191803,27
37,7687,11,176.0,5,366916.2464940092,20
34,7759,0,229.0,1,283334.4967156689,53
52,10311,6,,1,505200.880901576,61
39,10418,9,900.0,1,230923.9480253649,7
47,11319,0,1145.0,3,173714.41662058426,46
19,3293,16,628.0,3,252902.0362895605,121
42,9292,3,2620.0,0,339905.0199803408,56
5,1564,0,540.0,0,179219.98162498788,6
1,388,0,,0,91461.387387881,23
30,5048,9,325.0,2,181625.3493525093,113
38,4788,2,,0,159317.36900267686,83
43,7227,0,,1,214473.3717392301,67
4,915,0,,0,101365.58828301389,27
25,5027,4,46.0,1,508141.0905494685,17
66,10573,1,1322.0,3,158796.50421893757,99
50,12238,8,1970.0,2,427473.9219329083,24
2,629,1,,0,74081.17658061859,62
23,5212,6,,3,176861.20258956435,45
9,1892,0,,0,155980.28832111967,27
19,3293,16,628.0,3,133193.85132475715,134
23,5212,6,,3,400853.6560438817,45
46,10309,1,240.0,1,275056.5307995484,77
2,469,0,,0,149286.39520956064,27
25,5487,3,,0,140782.4060349037,21
26,4439,1,1130.0,1,166642.5713515241,8
5,1564,0,540.0,0,125612.63910432297,6
74,19083,2,,5,216409.0610452449,12
33,7425,1,,2,386569.2558412736,117
38,4788,2,,0,152992.069971897,80
28,6746,3,,1,294760.19659560005,8
46,9515,5,,1,178698.3390731409,48
23,5212,6,,3,308767.6976488221,45
34,7759,0,229.0,1,191716.45302043515,53
39,10418,9,900.0,1,148218.8041695586,7
11,2748,1,,0,135092.1473814451,58
2,475,0,,0,72659.97157533352,23
1,264,0,,0,164007.93991219328,1
22,4625,11,3855.0,2,193508.0333655659,53
37,7687,11,176.0,5,458641.1548723989,59
5,1564,0,540.0,0,148124.07158952358,6
23,5735,3,1084.0,0,100033.41090270382,58
28,6533,1,1015.0,2,152517.08055005525,101
29,6566,7,1894.0,4,182951.36616554117,139
53,14892,4,,1,179822.6071578644,187
46,9515,5,,1,198710.08246465915,48
5,1564,0,540.0,0,130342.96809165292,6
5,1564,0,540.0,0,191415.4339106769,6
34,7065,1,750.0,2,138708.32863124707,52
47,11319,0,1145.0,3,397264.7782717783,46
32,5889,10,830.0,4,300164.3497239609,31
22,6398,141,1046.0,3,143499.80516310528,30
25,3478,11,2729.0,3,247036.75713823052,125
21,4346,2,165.0,1,314360.9278350335,8
53,14892,4,,1,254652.772558604,149
1,264,0,,0,175679.97654639737,1
6,1437,3,,0,151122.25402060174,23
53,14892,4,,1,254992.7541899943,96
39,10418,9,900.0,1,208506.20451628487,2
27,5664,48,2300.0,3,313557.21248533,60
27,4798,0,30.0,2,304787.66261418874,128
6,1437,3,,0,181217.54718443647,23
53,14892,4,,1,149635.38731517128,96
3,662,0,35.0,0,136624.1546853731,21
22,6398,141,1046.0,3,133166.1635129692,30
5,1564,0,540.0,0,187427.32199149943,6
74,19083,2,,5,136156.27306146282,13
34,7759,0,229.0,1,247204.8171744344,53
2,475,0,,0,114980.00777479612,23
66,10573,1,1322.0,3,181281.66298445707,153
34,7759,0,229.0,1,200128.70189271288,53
53,14892,4,,1,296217.77260695497,96
23,5735,3,1084.0,0,165456.50471713053,58
23,5212,6,,3,336460.5119202536,45
34,7065,1,750.0,2,152762.8658516619,52
35,7715,4,990.0,0,86902.57888908463,59
23,3684,2,,0,240073.0433609805,131
6,1437,3,,0,235065.35705592303,23
25,5027,4,46.0,1,505464.8844304723,17
43,7227,0,,1,248863.98714707192,67
43,8429,3,,3,205410.872697399,88
35,7077,56,2301.0,3,353868.1802694309,156
36,5992,0,,1,259899.2951495757,11
35,7715,4,990.0,0,156028.36959610114,74
9,1892,0,,0,64958.98352874865,27
39,10418,9,900.0,1,204549.5573564561,7
34,7065,1,750.0,2,151407.18541230075,52
43,10621,1,30.0,2,138357.73327169847,3
30,6141,10,262.0,3,376123.9990964956,89
4,915,0,,0,129674.84113888064,27
22,4625,11,3855.0,2,186137.0747754073,148
52,10311,6,,1,225566.52084982104,61
16,3893,27,,3,157045.91862163498,33
30,5285,0,645.0,6,448123.2947562858,54
30,5562,0,,0,320177.69928258384,145
2,469,0,,0,125266.57245470805,27
4,915,0,,0,89296.98859880271,27
30,6207,1,1183.0,1,168151.01368979624,28
29,6566,7,1894.0,4,107175.80002616276,124
35,5776,1,2078.0,2,189132.24610543207,99
1,388,0,,0,93991.02357830192,23
23,5212,6,,3,474801.0876473484,26
42,7651,1,,1,129339.26816358855,119
6,1318,1,200.0,1,115528.35576222531,1
47,11319,0,1145.0,3,243712.5168421164,123
10,2277,2,1547.0,0,140995.39866552837,29
2,469,0,,0,148624.36135552294,27
21,4231,14,1020.0,0,190099.92883356905,107
39,7614,3,,1,316732.1658333264,70
23,3975,8,770.0,2,218078.2273857116,40
9,1892,0,,0,136990.32391895654,27
25,5027,4,46.0,1,365023.2659445211,17
21,4346,2,165.0,1,161087.97922894274,78
30,7538,87,4702.0,5,201311.77181779503,157
23,5212,6,,3,195250.9756309731,45
1,290,0,,0,84498.4094034726,27
1,388,0,,0,90512.94765272576,23
7,1660,39,1786.0,1,274992.4723657961,172
42,7651,1,,1,62483.977997905546,91
9,1952,1,1430.0,3,129568.85670470426,58
5,1564,0,540.0,0,192261.9632697044,6
22,3151,4,2715.0,3,159292.27250483687,3
6,1437,3,,0,248411.842332234,23
2,469,0,,0,149422.35586033322,27
6,1437,3,,0,246684.1859077064,74
0,168,0,,0,98897.32314475776,23
2,629,1,,0,192538.8720151198,62
22,4789,2,4087.0,4,243611.2567205842,84
6,1437,3,,0,79325.62607583651,23
18,3594,4,192.0,1,187204.95100846604,37
27,5148,14,1575.0,5,211131.35307315344,144
28,6533,1,1015.0,2,221920.8533101061,11
1,264,0,,0,274283.7686320374,1
0,168,0,,0,126243.20833148828,23
9,1768,0,370.0,0,125817.70945460867,71
20,4386,14,,1,246293.0223333348,92
6,1437,3,,0,111124.7412577501,23
1,264,0,,0,128592.33469621286,1
33,7976,5,,0,227319.94973000383,10
1,264,0,,0,240780.2915676729,1
2,629,1,,0,166304.44161347626,62
2,629,1,,0,136455.0981755763,27
5,1564,0,540.0,0,219586.4483683236,6
74,19083,2,,5,231256.80827055237,12
16,3681,73,1815.0,2,264758.87679330265,115
43,8429,3,,3,186389.85498086028,88
66,10573,1,1322.0,3,182589.23387009595,99
29,6566,7,1894.0,4,228077.5097228638,124
2,629,1,,0,108337.4842065188,62
5,1564,0,540.0,0,223517.0478601399,6
34,7065,1,750.0,2,184258.3769434369,52
2,629,1,,0,172184.66121292673,27
21,4231,14,1020.0,0,308416.2788069291,167
23,5212,6,,3,399067.0907499266,177
26,3889,6,705.0,3,201996.615096832,63
52,10311,6,,1,194395.4193436807,61
53,13670,4,,1,195593.2178213116,9
21,4472,6,1450.0,4,183126.36440211453,130
9,1892,0,,0,154696.06704256064,27
11,2370,0,,0,135290.4101754176,9
27,5148,14,1575.0,5,187461.63658195784,144
9,1892,0,,0,93218.65046050477,27
47,11319,0,1145.0,3,265992.07369918824,123
30,6564,1,,0,159300.19599285632,126
66,10573,1,1322.0,3,196494.96793346736,99
23,5735,3,1084.0,0,101646.54225505063,58
22,6398,141,1046.0,3,74355.56431561772,30
31,5569,0,,1,247412.2016266581,55
24,4378,0,1036.0,1,203275.6843611061,44
34,7065,1,750.0,2,171519.12334211625,52
18,3594,4,192.0,1,191951.3782946607,37
25,5648,1,30.0,2,235321.32528076135,9
2,629,1,,0,117123.64402198582,27
32,6748,93,562.0,4,343812.4942815572,82
33,8667,2,,0,151444.55635782224,94
30,5562,0,,0,192371.63348518216,18
18,3594,4,192.0,1,297190.79755479604,37
23,3975,8,770.0,2,247758.87359181207,100
5,1564,0,540.0,0,118142.77676873028,6
52,11217,1,2300.0,1,243134.59261656695,85
41,6558,7,1548.0,3,183849.11426807765,101
9,1952,1,1430.0,3,129353.56650175535,58
49,11395,3,1406.0,3,259788.2130944612,57
25,5487,3,,0,156253.57861987976,21
32,6748,93,562.0,4,455932.1946330631,183
22,3151,4,2715.0,3,245768.0962024291,90
23,5212,6,,3,250152.9386639471,45
33,7976,5,,0,204373.13330684707,10
7,1660,39,1786.0,1,76470.71673389926,76
46,10309,1,240.0,1,87733.4971227562,41
24,4860,1,80.0,0,241451.96913834463,44
6,1437,3,,0,101233.85675328152,23
53,13670,4,,1,269906.91290695465,34
32,5889,10,830.0,4,196934.9450430896,31
10,2277,2,1547.0,0,215765.72605417,29
32,5889,10,830.0,4,183658.92522643995,31
22,6398,141,1046.0,3,146446.7322033805,30
41,6558,7,1548.0,3,313456.60026203573,11
24,4860,1,80.0,0,281356.0469285142,61
2,469,0,,0,147769.29790083534,27
30,5562,0,,0,278417.45479347464,18
18,3374,5,620.0,1,276683.0713440723,17
23,3684,2,,0,251801.8379988274,31
6,1437,3,,0,256057.8397069474,74
47,11319,0,1145.0,3,408842.5419791431,123
31,6119,4,,1,97107.06214409885,29
4,915,0,,0,104511.38324996013,27
4,915,0,,0,122245.14345587832,27
2,629,1,,0,207331.55668092312,27
28,7287,5,320.0,1,226928.1985714753,37
34,7065,1,750.0,2,199088.42106447765,52
23,5212,6,,3,303051.3985445322,45
50,12238,8,1970.0,2,353797.7096461763,24
52,10311,6,,1,185360.9451943371,61
53,13670,4,,1,323267.74305091245,34
34,7759,0,229.0,1,270794.7140546706,53
43,8429,3,,3,192163.5471837525,88
22,6398,141,1046.0,3,139050.3426348431,30
33,6783,3,,1,384122.776724931,69
4,915,0,,0,174590.37332325432,27
53,13670,4,,1,245833.60909408517,34
74,19083,2,,5,324328.04766366305,13
0,168,0,,0,109451.03782746162,23
34,7759,0,229.0,1,273668.1661394873,53
42,7651,1,,1,193605.7772848777,119
33,7976,5,,0,215649.3756794293,10
39,10418,9,900.0,1,395402.9602870648,7
37,5288,0,1937.0,3,159623.08159881574,90
66,10573,1,1322.0,3,172845.8965445428,99
39,8647,0,810.0,0,302203.0251771902,160
2,629,1,,0,116775.28557654136,27
24,4860,1,80.0,0,341698.9327071345,44
0,168,0,,0,61670.348212316,23
52,11217,1,2300.0,1,286233.9949024883,85
6,1437,3,,0,132219.72921689914,23
31,7010,5,4508.0,3,184191.10086742984,66
5,1564,0,540.0,0,114878.83071256294,6
21,5731,0,,1,149729.89486962778,42
1,290,0,,0,113047.96588658296,27
2,469,0,,0,198415.9899538452,27
35,7715,4,990.0,0,178252.34524438344,19
2,469,0,,0,155802.45351011286,27
9,1892,0,,0,150119.14912895506,27
2,475,0,,0,147317.0056385009,23
35,7715,4,990.0,0,266349.80037839443,2
21,5731,0,,1,164137.1515048191,42
0,168,0,,0,94632.3377253808,23
1,264,0,,0,133891.68833887926,1
2,629,1,,0,193482.21002197656,62
33,7976,5,,0,250913.7594629657,10
53,13670,4,,1,184273.9641962805,25
31,6137,4,,0,90312.06659624475,46
34,7759,0,229.0,1,182459.7742589571,53
5,1564,0,540.0,0,131405.86688404935,6
1,264,0,,0,183809.3271139021,1
19,3806,4,,0,326188.4247092261,103
5,1564,0,540.0,0,139794.60982508966,6
38,4788,2,,0,219765.0281427781,67
14,3369,24,4129.0,0,316102.86893736344,103
25,5648,1,30.0,2,191744.61540830295,9
2,629,1,,0,105571.6778330243,27
22,4789,2,4087.0,4,173792.63752619346,84
30,5048,9,325.0,2,171848.00972625805,79
30,6207,1,1183.0,1,273388.9941784799,28
46,7960,6,350.0,3,245700.4517101679,32
25,3478,11,2729.0,3,187370.28835828623,105
23,4583,3,,3,156261.3111624785,47
5,1564,0,540.0,0,217304.111076728,6
0,168,0,,0,65547.07184607298,23
1,264,0,,0,158541.33648451636,1
11,3097,0,,0,151261.7772444335,27
5,1564,0,540.0,0,183591.206261444,6
25,4756,16,2857.0,5,147258.73661700048,0
5,1564,0,540.0,0,219518.2128154324,6
5,1135,0,,0,128961.99777446006,62
1,264,0,,0,250381.5807799448,1
30,6207,1,1183.0,1,260791.87391463155,28
42,9292,3,2620.0,0,388441.78372356365,7
16,3433,4,2643.0,4,196094.77599743105,5
23,5067,4,,2,214352.80445679015,56
1,264,0,,0,141483.4418660463,1
66,10573,1,1322.0,3,177830.97474172458,122
1,264,0,,0,140358.3354323425,1
22,3151,4,2715.0,3,198411.1202589209,145
33,7425,1,,2,174476.79668110516,2
1,264,0,,0,160688.71234787873,1
33,8667,2,,0,72061.6390288583,94
5,1564,0,540.0,0,138246.24846564632,6
2,629,1,,0,127164.21180643476,27
2,475,0,,0,69281.00334288288,23
1,264,0,,0,172917.48247573385,1
53,13670,4,,1,319145.6942494532,34
17,2810,9,4849.0,3,247894.5569511873,133
2,629,1,,0,250187.8247281385,62
20,2738,20,,1,433346.4191603576,208
38,4788,2,,0,223707.5120011349,83
9,1892,0,,0,77007.28746158438,27
0,168,0,,0,117874.72756752063,23
5,1564,0,540.0,0,133552.37211194716,6
34,7759,0,229.0,1,286784.1058254504,53
34,7065,1,750.0,2,115663.95850689716,52
5,1564,0,540.0,0,176104.69886874792,6
47,11319,0,1145.0,3,188079.820666708,46
36,5992,0,,1,184146.19641111,11
23,5212,6,,3,375544.2135887824,45
28,7287,5,320.0,1,171309.74574659008,37
42,7651,1,,1,269852.4951175349,119
11,2370,0,,0,315493.70142350515,9
26,4439,1,1130.0,1,174651.8780371676,47
4,915,0,,0,109180.93026970376,27
24,5613,5,1340.0,2,171339.02739459314,129
25,5011,8,730.0,0,199937.0926306496,39
25,5487,3,,0,196364.23842869783,21
49,11395,3,1406.0,3,477797.3556409975,13
46,7960,6,350.0,3,474500.5855912774,111
53,13670,4,,1,325473.4620905085,34
47,8004,3,125.0,3,209570.8260858332,21
32,5889,10,830.0,4,514137.3387714418,31
5,1564,0,540.0,0,224563.8845425673,6
33,6783,3,,1,454518.3774987824,69
1,264,0,,0,140010.54914804688,1
53,14892,4,,1,377588.1634782913,96
33,8667,2,,0,229429.1216244007,94
22,6398,141,1046.0,3,203249.9634083933,30
38,4788,2,,0,178450.36755596995,67
52,10311,6,,1,233805.8487506346,61
1,264,0,,0,216806.32976429112,1
43,10621,1,30.0,2,162713.44967202522,3
35,5776,1,2078.0,2,135429.54035205697,55
28,6533,1,1015.0,2,271366.3518465911,101
6,1437,3,,0,115620.7307167496,23
37,7687,11,176.0,5,263780.3749025311,171
43,10621,1,30.0,2,247613.57966800212,93
49,11395,3,1406.0,3,182124.17924474328,57
52,10311,6,,1,255449.0554903325,176
49,11395,3,1406.0,3,172556.83090026278,57
42,7651,1,,1,181529.80185820203,22
16,4048,3,,1,183343.0759237648,47
20,2738,20,,1,328017.73904424155,173
53,13670,4,,1,305689.83352704096,25
0,168,0,,0,189600.2734099268,23
26,3889,6,705.0,3,464351.2821205338,63
6,1437,3,,0,111587.84788012091,23
53,14892,4,,1,321132.5493379427,27
46,7960,6,350.0,3,310887.9118334819,32
21,4346,2,165.0,1,151069.4758724529,8
39,10418,9,900.0,1,408260.9935107529,2
9,1952,1,1430.0,3,147584.98830430445,58
29,6566,7,1894.0,4,268708.71692857874,139
0,168,0,,0,93723.44971788494,23
53,13670,4,,1,199916.42861962251,25
27,5664,48,2300.0,3,203548.37675382284,95
23,5735,3,1084.0,0,103698.39668553347,58
2,629,1,,0,108871.95725692804,27
52,11217,1,2300.0,1,256683.667249032,85
2,629,1,,0,126210.11454756184,27
2,629,1,,0,143287.01834503392,27
5,1564,0,540.0,0,147028.4054514933,6
46,7960,6,350.0,3,232872.4736133856,32
24,4378,0,1036.0,1,289185.6414617484,44
25,6149,0,,0,183435.8411231741,94
29,6566,7,1894.0,4,218077.91176690915,75
5,1564,0,540.0,0,223834.43542290165,6
5,1564,0,540.0,0,151179.6341799547,6
43,10621,1,30.0,2,200417.45226930763,3
27,5148,14,1575.0,5,156983.5435234558,144
66,10573,1,1322.0,3,265016.1720239,122
47,8004,3,125.0,3,91660.87768353496,21
23,4583,3,,3,199345.3249178708,47
23,5735,3,1084.0,0,149632.48257325907,58
5,1564,0,540.0,0,162571.83353576384,6
6,1437,3,,0,78213.74012918031,23
36,6714,2,2672.0,0,239534.79207111648,26
2,469,0,,0,256736.77875671285,27
74,19083,2,,5,253129.6491548424,12
16,3433,4,2643.0,4,253675.4638399005,5
39,7614,3,,1,408096.4012791789,70
11,3097,0,,0,107988.81165198128,27
5,1564,0,540.0,0,158358.90378415777,6
5,1564,0,540.0,0,184089.85287072448,6
38,4788,2,,0,593452.1969782031,83
43,8429,3,,3,164912.48485570645,94
33,8667,2,,0,91325.36623524631,10
1,264,0,,0,210243.5058509893,1
11,3097,0,,0,192330.46148384575,27
1,388,0,,0,75312.31569213545,23
25,6149,0,,0,148786.01520752785,94
5,1564,0,540.0,0,126650.68637993648,6
2,469,0,,0,230319.6686974298,27
38,4788,2,,0,230628.87899949215,83
1,264,0,,0,166481.35088593382,1
43,7227,0,,1,127990.1510070614,83
50,12238,8,1970.0,2,363009.52982489526,66
2,629,1,,0,157624.84125668675,62
5,1564,0,540.0,0,132007.7499332701,6
25,4756,16,2857.0,5,244785.3447502624,147
1,264,0,,0,231354.9064873435,1
22,4625,11,3855.0,2,216373.20629186605,53
47,11319,0,1145.0,3,285774.65064218943,46
53,14892,4,,1,210166.2360562897,96
4,915,0,,0,107604.26944135423,27
34,7759,0,229.0,1,379135.5741692782,53
5,1564,0,540.0,0,194853.32915923384,6
6,1437,3,,0,132721.50561697944,23
6,1437,3,,0,260835.7683985671,74
22,6398,141,1046.0,3,142079.35282010376,30
34,7065,1,750.0,2,204462.98371957548,52
1,264,0,,0,147308.0003988719,1
23,5735,3,1084.0,0,188088.0525491288,58
5,1564,0,540.0,0,122381.65063638464,6
0,168,0,,0,62819.16765462549,23
5,1564,0,540.0,0,118665.84941254195,6
21,4472,6,1450.0,4,205710.56913676596,60
31,5569,0,,1,239628.4523112632,55
35,5776,1,2078.0,2,181197.701014608,99
1,264,0,,0,186016.2148776121,1
49,11395,3,1406.0,3,188071.91554177925,57
36,6714,2,2672.0,0,217739.57027246783,26
4,915,0,,0,199264.11997189865,27
31,6119,4,,1,293413.0033686879,29
33,5261,0,240.0,3,89915.71786611805,1
6,1437,3,,0,137057.73978187446,23
34,7065,1,750.0,2,164924.3145594019,52
33,6783,3,,1,200664.3686604464,69
8,1497,5,,1,252965.9185109534,36
24,5613,5,1340.0,2,181662.0822841103,150
27,5148,14,1575.0,5,299346.5441281653,97
26,4439,1,1130.0,1,160868.80967745476,8
53,13670,4,,1,145436.41864192422,25
53,14892,4,,1,143385.60716853902,27
30,6207,1,1183.0,1,231185.1064056696,22
35,5776,1,2078.0,2,380162.28605717386,99
50,12238,8,1970.0,2,278015.42143138073,66
16,3433,4,2643.0,4,195198.34351568104,5
6,1437,3,,0,120116.76188010864,23
36,6714,2,2672.0,0,295961.32541631995,26
5,1564,0,540.0,0,213678.2047740498,6
21,4346,2,165.0,1,172602.1898525142,78
43,10621,1,30.0,2,246071.30116498808,3
35,7715,4,990.0,0,195831.9832471625,74
9,1892,0,,0,100958.3386751251,27
50,12238,8,1970.0,2,131970.58363896926,66
26,4439,1,1130.0,1,213219.5220627629,8
30,5048,9,325.0,2,226468.30042587203,79
14,3369,24,4129.0,0,298194.50275338115,103
17,4017,7,800.0,2,164148.63191914186,142
21,5731,0,,1,221027.672384968,42
16,3893,27,,3,152656.51357058415,33
1,264,0,,0,194953.28054478567,1
19,3806,4,,0,184792.78592322773,45
42,7651,1,,1,116532.9012155469,119
23,5212,6,,3,200268.23954593547,177
25,4756,16,2857.0,5,343789.1884291933,81
2,469,0,,0,189244.2499086241,27
25,5648,1,30.0,2,143825.67718724356,9
34,7759,0,229.0,1,221299.46037679625,53
50,12238,8,1970.0,2,274720.1181590791,66
11,2748,1,,0,214988.79754148412,9
5,1564,0,540.0,0,213692.8305824405,6
27,5148,14,1575.0,5,188707.73036791704,97
31,6137,4,,0,169181.01582185793,46
38,4788,2,,0,180730.83801749093,83
1,264,0,,0,204163.59016787008,1
2,629,1,,0,116391.728194021,62
17,3079,59,2890.0,0,486057.1298879909,195
23,5212,6,,3,412110.9045726709,45
23,3684,2,,0,479685.49020376,131
41,6558,7,1548.0,3,261605.39830081485,101
37,5288,0,1937.0,3,140783.77158117958,90
39,8647,0,810.0,0,237651.0493291444,80
32,6748,93,562.0,4,431701.9148291444,180
43,7227,0,,1,168701.11652720266,87
11,2370,0,,0,291448.089341883,9
26,3889,6,705.0,3,178800.27505139567,63
34,7759,0,229.0,1,242625.9646521004,53
26,4439,1,1130.0,1,241626.1496805088,8
46,9515,5,,1,271656.40422823554,48
2,629,1,,0,107666.8462054124,27
33,8667,2,,0,169740.25388773225,94
5,1564,0,540.0,0,128963.583494882,6
43,8429,3,,3,87120.30504723225,94
11,3097,0,,0,268394.74438870634,27
37,5288,0,1937.0,3,213001.5152692308,90
30,5562,0,,0,167143.75599768324,18
36,5992,0,,1,156717.72231392798,11
1,264,0,,0,179276.442630391,1
31,6119,4,,1,180526.6483975841,29
5,1564,0,540.0,0,205048.51231882788,6
37,7687,11,176.0,5,371472.13026920654,20
66,10573,1,1322.0,3,86954.72454139902,99
22,6398,141,1046.0,3,177829.81458693737,30
6,1437,3,,0,98079.4242137674,23
6,1437,3,,0,194614.6255796381,23
22,4789,2,4087.0,4,191814.83652426105,84
35,7715,4,990.0,0,146838.03685183893,74
23,5067,4,,2,467175.1178299959,56
22,3151,4,2715.0,3,242370.8401786715,90
35,7715,4,990.0,0,204550.5488981093,2
5,1564,0,540.0,0,131030.8475946144,6
36,5992,0,,1,293070.30755255965,11
2,469,0,,0,178467.11715107926,27
2,629,1,,0,154164.14676390757,62
53,13670,4,,1,259541.9085863816,34
41,6558,7,1548.0,3,221888.27953221,101
22,6398,141,1046.0,3,137739.04880357502,30
30,7538,87,4702.0,5,336584.1180920175,196
17,3079,59,2890.0,0,479525.1473231546,195
30,6141,10,262.0,3,193067.159413142,109
38,4788,2,,0,301835.15343206323,83
30,5285,0,645.0,6,179561.78029487486,84
18,3374,5,620.0,1,379723.1716414729,17
30,5048,9,325.0,2,207905.691008846,79
1,388,0,,0,94061.94357934452,23
25,4756,16,2857.0,5,198011.1623783481,147
21,5731,0,,1,169057.51252221875,15
33,7976,5,,0,236867.91638845816,10
43,7227,0,,1,178422.61944562497,67
2,629,1,,0,212734.0229551212,27
34,7759,0,229.0,1,171058.5197985668,53
35,5776,1,2078.0,2,153254.77219457398,99
5,1564,0,540.0,0,194696.67224931013,6
23,5735,3,1084.0,0,120833.42121211356,58
21,4346,2,165.0,1,88173.67118698527,8
31,6137,4,,0,274699.6682533445,46
6,1437,3,,0,228391.9941447645,74
1,264,0,,0,228782.7801262822,1
25,5648,1,30.0,2,139281.2710680427,9
33,8667,2,,0,450936.85915224615,94
22,4625,11,3855.0,2,228808.370815354,148
1,264,0,,0,169057.74797710506,1
18,3594,4,192.0,1,288455.11100915546,37
30,6564,1,,0,213349.41497640536,126
30,5285,0,645.0,6,225009.78409158933,84
5,1564,0,540.0,0,168514.4352964597,6
21,4231,14,1020.0,0,266008.97745097394,167
31,6119,4,,1,204490.19173971823,29
46,10309,1,240.0,1,263489.8763127011,47
39,10418,9,900.0,1,151480.68102963385,2
1,264,0,,0,78364.61670430844,1
30,5285,0,645.0,6,438708.7075787519,54
43,8429,3,,3,242739.8084180507,94
6,1437,3,,0,162138.80999114193,23
6,1437,3,,0,231056.4968468724,74
0,168,0,,0,99997.34658107474,23
31,6137,4,,0,224948.60131600717,46
16,3893,27,,3,223496.37282577984,33
8,1986,0,,0,216278.25895808035,9
6,1437,3,,0,183445.4437205474,23
53,13670,4,,1,332286.5448579127,34
2,469,0,,0,192458.67627189533,27
25,5011,8,730.0,0,158589.68460334514,39
36,5992,0,,1,218241.83125228595,11
30,6564,1,,0,172568.1540561243,91
22,6398,141,1046.0,3,190937.2940037405,30
42,7651,1,,1,179485.93103677806,119
0,168,0,,0,245417.8427718361,23
34,7759,0,229.0,1,295713.6807040384,53
5,1227,0,,0,80348.79022332607,27
23,4635,5,3300.0,2,362394.7851964582,70
31,6119,4,,1,264107.8689094786,112
41,6558,7,1548.0,3,108232.64761927968,101
21,5731,0,,1,179925.53274056094,42
30,5048,9,325.0,2,168429.89215802215,75
23,5735,3,1084.0,0,97808.44417692804,58
1,264,0,,0,146093.27836314918,1
11,2398,2,1994.0,3,204667.9276057856,72
26,4439,1,1130.0,1,182323.5774313817,47
34,7065,1,750.0,2,112257.52237397784,52
4,915,0,,0,188644.9077654829,27
1,264,0,,0,205626.86046176436,1
23,5735,3,1084.0,0,181063.8367236589,58
35,7077,56,2301.0,3,496978.3668680304,175
6,1437,3,,0,108228.02684470518,23
11,2370,0,,0,228090.1548134193,9
38,4788,2,,0,144995.61693467342,67
12,2270,23,2500.0,1,221778.9156553912,4
13,2514,19,,0,225204.16557364,126
2,629,1,,0,149404.835436355,27
6,1437,3,,0,165463.41249754364,23
30,6207,1,1183.0,1,183046.5347246097,22
8,1497,5,,1,187050.8977823947,36
30,6141,10,262.0,3,254084.5343963797,109
36,5992,0,,1,204758.36492548487,11
27,5664,48,2300.0,3,536020.2603444697,120
30,5562,0,,0,168708.74032030578,18
25,6149,0,,0,172966.86771030526,94
41,6558,7,1548.0,3,161842.79481792904,101
31,7010,5,4508.0,3,310305.07473267685,86
1,264,0,,0,193568.8542075688,1
17,4017,7,800.0,2,219823.02860156968,142
23,5735,3,1084.0,0,130799.83177440224,58
50,12238,8,1970.0,2,268138.67027573136,66
35,7077,56,2301.0,3,253077.2231201775,186
5,1564,0,540.0,0,145428.85153967395,6
35,5776,1,2078.0,2,223960.22961715184,99
22,6398,141,1046.0,3,164632.61643202088,30
23,4635,5,3300.0,2,400989.1936170312,111
33,7976,5,,0,286261.566898897,10
5,1564,0,540.0,0,114690.54345752344,6
46,10309,1,240.0,1,180452.27298863645,47
2,469,0,,0,175447.6641062779,27
28,6746,3,,1,190891.0935516016,78
18,3374,5,620.0,1,230583.75964796465,17
1,264,0,,0,213894.7557263049,1
5,1564,0,540.0,0,144948.61111017747,6
5,1564,0,540.0,0,150469.93559038368,6
33,5261,0,240.0,3,174686.59545084607,1
6,1437,3,,0,161140.9484045371,23
26,3889,6,705.0,3,390721.2835383688,63
39,10418,9,900.0,1,158375.47545566742,2
29,6566,7,1894.0,4,118900.63481299506,75
5,1564,0,540.0,0,266657.95580631524,6
31,6119,4,,1,165829.6855991276,105
39,10418,9,900.0,1,213661.2124589616,7
4,915,0,,0,118594.79935452835,27
19,3806,4,,0,286745.9731113424,161
47,8004,3,125.0,3,193429.0514859078,21
23,5212,6,,3,223082.1962862076,138
32,5889,10,830.0,4,326881.1456472509,103
27,4798,0,30.0,2,241391.3435816228,128
53,14892,4,,1,306423.124243143,96
30,5285,0,645.0,6,625820.0411778279,54
4,915,0,,0,106522.17390830358,27
25,4756,16,2857.0,5,339228.82376365724,0
30,6207,1,1183.0,1,176949.95339026485,28
1,264,0,,0,188059.5950764543,1
74,19083,2,,5,191773.82843002668,12
19,3806,4,,0,223101.97001867765,45
39,7614,3,,1,169471.51109127206,62
25,5648,1,30.0,2,182427.13244579488,9
24,4378,0,1036.0,1,171834.4073904175,44
47,8004,3,125.0,3,194332.249120304,21
30,5048,9,325.0,2,186255.865539034,75
33,6783,3,,1,387148.913440285,69
52,10311,6,,1,227219.61935280712,61
2,629,1,,0,117177.14327645738,62
25,4756,16,2857.0,5,160762.9293034566,0
30,6141,10,262.0,3,387360.8068404815,109
2,469,0,,0,230858.6027028361,27
1,264,0,,0,203074.6128288769,1
25,6149,0,,0,141139.73323952552,94
10,2277,2,1547.0,0,85314.24741513157,29
29,6566,7,1894.0,4,367189.5081864817,79
47,11319,0,1145.0,3,218409.26354496105,46
25,5487,3,,0,220643.01091435185,21
16,3893,27,,3,201549.9980774804,146
32,5889,10,830.0,4,425040.6942331803,31
9,1892,0,,0,130460.61148318036,27
6,1437,3,,0,250748.93809757772,23
53,13670,4,,1,186646.7691146619,9
33,7976,5,,0,354909.84368957585,10
1,290,0,,0,87573.12408159039,27
21,4346,2,165.0,1,162575.90507577494,8
37,5288,0,1937.0,3,181789.35859889397,90
35,7715,4,990.0,0,183947.13995427388,19
18,3594,4,192.0,1,232617.5996853599,169
25,4756,16,2857.0,5,173146.32396793933,0
1,264,0,,0,187086.9027938381,1
5,1564,0,540.0,0,170873.73453578653,6
21,5731,0,,1,166120.04326790813,15
23,5212,6,,3,214654.8422859141,138
25,3478,11,2729.0,3,225413.29547119644,105
6,1437,3,,0,110644.85720350964,23
46,9515,5,,1,524365.5507054054,48
2,629,1,,0,189331.6452634585,27
25,6149,0,,0,154881.82212046222,93
17,4017,7,800.0,2,386269.7294076919,33
13,2514,19,,0,127119.13657774848,164
39,7614,3,,1,242203.271976724,70
47,8004,3,125.0,3,211598.02661819145,21
37,6856,84,1940.0,2,260449.03819660304,4
2,629,1,,0,124618.89335588909,62
43,8429,3,,3,312380.3312687945,191
21,4472,6,1450.0,4,213169.4442852474,170
1,264,0,,0,138925.37126371247,1
6,1437,3,,0,158591.79176787275,23
25,5648,1,30.0,2,125012.31473021784,9
25,5648,1,30.0,2,183976.84002108505,9
6,1437,3,,0,195389.936836752,74
53,13670,4,,1,324778.032160198,34
53,14892,4,,1,204936.46967186464,93
34,7065,1,750.0,2,220191.3220737645,74
9,1892,0,,0,112606.58700140336,27
4,915,0,,0,114012.10341382783,27
50,12238,8,1970.0,2,272415.7526405691,24
25,4756,16,2857.0,5,269840.53341917315,147
30,5285,0,645.0,6,204205.65487360288,84
27,5664,48,2300.0,3,233171.22860968648,168
9,1892,0,,0,119817.44845668125,27
34,7065,1,750.0,2,159112.03456969274,52
18,3746,9,75.0,3,84808.02943289706,143
2,629,1,,0,208033.09556695065,62
5,1564,0,540.0,0,137597.60145825628,6
25,5648,1,30.0,2,238084.2083015009,9
6,1437,3,,0,197201.50184691,23
32,5889,10,830.0,4,422447.85094452905,31
31,7010,5,4508.0,3,167656.6690561749,86
3,760,1,,0,214930.02323762025,1
47,8004,3,125.0,3,129466.24278121088,21
0,168,0,,0,92116.94206364464,23
66,10573,1,1322.0,3,267866.07271557703,110
52,11217,1,2300.0,1,383458.5294807488,85
33,7976,5,,0,141753.84522751145,10
30,5285,0,645.0,6,397618.124120735,54
5,1564,0,540.0,0,132023.09688893743,6
30,5562,0,,0,180781.6643517592,145
8,1986,0,,0,62126.66561869497,9
74,19083,2,,5,324528.90581351594,13
37,5288,0,1937.0,3,143405.91058753242,90
5,1564,0,540.0,0,112872.99547911723,6
43,8429,3,,3,197723.410721421,88
30,6207,1,1183.0,1,132053.1012323673,28
17,4017,7,800.0,2,210345.04827273515,114
25,4724,2,1308.0,1,286353.07296662603,44
25,5011,8,730.0,0,158696.6761472464,39
21,5731,0,,1,191936.6433693856,15
21,4472,6,1450.0,4,291530.469084502,170
31,6137,4,,0,207287.9180597448,46
21,4231,14,1020.0,0,299177.50263524376,167
43,7227,0,,1,175424.96122363512,67
19,3856,10,,2,297382.79486847564,79
42,9292,3,2620.0,0,324910.7586438944,7
31,6119,4,,1,152851.63258708498,29
35,7077,56,2301.0,3,352568.9502215272,186
30,6564,1,,0,115532.23589897231,91
16,3893,27,,3,232766.1876976961,151
34,7065,1,750.0,2,161446.32710487652,52
2,629,1,,0,167559.26183364177,62
25,5648,1,30.0,2,277786.01560958644,9
24,4378,0,1036.0,1,160587.24042441437,44
36,6714,2,2672.0,0,194385.6963766381,111
4,915,0,,0,113430.1896267908,27
22,3151,4,2715.0,3,258636.098929752,90
6,1437,3,,0,223132.08528391173,23
27,5148,14,1575.0,5,246200.26692516648,144
38,4788,2,,0,186290.42796915528,67
2,629,1,,0,222850.17756250425,27
25,4756,16,2857.0,5,221660.2517706254,0
6,1437,3,,0,165615.06408697015,23
5,1564,0,540.0,0,138127.07439329827,6
1,264,0,,0,236242.8795958521,1
52,10311,6,,1,153826.9121213835,61
22,6398,141,1046.0,3,165574.67536325578,30
1,264,0,,0,143194.06880385385,1
0,168,0,,0,92855.41032251944,23
25,5648,1,30.0,2,231537.8311706056,9
29,6566,7,1894.0,4,291851.4435075565,124
31,6119,4,,1,194564.19790859663,29
1,264,0,,0,147308.5813936068,1
1,264,0,,0,150371.0704287088,1
53,13670,4,,1,279097.8845113828,34
41,6558,7,1548.0,3,137505.343314408,192
19,3293,16,628.0,3,227334.14947813065,121
10,2277,2,1547.0,0,185083.53414135645,29
16,3433,4,2643.0,4,158433.1687747096,5
74,19083,2,,5,335795.5688378389,13
1,264,0,,0,200961.50500543453,1
25,5648,1,30.0,2,176731.4317498077,9
5,1564,0,540.0,0,192711.526271448,6
0,168,0,,0,75695.82624148231,23
36,5992,0,,1,141958.4362855106,11
27,5148,14,1575.0,5,230227.0776680521,144
2,629,1,,0,198697.49675990487,27
1,388,0,,0,103138.34827961586,23
25,5027,4,46.0,1,513832.46769021935,109
11,2748,1,,0,88295.67736026115,58
33,8667,2,,0,362635.6289293141,94
34,7065,1,750.0,2,194873.9043350169,74
2,469,0,,0,196920.4823093089,27
47,8004,3,125.0,3,213426.1117529717,21
2,629,1,,0,227866.3504896008,27
2,469,0,,0,129728.47536825437,27
46,7960,6,350.0,3,355123.9509977344,64
2,469,0,,0,194147.4671821566,27
43,7227,0,,1,252984.7568707173,87
53,13670,4,,1,287251.5776202081,25
37,5288,0,1937.0,3,229145.85803702247,90
1,264,0,,0,315753.0382746459,1
1,264,0,,0,163817.76912578323,1
23,3684,2,,0,279522.90808996954,31
6,1437,3,,0,118193.48979843048,23
23,4635,5,3300.0,2,283410.5701963009,111
8,1497,5,,1,459475.7714325232,176
31,6137,4,,0,253667.52188273828,46
25,5648,1,30.0,2,118059.0061214456,9
9,1952,1,1430.0,3,152555.76054157945,58
2,629,1,,0,132048.4686218547,62
42,9292,3,2620.0,0,316834.5311544474,7
52,10311,6,,1,287716.41393256054,61
1,264,0,,0,241964.7194694341,1
6,1437,3,,0,123092.73733464314,23
33,8667,2,,0,209976.10416261115,94
39,10418,9,900.0,1,261178.5297102896,2
21,5731,0,,1,137940.17978336403,42
1,264,0,,0,131542.01490960788,1
2,629,1,,0,152893.12968121015,27
25,5648,1,30.0,2,183433.6164935028,9
29,6566,7,1894.0,4,415837.17650176847,124
43,10621,1,30.0,2,151234.54920074035,93
36,10055,3,,1,244224.2330423805,41
74,19083,2,,5,134391.50563874922,57
37,6856,84,1940.0,2,185815.005349652,14
31,7010,5,4508.0,3,276313.74527308176,66
24,4860,1,80.0,0,413152.8766610739,44
43,8429,3,,3,166908.01374066313,88
25,6149,0,,0,201571.31086812148,94
2,475,0,,0,155529.56754102223,23
46,7960,6,350.0,3,279522.7374465121,64
2,469,0,,0,187244.01096897907,27
25,6149,0,,0,175661.06390313042,94
2,629,1,,0,221374.05729278224,27
9,1952,1,1430.0,3,149660.08240524848,58
22,3151,4,2715.0,3,163087.28015175904,90
5,1564,0,540.0,0,122922.18956406972,6
25,5487,3,,0,141024.31856828122,21
5,1564,0,540.0,0,219945.30464012647,6
42,7651,1,,1,180382.19663356265,119
5,1564,0,540.0,0,154119.3122533364,6
5,1564,0,540.0,0,128043.35578873364,6
16,3681,73,1815.0,2,432546.12974062056,199
6,1437,3,,0,108638.63721369288,23
31,6137,4,,0,196465.56319405,46
2,629,1,,0,196743.3895965956,27
22,6398,141,1046.0,3,185618.9398853508,30
53,14892,4,,1,234296.84485487943,187
52,11217,1,2300.0,1,244045.71840063468,85
24,4378,0,1036.0,1,360202.41165075405,44
23,3975,8,770.0,2,161461.61438385732,100
37,7687,11,176.0,5,328320.5495741383,136
4,915,0,,0,110177.00649006404,27
22,6398,141,1046.0,3,220757.4892507646,30
17,3079,59,2890.0,0,243727.2666578907,43
0,168,0,,0,76497.78765370934,23
6,1437,3,,0,107583.46341865334,23
22,4789,2,4087.0,4,184713.76567607303,84
1,388,0,,0,70234.01940136062,23
42,7651,1,,1,377410.7521463676,119
34,7759,0,229.0,1,297336.5522180379,53
0,168,0,,0,93237.86125275688,23
39,10418,9,900.0,1,212466.43293438735,7
5,1564,0,540.0,0,130601.48684466012,6
1,388,0,,0,83099.55136946382,23
18,3374,5,620.0,1,202533.9706436298,17
53,13670,4,,1,317960.3445503854,25
26,3889,6,705.0,3,181842.46125624425,63
43,10621,1,30.0,2,180932.45617834016,93
1,264,0,,0,137162.60410607338,1
35,7077,56,2301.0,3,214874.48615919767,132
18,3374,5,620.0,1,441040.6639705683,69
35,5776,1,2078.0,2,96085.13327912576,11
9,1768,0,370.0,0,179460.88806062087,71
27,4798,0,30.0,2,338855.232637349,128
74,19083,2,,5,188965.10399555543,13
2,629,1,,0,202224.17313866303,62
39,10418,9,900.0,1,85622.93272237419,7
36,6714,2,2672.0,0,202179.28094936511,26
52,11217,1,2300.0,1,160923.49260868048,85
25,5648,1,30.0,2,149298.50460600833,9
52,10311,6,,1,295449.6884053218,61
1,264,0,,0,216635.9452302732,1
43,8429,3,,3,222506.37817705757,88
1,264,0,,0,138632.72675724304,1
46,10309,1,240.0,1,199513.69316975863,47
25,5011,8,730.0,0,169062.02506430628,39
23,3975,8,770.0,2,330434.22283352463,100
23,3975,8,770.0,2,187303.4343413828,100
27,5148,14,1575.0,5,165218.95837057635,156
1,264,0,,0,95400.49014995123,1
2,629,1,,0,265528.51561931823,27
39,10418,9,900.0,1,239768.68459702173,7
37,7687,11,176.0,5,281981.09390709066,20
50,12238,8,1970.0,2,179029.09549932886,66
2,469,0,,0,139470.38035792453,27
53,13670,4,,1,341982.2103798994,25
42,7651,1,,1,139400.08894951578,22
34,7065,1,750.0,2,167178.37655820776,52
19,3806,4,,0,153076.61623717906,45
36,5992,0,,1,244577.36209812397,11
25,5011,8,730.0,0,223945.61814121887,39
47,8004,3,125.0,3,158400.37567003706,21
9,1892,0,,0,116288.43545528143,27
24,5469,1,145.0,0,250434.86992014808,75
2,629,1,,0,141817.30820176573,27
37,7687,11,176.0,5,232372.1593281707,59
2,469,0,,0,137402.09252881786,27
53,14892,4,,1,235040.2319663037,96
53,13670,4,,1,259477.3031770998,34
37,7687,11,176.0,5,476109.866831753,59
24,5469,1,145.0,0,351021.79731139203,79
25,6149,0,,0,158095.6159476032,94
9,1892,0,,0,111643.65549821038,27
23,4583,3,,3,321871.2883971388,47
53,14892,4,,1,292697.9912734586,96
11,3097,0,,0,148315.41907418036,27
2,629,1,,0,139513.89825945615,62
53,14892,4,,1,251326.9642341633,27
0,186,0,,0,190949.2939983979,93
20,4386,14,,1,236550.81492953547,129
39,7614,3,,1,274234.676022338,62
53,13670,4,,1,328387.80056256545,9
21,5731,0,,1,306910.8496328251,15
5,1564,0,540.0,0,178456.97357523238,6
53,14892,4,,1,163489.3195359762,96
2,469,0,,0,135204.9085971638,27
25,4724,2,1308.0,1,167250.86304217865,44
23,3975,8,770.0,2,542015.6618386481,137
35,7715,4,990.0,0,242672.45281568723,2
1,264,0,,0,202706.09023931363,1
4,915,0,,0,140779.5867013037,27
4,915,0,,0,138396.98461170195,27
1,264,0,,0,284481.86169877724,1
5,1564,0,540.0,0,175065.5045996834,6
25,4756,16,2857.0,5,526817.5633390079,81
37,5288,0,1937.0,3,166288.68956534748,3
4,915,0,,0,157892.49954592626,27
24,4378,0,1036.0,1,229324.29029433016,44
14,3369,24,4129.0,0,233500.34139121076,141
1,264,0,,0,234015.73853720905,1
5,1564,0,540.0,0,215838.18674375192,6
28,7287,5,320.0,1,362108.4338133904,37
46,9515,5,,1,211825.30033364956,48
4,915,0,,0,147765.7705894851,27
11,3097,0,,0,180540.10274172813,27
20,2738,20,,1,249827.8365806364,173
22,4789,2,4087.0,4,151399.11746931289,84
25,4756,16,2857.0,5,167238.283327593,0
1,264,0,,0,218258.0341758367,1
34,7759,0,229.0,1,279968.5497083847,53
6,1437,3,,0,109303.83157595512,23
20,2738,20,,1,380399.2769976179,173
5,1227,0,,0,219744.96734922365,27
25,5648,1,30.0,2,210993.9670615708,9
34,7759,0,229.0,1,162639.90941222454,53
16,3893,27,,3,197111.11794110085,33
1,264,0,,0,167850.62055786973,1
1,264,0,,0,179032.66611623476,1
2,629,1,,0,143407.2485156964,62
5,1564,0,540.0,0,135482.02726585278,6
74,19083,2,,5,236258.5477390237,12
21,5731,0,,1,282322.9824508816,42
33,5261,0,240.0,3,139450.92630701596,1
1,264,0,,0,201553.2529287481,1
47,11319,0,1145.0,3,241097.75301031448,46
5,1227,0,,0,146171.43318971686,27
14,3369,24,4129.0,0,261125.669723942,161
6,1437,3,,0,124902.5557874368,23
31,7010,5,4508.0,3,347508.6247824859,86
11,2748,1,,0,137297.63590036024,58
1,264,0,,0,174397.9528766435,1
74,19083,2,,5,89997.30871454864,13
2,629,1,,0,180325.76601073227,62
23,5735,3,1084.0,0,169528.8966643253,58
5,1564,0,540.0,0,144283.35665442204,6
50,12238,8,1970.0,2,217526.53457591712,24
17,3379,9,100.0,0,104500.29432769342,162
32,6748,93,562.0,4,224091.1916900421,180
30,5048,9,325.0,2,236928.72317538605,75
0,168,0,,0,163790.37035207372,23
37,6856,84,1940.0,2,445728.0918786518,73
1,264,0,,0,156789.6319812106,1
8,1986,0,,0,275125.3191438448,9
34,7065,1,750.0,2,204216.47827045692,52
28,6533,1,1015.0,2,189473.4638535456,11
18,3594,4,192.0,1,178999.8230944986,169
11,3097,0,,0,113913.8291053344,27
18,3746,9,75.0,3,226129.5264396888,143
23,5067,4,,2,344406.4821863833,56
6,1437,3,,0,120374.63211368554,23
2,629,1,,0,67343.13387802825,27
38,4788,2,,0,239621.68076773683,67
34,7759,0,229.0,1,187992.360092786,53
17,4017,7,800.0,2,256535.0570997389,142
22,6398,141,1046.0,3,169717.49171276778,30
43,10621,1,30.0,2,185203.26749262543,3
1,264,0,,0,239974.7178754929,1
25,4756,16,2857.0,5,88871.75022974373,0
23,5067,4,,2,292859.6770277771,56
21,4346,2,165.0,1,402907.39050514007,8
2,475,0,,0,104300.8936089352,23
0,186,0,,0,197507.56592730887,93
25,5027,4,46.0,1,354114.65495713893,109
5,1564,0,540.0,0,192752.04348657085,6
27,4798,0,30.0,2,292148.2479993152,128
27,5148,14,1575.0,5,305421.67240076204,97
21,4472,6,1450.0,4,321488.5604491587,118
23,5735,3,1084.0,0,122670.47153604918,58
24,4378,0,1036.0,1,201994.89851177792,44
26,4439,1,1130.0,1,151959.71208966756,8
6,1437,3,,0,284488.5640507825,74
5,1564,0,540.0,0,130636.71051921212,6
31,7010,5,4508.0,3,331781.84172596066,86
25,4756,16,2857.0,5,190773.10600064468,179
43,8429,3,,3,293836.3788425565,88
6,1437,3,,0,155047.36309985848,23
27,5148,14,1575.0,5,222341.93249326013,132
1,264,0,,0,130365.45655916724,1
37,7687,11,176.0,5,243697.54513390013,20
5,1564,0,540.0,0,222487.6340104733,6
5,1564,0,540.0,0,120738.9379225169,6
33,5261,0,240.0,3,211669.1883185007,1
15,2787,2,520.0,0,526680.918603136,38
34,7065,1,750.0,2,137111.3481224868,52
26,3889,6,705.0,3,594565.2997696798,63
9,1892,0,,0,129512.69384757183,27
25,3478,11,2729.0,3,209399.2220287459,125
21,4346,2,165.0,1,396107.47863712296,8
22,6398,141,1046.0,3,180315.1908774707,30
50,12238,8,1970.0,2,117904.90417882426,66
74,19083,2,,5,343039.65615157795,13
46,7960,6,350.0,3,480684.26017267787,111
23,5212,6,,3,165911.1630485483,138
25,5027,4,46.0,1,387107.550204528,108
1,264,0,,0,167019.73361766554,1
22,6398,141,1046.0,3,197241.12388996888,30
17,3079,59,2890.0,0,215108.3188278832,134
25,5027,4,46.0,1,196257.45438693927,109
21,4346,2,165.0,1,179549.28651877298,78
25,6149,0,,0,139069.61416089998,93
1,264,0,,0,214608.94852157103,1
35,5776,1,2078.0,2,152186.3040361873,99
2,629,1,,0,149413.21068021213,27
30,6207,1,1183.0,1,268723.1576769648,28
31,5569,0,,1,185626.43031164983,55
1,264,0,,0,233523.19605924585,1
47,11319,0,1145.0,3,203657.9427821248,46
21,4231,14,1020.0,0,364020.41854424897,167
37,5288,0,1937.0,3,167300.0880975335,90
1,264,0,,0,162752.3333885782,1
53,13670,4,,1,268202.8885550532,25
1,264,0,,0,142843.98810948143,1
1,264,0,,0,147862.4060221021,1
6,1437,3,,0,166111.456185451,23
36,10055,3,,1,195619.43618580067,41
39,10418,9,900.0,1,211528.0606233873,7
53,14892,4,,1,171280.57220597155,96
38,4788,2,,0,248320.37391193773,67
22,4789,2,4087.0,4,294694.74132705765,84
66,10573,1,1322.0,3,223528.9825796605,110
24,4860,1,80.0,0,216660.1937709989,44
30,6207,1,1183.0,1,189212.7976444236,28
30,5285,0,645.0,6,274139.06587537576,54
30,6207,1,1183.0,1,226513.8899636938,28
25,5027,4,46.0,1,378901.9743161081,108
52,10311,6,,1,226015.0522068328,61
17,3079,59,2890.0,0,218414.67308743115,134
43,8429,3,,3,175412.16753499993,94
22,4789,2,4087.0,4,126701.79995070751,84
34,7065,1,750.0,2,186142.08714358576,52
39,7614,3,,1,182468.15245935923,62
25,4724,2,1308.0,1,230594.3331039057,44
38,4788,2,,0,200172.94773334856,80
36,10055,3,,1,400151.06890402327,41
30,5048,9,325.0,2,153566.60438739503,79
22,6398,141,1046.0,3,205978.53973848696,30
34,7759,0,229.0,1,359462.8243517439,53
36,10055,3,,1,203646.50426634925,41
2,629,1,,0,80331.10787143925,62
6,1437,3,,0,98243.4723141994,23
41,6558,7,1548.0,3,480940.0758387917,101
27,4798,0,30.0,2,122650.94908721956,128
11,3097,0,,0,137784.6048469188,27
1,264,0,,0,161434.87761022744,1
6,1437,3,,0,113789.56173836108,23
5,1564,0,540.0,0,190424.85295818944,6
36,6714,2,2672.0,0,397220.3147049583,26
9,1892,0,,0,302211.2608868957,27
31,7010,5,4508.0,3,455264.8826664848,86
36,6714,2,2672.0,0,287840.3924546103,26
39,10418,9,900.0,1,187809.6289319368,7
16,3893,27,,3,220435.55270614548,146
19,3806,4,,0,156006.81873484305,161
7,1660,39,1786.0,1,237513.6069274207,188
23,5067,4,,2,96083.99354908732,56
1,264,0,,0,135805.18159021332,1
22,6398,141,1046.0,3,192022.6846408205,189
53,13670,4,,1,275893.4197200652,34
31,5569,0,,1,335262.4125895629,55
9,1892,0,,0,145700.62016958132,27
6,1437,3,,0,210437.31622307227,23
52,11217,1,2300.0,1,295062.9734011698,85
33,5261,0,240.0,3,201063.12982512356,1
28,6533,1,1015.0,2,203027.218267343,11
25,6149,0,,0,132149.87869931542,93
43,8429,3,,3,177129.54753035112,94
25,5027,4,46.0,1,84747.82408300624,108
18,3746,9,75.0,3,259551.2910125627,143
46,9515,5,,1,468595.0390488088,48
53,14892,4,,1,312582.4759356877,96
5,1564,0,540.0,0,130953.10909572068,6
1,264,0,,0,273402.48784420226,1
46,9515,5,,1,206779.5720207908,48
28,6533,1,1015.0,2,262780.1653671185,11
0,168,0,,0,65608.07412895381,23
22,6398,141,1046.0,3,264800.43361132126,189
9,1892,0,,0,137825.67382191654,27
25,5648,1,30.0,2,130621.25619050262,9
6,1437,3,,0,162983.29395157692,74
0,168,0,,0,90834.35100767128,23
53,14892,4,,1,274302.84176548163,27
26,3889,6,705.0,3,85312.11075853548,63
25,5648,1,30.0,2,266056.176929213,9
36,5992,0,,1,263890.5824468184,11
39,7614,3,,1,340633.8126969049,70
47,8004,3,125.0,3,291544.4811657549,21
35,7715,4,990.0,0,215544.6891942117,2
52,10311,6,,1,193247.80147331167,61
30,7538,87,4702.0,5,482696.8299888612,157
6,1437,3,,0,124780.3917482172,23
6,1437,3,,0,159828.1200499483,74
2,629,1,,0,120069.42213256884,27
53,13670,4,,1,238217.710361066,25
66,10573,1,1322.0,3,199690.74952829035,119
1,264,0,,0,149677.9914540271,1
42,7651,1,,1,152784.68369458144,119
74,19083,2,,5,138458.8711067003,13
19,3806,4,,0,213654.1765274207,45
5,1564,0,540.0,0,127563.34407638593,6
6,1437,3,,0,101008.75528181175,23
23,5735,3,1084.0,0,136477.72431145306,8
35,7077,56,2301.0,3,266034.3947816079,163
36,10055,3,,1,293973.84543427767,41
30,5285,0,645.0,6,178860.59150720245,84
5,1564,0,540.0,0,129815.37136190989,6
0,168,0,,0,86633.32192294871,23
23,5212,6,,3,231737.2635386056,45
50,12238,8,1970.0,2,208053.6933161852,24
43,10621,1,30.0,2,203727.2572163929,3
31,5569,0,,1,248558.1784497048,55
37,5288,0,1937.0,3,194240.534503046,90
24,4378,0,1036.0,1,272097.7715649204,41
1,388,0,,0,105385.01936440164,23
25,5648,1,30.0,2,219577.83042153408,9
21,5731,0,,1,180946.6336837712,15
6,1437,3,,0,106323.01418309716,23
5,1564,0,540.0,0,153201.76785645695,6
13,2514,19,,0,356050.6974110829,164
5,1564,0,540.0,0,133166.01282622677,6
1,264,0,,0,139431.90925012634,1
43,10621,1,30.0,2,214254.5541423669,3
24,4378,0,1036.0,1,271050.0227536516,44
2,629,1,,0,113384.54220449766,27
11,3097,0,,0,147194.29799559445,27
5,1564,0,540.0,0,136316.54881323842,6
43,10621,1,30.0,2,170511.22057756878,93
0,186,0,,0,198524.44747128373,93
52,10311,6,,1,252355.6069306068,169
1,264,0,,0,168828.23200880145,1
2,469,0,,0,181108.6708313946,27
2,475,0,,0,129579.9286701652,23
6,1437,3,,0,256017.8137527494,23
27,5664,48,2300.0,3,208844.90250428085,130
22,6398,141,1046.0,3,64927.35871142701,30
6,1437,3,,0,162005.09611344655,23
50,12238,8,1970.0,2,188165.98765405925,66
49,11395,3,1406.0,3,167707.2845679715,57
52,10311,6,,1,210396.82223641803,61
9,1952,1,1430.0,3,170405.92695920749,58
53,14892,4,,1,223005.61655041896,96
5,1564,0,540.0,0,142811.25224903118,6
17,3079,59,2890.0,0,384184.61294484674,134
37,5288,0,1937.0,3,166750.6048079646,90
6,1437,3,,0,113252.74781045454,23
36,6714,2,2672.0,0,200379.4894835241,138
36,10055,3,,1,216385.6218100028,44
30,6564,1,,0,146833.1730439508,91
28,7287,5,320.0,1,263915.60928364296,37
34,7759,0,229.0,1,199988.23270257167,53
6,1437,3,,0,98362.99563488016,23
4,915,0,,0,122075.42629639432,27
5,1564,0,540.0,0,136562.34637427534,6
43,7227,0,,1,164872.17808526356,87
29,6566,7,1894.0,4,145803.82822648005,75
0,168,0,,0,66969.10112351821,23
24,4860,1,80.0,0,235776.14886593664,44
53,13670,4,,1,260051.7579922333,34
35,7715,4,990.0,0,156647.13097834267,59
2,629,1,,0,139132.44586368336,62
46,10309,1,240.0,1,247024.32172417676,47
0,168,0,,0,91775.32107626936,23
22,6398,141,1046.0,3,117454.05488752904,30
1,264,0,,0,246595.4431444425,1
28,6533,1,1015.0,2,207260.01639702133,101
47,11319,0,1145.0,3,164800.17419719,46
39,10418,9,900.0,1,216133.46386477145,7
2,629,1,,0,139012.87648175194,27
22,6398,141,1046.0,3,177914.7157883562,30
5,1564,0,540.0,0,146456.6459480883,6
1,264,0,,0,200932.350329152,1
8,1497,5,,1,314391.5758589316,36
43,10621,1,30.0,2,151353.30070655813,3
32,5889,10,830.0,4,150040.80511780802,31
32,5889,10,830.0,4,259233.30748759763,103
49,11395,3,1406.0,3,178471.1119338409,57
53,13670,4,,1,415453.7275124675,34
2,629,1,,0,225675.8288349252,62
39,7614,3,,1,252809.3823996293,62
31,6119,4,,1,206284.95489203333,105
30,5048,9,325.0,2,356722.473082328,75
29,6566,7,1894.0,4,260593.9622761759,75
23,5212,6,,3,282454.65735368576,45
4,915,0,,0,112207.53932011608,27
25,5487,3,,0,181779.72035129264,21
53,13670,4,,1,350021.3868254705,9
2,629,1,,0,204607.9119496668,27
31,6137,4,,0,359056.4428112082,46
36,5992,0,,1,136599.43101502585,11
4,915,0,,0,110733.75059936188,27
28,6533,1,1015.0,2,157899.18254834678,101
15,2787,2,520.0,0,187421.70912963612,58
42,7651,1,,1,182694.67607451728,119
52,10311,6,,1,239552.3278671116,61
1,388,0,,0,105259.2137224098,23
1,264,0,,0,168401.9034575152,1
24,4860,1,80.0,0,358884.62591368647,44
14,3369,24,4129.0,0,181279.75260035388,95
74,19083,2,,5,248629.6690652353,13
37,5288,0,1937.0,3,183583.40179534603,90
6,1437,3,,0,116391.10283389312,23
37,6856,84,1940.0,2,573539.7019563065,73
9,1892,0,,0,96245.51614622868,27
24,5469,1,145.0,0,157562.1576956694,113
74,19083,2,,5,145857.43417776554,13
25,5487,3,,0,310719.6968227415,21
49,11395,3,1406.0,3,367223.3534186597,57
24,4860,1,80.0,0,178907.03309995035,61
25,5011,8,730.0,0,166071.89006637686,39
30,6207,1,1183.0,1,391390.26182442025,22
36,6714,2,2672.0,0,234884.02747541628,26
30,6564,1,,0,464543.4801483149,28
0,168,0,,0,91783.64323261924,23
25,4756,16,2857.0,5,286171.7784147811,147
42,9292,3,2620.0,0,89294.96899351143,2
26,4439,1,1130.0,1,151159.07430777643,8
35,7077,56,2301.0,3,221076.19512725665,163
5,1564,0,540.0,0,190048.2585299184,6
24,4378,0,1036.0,1,201895.8191116423,44
28,6533,1,1015.0,2,182214.41703176303,11
14,3369,24,4129.0,0,171709.5324406237,120
34,7759,0,229.0,1,229611.2441376421,53
25,5648,1,30.0,2,122173.24341749473,9
24,5613,5,1340.0,2,298957.1309468562,150
46,7960,6,350.0,3,235441.42863276173,111
23,5212,6,,3,151211.442386451,98
2,629,1,,0,203189.6361705761,27
19,3293,16,628.0,3,297720.313290514,121
6,1437,3,,0,151649.9711212688,23
6,1437,3,,0,161629.15875320745,74
2,629,1,,0,209714.93980432328,27
74,19083,2,,5,273947.2936789109,13
19,3293,16,628.0,3,110861.44872528256,134
22,4789,2,4087.0,4,311640.0619635161,84
8,1497,5,,1,295553.17996266857,36
36,6714,2,2672.0,0,164367.9234294062,26
22,4625,11,3855.0,2,190238.63837665785,148
66,10573,1,1322.0,3,229661.9644160636,99
74,19083,2,,5,246196.0888625157,13
25,5648,1,30.0,2,149310.09819835823,9
17,4017,7,800.0,2,218458.4329067004,33
26,4439,1,1130.0,1,202131.2625618946,8
1,264,0,,0,270802.63649564463,1
11,3097,0,,0,151229.11765771938,27
2,469,0,,0,192308.7279386112,27
16,3433,4,2643.0,4,128758.093005163,5
2,469,0,,0,240645.0134685464,27
43,7227,0,,1,257783.6702755551,83
36,6714,2,2672.0,0,262995.48476032424,26
6,1437,3,,0,184896.1368951622,23
2,629,1,,0,265783.1209655207,27
47,11319,0,1145.0,3,167457.38256865845,46
35,7077,56,2301.0,3,254959.5538673809,60
6,1437,3,,0,166728.07020940213,23
22,6398,141,1046.0,3,236448.58001731648,30
1,264,0,,0,269295.3402883531,1
22,6398,141,1046.0,3,358656.7725417144,30
37,5288,0,1937.0,3,243600.6487906621,3
46,9515,5,,1,418817.004446064,48
5,1564,0,540.0,0,121825.10771693016,6
30,5285,0,645.0,6,210079.66895202376,84
2,475,0,,0,273307.2490927096,23
41,6558,7,1548.0,3,180026.27472052464,101
0,168,0,,0,131225.01747435462,23
30,6207,1,1183.0,1,202717.1746204752,22
1,264,0,,0,249063.80194817216,1
23,4583,3,,3,222907.7513803397,47
30,6564,1,,0,174349.01740647617,91
36,6714,2,2672.0,0,214439.61236821147,111
25,5648,1,30.0,2,275717.9809361376,9
41,6558,7,1548.0,3,292432.963597857,101
47,8004,3,125.0,3,240055.2793474645,21
53,13670,4,,1,190443.7236542221,34
2,629,1,,0,210750.38621592725,27
19,3293,16,628.0,3,219777.07338968164,121
10,2277,2,1547.0,0,170158.20055369954,29
28,6533,1,1015.0,2,142974.39817464075,101
46,7960,6,350.0,3,233599.1159750625,32
50,12238,8,1970.0,2,174918.16637485664,24
25,5011,8,730.0,0,148532.76014617903,39
3,760,1,,0,101924.28348283118,1
5,1564,0,540.0,0,169079.88108863262,6
42,9292,3,2620.0,0,275986.1180244924,2
2,469,0,,0,178431.3665928245,27
6,1437,3,,0,158694.33828508257,23
4,915,0,,0,102192.775958541,27
23,5212,6,,3,430244.25792268687,45
5,1564,0,540.0,0,206020.8096791159,6
35,5776,1,2078.0,2,226708.4079403192,11
9,1892,0,,0,207661.87079580888,27
16,3893,27,,3,170842.81733150684,33
2,629,1,,0,133721.1217146457,62
9,1892,0,,0,149782.29254658072,27
17,3379,9,100.0,0,453286.7648404656,167
25,4724,2,1308.0,1,348547.0765059305,44
46,10309,1,240.0,1,229163.89883713223,47
2,629,1,,0,193208.6130152475,62
26,4439,1,1130.0,1,158608.1062489614,8
29,6566,7,1894.0,4,152403.05258483446,124
4,915,0,,0,112741.9648063664,27
21,5731,0,,1,162194.8137813133,42
23,5735,3,1084.0,0,166809.66564165187,58
23,5212,6,,3,365391.0379398593,45
26,3889,6,705.0,3,158848.16897259234,63
25,4724,2,1308.0,1,286312.3892676643,37
25,5487,3,,0,368975.3489368432,21
33,5261,0,240.0,3,208128.6585291297,1
24,4860,1,80.0,0,329910.44783508946,61
6,1437,3,,0,118652.8958650819,23
5,1564,0,540.0,0,135164.78086817026,6
30,6141,10,262.0,3,169217.73274005795,26
34,7065,1,750.0,2,71608.280722419,52
24,5469,1,145.0,0,387845.7961878021,58
6,1437,3,,0,127298.6144362523,23
30,6141,10,262.0,3,173602.70862850035,109
1,264,0,,0,286808.8982953871,1
1,264,0,,0,198345.4336420184,1
28,7287,5,320.0,1,150018.55160553538,41
1,264,0,,0,241187.2261115308,1
53,14892,4,,1,150891.28635652663,128
4,915,0,,0,159797.94427250006,27
17,3079,59,2890.0,0,338317.8183033971,134
50,12238,8,1970.0,2,159921.44102007255,24
30,7538,87,4702.0,5,390535.4158607039,157
30,6564,1,,0,168109.64391686604,91
43,7227,0,,1,247923.16938811343,87
37,5288,0,1937.0,3,144018.5840420304,3
0,168,0,,0,87806.95719931941,23
31,7010,5,4508.0,3,278126.82349321287,86
26,3889,6,705.0,3,290320.8724619723,63
1,264,0,,0,259699.29771493527,1
53,13670,4,,1,206182.8391406605,34
18,3594,4,192.0,1,200428.0578977397,37
35,7077,56,2301.0,3,200424.05295395112,135
2,469,0,,0,141619.45906022165,27
25,4756,16,2857.0,5,149787.10433075693,0
9,1892,0,,0,98129.97678757556,27
27,4798,0,30.0,2,215723.70837090164,128
23,5067,4,,2,490169.7728107671,56
4,915,0,,0,111874.54996714396,27
31,6137,4,,0,185664.4005671588,46
12,2270,23,2500.0,1,168150.1103617163,4
12,2270,23,2500.0,1,198317.920494248,114
66,10573,1,1322.0,3,118629.68573048768,99
23,5212,6,,3,214595.46686507703,45
47,8004,3,125.0,3,197079.41347756144,21
34,7065,1,750.0,2,163088.78026012113,74
35,7077,56,2301.0,3,254023.54002891952,156
43,10621,1,30.0,2,88274.23201979902,3
29,6566,7,1894.0,4,143671.41691988747,75
23,5212,6,,3,417019.55705774185,45
46,10309,1,240.0,1,339782.21331546555,47
17,2810,9,4849.0,3,185878.37029917547,155
50,12238,8,1970.0,2,191423.40581808265,24
36,5992,0,,1,247249.090873168,11
29,6566,7,1894.0,4,186453.11160473505,75
41,6558,7,1548.0,3,162912.19087885498,11
25,6149,0,,0,162229.26090110542,94
14,3369,24,4129.0,0,240064.61710456977,120
49,11395,3,1406.0,3,277415.99303267826,57
34,7759,0,229.0,1,187099.38086149027,53
16,4048,3,,1,184301.27957792804,47
35,7715,4,990.0,0,186646.63780332071,59
1,388,0,,0,102837.71717560336,23
24,5613,5,1340.0,2,172357.5987264799,49
1,264,0,,0,190205.81873130388,1
1,264,0,,0,264213.55863060657,1
35,7715,4,990.0,0,153017.94491855532,19
25,3478,11,2729.0,3,203629.57253165,29
18,3374,5,620.0,1,239840.32324673067,17
25,5648,1,30.0,2,206198.281666216,9
2,629,1,,0,219223.2034156695,27
2,469,0,,0,184173.05360844824,27
31,6119,4,,1,180344.1641528418,29
43,8429,3,,3,91820.585612144,88
6,1437,3,,0,168381.12417950365,23
22,6398,141,1046.0,3,105921.01821045153,30
9,1892,0,,0,109577.99678794974,27
42,7651,1,,1,323796.2651073197,28
0,168,0,,0,114572.11942627946,23
25,5648,1,30.0,2,189988.8343799054,9
37,7687,11,176.0,5,524279.2401546735,59
30,6141,10,262.0,3,253399.89370127863,109
46,10309,1,240.0,1,205321.62054357227,77
36,10055,3,,1,199659.678032164,41
53,13670,4,,1,242848.6999394827,9
15,2787,2,520.0,0,437797.9266660924,38
25,5648,1,30.0,2,249049.7590691308,9
2,469,0,,0,137288.8286029397,27
47,11319,0,1145.0,3,66831.9943697657,46
17,3379,9,100.0,0,220414.15856675667,167
24,4378,0,1036.0,1,210694.8501062641,41
25,4756,16,2857.0,5,411442.8363471747,81
42,7651,1,,1,192993.25647502727,91
47,8004,3,125.0,3,144418.5360803177,21
5,1564,0,540.0,0,127068.21589272875,6
24,4378,0,1036.0,1,210944.1130212345,41
53,14892,4,,1,164223.49932271548,96
0,168,0,,0,120430.8706355342,23
74,19083,2,,5,368262.01542615576,13
42,9292,3,2620.0,0,505102.5379650004,2
20,4386,14,,1,211672.68392243687,92
46,10309,1,240.0,1,319240.30342226464,47
22,3151,4,2715.0,3,184778.47325243865,145
34,7065,1,750.0,2,130365.026869043,52
8,1986,0,,0,169372.16754177745,9
23,5735,3,1084.0,0,145198.81031396185,58
74,19083,2,,5,199338.2260300992,13
34,7065,1,750.0,2,152737.98484700854,52
43,8429,3,,3,177685.62748649114,94
22,6398,141,1046.0,3,125239.37940017716,30
31,6119,4,,1,142722.43240392837,29
30,5562,0,,0,210061.0815243353,18
22,6398,141,1046.0,3,183096.57730249545,30
25,5487,3,,0,178032.89265551206,21
6,1437,3,,0,158818.81557062425,23
25,5648,1,30.0,2,143235.98152799992,9
47,11319,0,1145.0,3,153924.16235180062,123
36,5992,0,,1,230387.66550946303,11
8,2423,1,32.0,0,122712.5311303349,47
35,5776,1,2078.0,2,140085.34958933765,99
46,10309,1,240.0,1,279593.62869825674,77
46,10309,1,240.0,1,174776.0316673406,77
31,6119,4,,1,154913.04854287536,29
53,14892,4,,1,177723.74136466318,96
31,6119,4,,1,180695.94932273027,29
9,1892,0,,0,164629.19084007578,27
30,5048,9,325.0,2,217125.3382154813,79
9,1892,0,,0,165121.0139572471,27
21,4346,2,165.0,1,212021.2582513829,78
23,5735,3,1084.0,0,175275.56998780175,58
2,629,1,,0,183643.17390371556,27
23,5735,3,1084.0,0,112394.50820713904,58
74,19083,2,,5,246103.408670882,13
49,11395,3,1406.0,3,137651.96566373846,13
24,5613,5,1340.0,2,166133.92716287528,49
33,7976,5,,0,212796.8082960361,10
11,2370,0,,0,230362.5418534128,9
2,629,1,,0,124727.43119879268,62
34,7759,0,229.0,1,262315.0973789846,53
2,469,0,,0,178776.87798956753,27
6,1437,3,,0,217974.69522332595,23
6,1437,3,,0,167878.0111575019,74
24,4378,0,1036.0,1,262758.8458457105,44
0,168,0,,0,74751.37094045969,23
47,11319,0,1145.0,3,232136.77840150337,46
2,629,1,,0,259915.4618968204,27
25,4756,16,2857.0,5,198633.62900969788,147
74,19083,2,,5,190087.9037815587,13
31,6119,4,,1,162082.33432511438,29
2,629,1,,0,207704.50739953923,62
25,4756,16,2857.0,5,130500.69785286723,193
31,6119,4,,1,179651.00371848038,29
43,10621,1,30.0,2,146350.79671894832,93
33,8667,2,,0,317621.4313824406,94
53,14892,4,,1,212008.68139878183,27
1,264,0,,0,264284.17942590825,1
24,4860,1,80.0,0,167161.765763376,44
53,14892,4,,1,173664.7384840965,96
74,19083,2,,5,164463.0395533964,12
46,10309,1,240.0,1,177599.76661965263,47
21,4346,2,165.0,1,181726.76398587693,8
74,19083,2,,5,226109.02754417557,57
4,915,0,,0,173394.19245999018,27
29,6566,7,1894.0,4,333932.62159937224,75
47,8004,3,125.0,3,152005.0825626729,21
46,7960,6,350.0,3,211301.00976707265,32
1,264,0,,0,197792.8781067581,1
18,3594,4,192.0,1,235516.4219305693,169
22,6398,141,1046.0,3,160137.6022856893,30
30,5285,0,645.0,6,437452.97146698966,54
31,5569,0,,1,311644.49226849154,55
49,11395,3,1406.0,3,205768.69195588704,22
46,10309,1,240.0,1,234024.62710592587,77
22,6398,141,1046.0,3,123564.44883735303,30
27,4798,0,30.0,2,302539.8811750922,128
1,264,0,,0,143516.11313283484,1
35,7715,4,990.0,0,72430.5884399969,19
23,5212,6,,3,183518.8369447461,177
33,6783,3,,1,386226.9081151345,19
36,10055,3,,1,75269.22182293552,41
26,4439,1,1130.0,1,205708.06918400055,8
25,5011,8,730.0,0,338046.6503102609,39
7,1660,39,1786.0,1,239493.00968045677,95
31,6119,4,,1,174962.63967931925,29
5,1564,0,540.0,0,136206.66678229775,6
2,629,1,,0,108040.95292472394,62
49,11395,3,1406.0,3,230531.0459806409,57
25,5027,4,46.0,1,542760.885926676,108
31,5569,0,,1,234891.1842470976,55
53,14892,4,,1,301732.1965241101,27
37,6856,84,1940.0,2,217398.2501271405,14
25,5011,8,730.0,0,143375.41391075213,39
21,4472,6,1450.0,4,246097.55284048367,130
22,4625,11,3855.0,2,210411.34434673013,53
43,10621,1,30.0,2,191091.9689723418,3
39,8647,0,810.0,0,253250.7341222307,80
5,1564,0,540.0,0,142065.03479488866,6
5,1564,0,540.0,0,189094.1616509403,6
5,1564,0,540.0,0,167148.08458903298,6
18,3594,4,192.0,1,297735.2549380177,37
2,629,1,,0,164754.4759083077,27
26,3889,6,705.0,3,216429.3211435749,63
25,5648,1,30.0,2,201524.56851770048,9
5,1564,0,540.0,0,229706.6850050141,6
22,4625,11,3855.0,2,351058.31136138673,106
19,3856,10,,2,556931.5399595639,124
31,6119,4,,1,231165.9633881455,112
8,2423,1,32.0,0,163127.10037800265,47
16,3893,27,,3,616857.1354640729,146
29,6566,7,1894.0,4,187990.40642504624,139
30,5285,0,645.0,6,155726.7554401308,0
26,3889,6,705.0,3,220719.57584965567,140
9,1768,0,370.0,0,136584.64399285972,57
2,629,1,,0,107566.83227637602,62
5,1564,0,540.0,0,154603.65911062024,6
5,1564,0,540.0,0,137389.03512766652,6
39,8647,0,810.0,0,197979.1047070552,160
23,5067,4,,2,348249.1226812334,56
30,6564,1,,0,273916.5693595586,28
37,5288,0,1937.0,3,196438.35518646333,90
1,264,0,,0,200728.4962794628,1
6,1437,3,,0,171878.67967713813,1
24,4860,1,80.0,0,194636.0257186577,44
31,6119,4,,1,239503.7273714993,29
23,5212,6,,3,416710.2417058315,45
30,5562,0,,0,186931.11178150197,18
50,12238,8,1970.0,2,329623.5895516644,24
9,1892,0,,0,142370.8772054661,27
52,10311,6,,1,290761.52806687326,61
6,1437,3,,0,103781.33055404648,23
46,7960,6,350.0,3,213393.44980063225,32
31,6137,4,,0,174604.209581904,46
49,11395,3,1406.0,3,291872.4137006557,57
4,915,0,,0,108652.99313567784,27
23,5212,6,,3,292327.0191237874,45
53,13670,4,,1,231496.4599393565,9
49,11395,3,1406.0,3,173907.49738753412,22
25,5648,1,30.0,2,232255.10548064037,9
25,5027,4,46.0,1,493265.91174141073,109
25,5011,8,730.0,0,191808.0751615406,39
66,10573,1,1322.0,3,172864.61181737806,99
27,4798,0,30.0,2,312926.6900570367,128
22,6398,141,1046.0,3,83754.89979670502,30
6,1437,3,,0,166683.80871116393,74
2,629,1,,0,117947.29433065502,62
34,7065,1,750.0,2,198873.1370258137,52
28,6533,1,1015.0,2,195426.35689975412,101
52,10311,6,,1,190428.71034081557,61
43,10621,1,30.0,2,143442.03363391658,3
49,11395,3,1406.0,3,280222.6092399807,57
37,7687,11,176.0,5,273703.361395633,20
74,19083,2,,5,218879.94247932645,12
36,5992,0,,1,183355.86239288465,11
22,6398,141,1046.0,3,399599.70248873264,30
22,6398,141,1046.0,3,190611.46443919337,30
1,388,0,,0,109873.36601963465,23
4,915,0,,0,106518.42161168413,27
6,1437,3,,0,159839.77854666085,23
39,10418,9,900.0,1,168504.9599109566,7
34,7759,0,229.0,1,170847.41676632906,53
22,4789,2,4087.0,4,200759.15503000663,84
14,3369,24,4129.0,0,341421.7918425962,120
23,5735,3,1084.0,0,145664.7081259782,58
49,11395,3,1406.0,3,257484.78307107676,57
28,6533,1,1015.0,2,178429.67526016632,11
26,3889,6,705.0,3,204610.6486302805,140
47,11319,0,1145.0,3,192744.31682748336,123
46,7960,6,350.0,3,189464.78134516423,64
43,7227,0,,1,320744.6317415241,67
35,5776,1,2078.0,2,178517.67552370887,99
29,6566,7,1894.0,4,214944.6195994289,124
53,13670,4,,1,245924.3619501161,34
50,12238,8,1970.0,2,200308.99761351585,66
0,168,0,,0,65932.03469957302,23
19,3806,4,,0,338563.50441538164,45
5,1564,0,540.0,0,168826.79111074618,6
17,4017,7,800.0,2,186441.5642114394,129
24,4860,1,80.0,0,261592.7749958396,44
13,2514,19,,0,130996.19622875082,127
35,5776,1,2078.0,2,147414.25865647508,11
46,9515,5,,1,291778.9267418421,48
30,7538,87,4702.0,5,268256.9666004584,157
1,388,0,,0,73940.5956653482,23
21,4346,2,165.0,1,406384.44520531216,8
25,5648,1,30.0,2,140371.21052947227,9
5,1564,0,540.0,0,136197.11720773744,6
25,5648,1,30.0,2,347736.96894256014,9
2,629,1,,0,247360.4669219403,62
47,11319,0,1145.0,3,168432.15295425337,46
39,7614,3,,1,270011.4837755971,62
19,3293,16,628.0,3,215851.426648743,134
2,629,1,,0,122609.32970300523,62
27,5148,14,1575.0,5,123799.48621616034,97
16,4048,3,,1,153187.39803990105,47
25,5648,1,30.0,2,198615.0204305936,9
31,6119,4,,1,184397.5880913237,105
25,5487,3,,0,429171.38939466345,21
23,5735,3,1084.0,0,121387.71128937096,58
23,5735,3,1084.0,0,145258.39542583725,58
30,6141,10,262.0,3,206441.7186973229,89
23,4635,5,3300.0,2,520238.7058689143,17
2,629,1,,0,178912.36908081267,62
42,9292,3,2620.0,0,334325.6439923818,56
21,4231,14,1020.0,0,221502.3494138832,107
34,7759,0,229.0,1,280212.2593519567,53
52,10311,6,,1,259310.8103828365,61
27,5664,48,2300.0,3,194253.0692088257,168
0,168,0,,0,73152.79890675332,23
53,13670,4,,1,320797.7023027956,34
43,8429,3,,3,163040.58587524435,94
30,5562,0,,0,242139.8408913777,18
43,10621,1,30.0,2,143913.84580076527,3
2,629,1,,0,146283.97778721724,27
53,13670,4,,1,276616.6784954175,34
11,2748,1,,0,147247.874311221,58
43,7227,0,,1,239443.83573310223,87
25,5648,1,30.0,2,227554.01693050613,9
36,10055,3,,1,301664.0786724052,41
37,5288,0,1937.0,3,189627.71982738856,90
5,1564,0,540.0,0,197613.62158448383,6
30,7538,87,4702.0,5,537979.6575089772,190
1,264,0,,0,131509.56362756682,1
25,5487,3,,0,162592.6528682412,21
1,264,0,,0,168420.66157056973,1
30,5048,9,325.0,2,182452.76475923427,79
22,6398,141,1046.0,3,120686.03112614574,30
2,629,1,,0,166803.35316122186,27
2,629,1,,0,168061.1086871632,62
25,5648,1,30.0,2,208690.31624196807,9
30,6141,10,262.0,3,117242.41811870402,109
74,19083,2,,5,175521.57590805631,12
15,2787,2,520.0,0,269128.3192101606,38
43,8429,3,,3,290791.32993908075,88
9,1952,1,1430.0,3,193637.6682590033,58
7,1660,39,1786.0,1,218071.67343984585,188
24,5613,5,1340.0,2,131026.30706501896,165
1,264,0,,0,142314.81385214106,1
1,264,0,,0,178227.69378824424,1
52,11217,1,2300.0,1,250971.66390366468,85
42,9292,3,2620.0,0,178464.25055760407,2
1,264,0,,0,218538.048236916,1
52,11217,1,2300.0,1,258719.2887083808,16
66,10573,1,1322.0,3,305857.99852488947,153
30,5562,0,,0,104946.73488355389,18
22,6398,141,1046.0,3,198786.77669702875,30
11,2398,2,1994.0,3,175652.67601761158,72
27,5664,48,2300.0,3,154170.21903409413,60
23,5212,6,,3,430371.9973376826,45
6,1437,3,,0,175066.7467009892,23
32,5889,10,830.0,4,437239.7726678808,31
53,13670,4,,1,192975.60293464412,9
27,4798,0,30.0,2,174360.761778179,128
6,1437,3,,0,116568.92078629333,23
25,3478,11,2729.0,3,194093.44474286927,105
27,5664,48,2300.0,3,402075.4310305312,120
42,9292,3,2620.0,0,202156.3818745409,2
23,5212,6,,3,247440.53060064916,45
5,1564,0,540.0,0,200159.58533000585,6
39,8647,0,810.0,0,202165.1190660943,160
47,8004,3,125.0,3,189856.43490475047,21
37,5288,0,1937.0,3,168110.07663047672,90
52,11217,1,2300.0,1,201428.7400055248,16
24,5613,5,1340.0,2,221225.41692132907,129
31,6119,4,,1,115651.35930630488,29
23,5735,3,1084.0,0,121120.32349497284,58
34,7065,1,750.0,2,302025.34904948703,74
13,2514,19,,0,245847.98100605945,127
25,4724,2,1308.0,1,308100.3605869021,44
66,10573,1,1322.0,3,239739.53554592063,99
2,475,0,,0,207007.9566626949,23
25,5648,1,30.0,2,87752.10759829,9
52,10311,6,,1,189919.82310134897,61
52,11217,1,2300.0,1,184898.4683219903,85
53,14892,4,,1,316947.1611766173,96
17,3079,59,2890.0,0,90314.5323433432,51
4,915,0,,0,136794.5800360356,27
22,4789,2,4087.0,4,162624.87216169786,84
22,6398,141,1046.0,3,162922.34754349364,30
46,9515,5,,1,222770.9814759745,48
6,1437,3,,0,192302.75194072496,23
31,6119,4,,1,328299.7511747447,105
16,3433,4,2643.0,4,253797.53949035628,46
33,6783,3,,1,494798.6603396621,69
46,9515,5,,1,190891.69391079916,48
34,7759,0,229.0,1,217632.3044771951,53
0,168,0,,0,105113.79391231904,23
66,10573,1,1322.0,3,183318.3612680505,99
28,7287,5,320.0,1,171231.5117790044,37
11,3097,0,,0,133106.3300730191,27
47,8004,3,125.0,3,159438.9208447826,21
2,629,1,,0,200239.08451318237,62
23,5735,3,1084.0,0,130980.39782340587,58
1,264,0,,0,98122.31637123215,1
23,5067,4,,2,414835.13248205057,56
11,3097,0,,0,207440.9004524149,27
25,5011,8,730.0,0,188182.63345567745,39
25,6149,0,,0,177282.643823766,93
66,10573,1,1322.0,3,314057.5163076268,122
27,5148,14,1575.0,5,161354.59925205688,144
1,388,0,,0,96840.00890563003,23
26,3889,6,705.0,3,284603.20225709124,63
25,5648,1,30.0,2,220558.54709449303,9
24,5613,5,1340.0,2,205370.57055287168,129
5,1564,0,540.0,0,126124.72648024053,6
30,6207,1,1183.0,1,138718.92203069196,22
36,6714,2,2672.0,0,203791.15566086,26
0,168,0,,0,91305.84235044567,23
53,13670,4,,1,254285.9106229129,34
21,4346,2,165.0,1,162693.9877576261,78
4,915,0,,0,153701.50192824498,27
41,6558,7,1548.0,3,240950.0915743752,101
21,4346,2,165.0,1,277001.79289840243,78
12,2270,23,2500.0,1,181919.91235111916,114
19,3856,10,,2,301210.0908977063,124
52,10311,6,,1,210115.3281386559,61
49,11395,3,1406.0,3,231285.9610467061,57
34,7065,1,750.0,2,164665.08241476724,52
33,7976,5,,0,204543.3223624686,26
5,1564,0,540.0,0,186649.3786813736,6
3,760,1,,0,92610.53638415605,1
34,7065,1,750.0,2,112882.72741787294,52
5,1564,0,540.0,0,136831.39002299038,6
32,6748,93,562.0,4,284884.95910378685,183
46,9515,5,,1,171040.7874907596,48
9,1952,1,1430.0,3,141620.05281605298,58
18,3594,4,192.0,1,183301.877175707,37
2,629,1,,0,170199.13181744874,62
22,4625,11,3855.0,2,257515.5143271809,53
33,6783,3,,1,382550.493076422,17
5,1564,0,540.0,0,138060.93794918538,6
2,469,0,,0,117419.37898874051,27
6,1437,3,,0,154565.2719404948,74
43,8429,3,,3,262742.5115185156,88
37,5288,0,1937.0,3,193584.53727448624,3
39,10418,9,900.0,1,257122.79083804492,7
26,4439,1,1130.0,1,84577.91866929721,8
1,264,0,,0,160828.53163097758,1
42,7651,1,,1,190510.69442402857,119
14,3369,24,4129.0,0,347550.76680882,103
5,1564,0,540.0,0,147082.6695234436,6
9,1892,0,,0,103615.17997012236,27
23,5067,4,,2,333567.0194159554,56
11,2748,1,,0,135963.50564820404,58
0,168,0,,0,71277.6557358711,23
46,7960,6,350.0,3,242957.80162312585,32
30,5048,9,325.0,2,306248.3005071705,75
28,6533,1,1015.0,2,184141.49177498737,11
28,6746,3,,1,163122.4056044012,8
2,629,1,,0,235475.0824203235,27
34,7065,1,750.0,2,181796.47620671164,52
5,1564,0,540.0,0,218500.7470407173,6
17,3079,59,2890.0,0,273567.8544740584,134
6,1437,3,,0,108540.19788445951,23
20,4386,14,,1,204858.5242379245,178
15,2787,2,520.0,0,374010.2671174932,38
5,1564,0,540.0,0,185088.4090283694,6
22,6398,141,1046.0,3,418817.4025384547,104
28,6746,3,,1,207423.8399098474,8
23,4583,3,,3,266994.2835755832,47
13,2514,19,,0,236026.44590876863,164
25,5648,1,30.0,2,150826.00382361055,9
25,5648,1,30.0,2,185325.8653495347,9
6,1437,3,,0,145255.444043028,23
18,3374,5,620.0,1,252599.52991919464,17
4,915,0,,0,153808.64270645208,27
2,629,1,,0,175178.53061696273,62
6,1318,1,200.0,1,277290.70505825744,1
24,5469,1,145.0,0,313755.989612161,58
5,1564,0,540.0,0,158138.55880784625,6
21,5731,0,,1,170629.09855514448,42
46,10309,1,240.0,1,128619.02812510885,77
49,11395,3,1406.0,3,212385.7714517288,57
23,5067,4,,2,421803.7487527664,7
28,6533,1,1015.0,2,151335.68839075402,101
2,629,1,,0,295412.6336009355,62
33,7976,5,,0,269755.5636442622,10
1,264,0,,0,196924.6075662979,1
11,3097,0,,0,122350.37713389534,27
0,168,0,,0,78339.00894161685,23
0,168,0,,0,124695.92179218883,23
31,5569,0,,1,277934.3597543377,55
2,469,0,,0,194205.1156902169,27
0,168,0,,0,86161.44185066284,23
34,7065,1,750.0,2,127586.99572199814,52
27,4798,0,30.0,2,165935.8102321358,128
21,5731,0,,1,125278.35291169993,15
52,10311,6,,1,368524.4700336848,61
6,2733,0,920.0,0,248381.1646970545,123
37,5288,0,1937.0,3,183490.32464657628,90
33,7425,1,,2,272380.72459388233,68
74,19083,2,,5,262892.37463105534,57
52,10311,6,,1,528256.6120419068,61
11,3097,0,,0,124345.245904579,27
36,5992,0,,1,152895.9326930084,11
33,7425,1,,2,165758.99852764636,2
1,264,0,,0,225119.88860384116,1
5,1564,0,540.0,0,151658.78490699115,6
2,629,1,,0,124349.82472804283,62
4,915,0,,0,140685.56774586404,27
25,5648,1,30.0,2,192713.63347675427,9
11,3097,0,,0,126277.10914829328,27
1,264,0,,0,202010.6725497584,1
39,10418,9,900.0,1,212068.8166191889,7
11,3097,0,,0,163063.2966427439,27
53,14892,4,,1,160720.92738687946,27
46,9515,5,,1,331990.5207611625,48
1,264,0,,0,262308.5477459107,1
53,14892,4,,1,238247.4214977755,149
1,264,0,,0,146271.1609819132,1
46,10309,1,240.0,1,261893.0473164325,77
27,4798,0,30.0,2,268429.84630691714,128
25,5648,1,30.0,2,166221.47021029654,9
2,469,0,,0,187714.31141011303,27
2,469,0,,0,221431.0000819052,27
22,3151,4,2715.0,3,266628.81478645216,90
5,1564,0,540.0,0,219909.3691192207,6
1,388,0,,0,83530.8319503985,23
30,5048,9,325.0,2,310275.65066472103,79
23,5735,3,1084.0,0,189158.6560769748,8
33,8667,2,,0,278970.7956278479,10
2,469,0,,0,195032.912180438,27
23,5735,3,1084.0,0,110295.35272089158,58
74,19083,2,,5,332768.1921716717,13
27,4798,0,30.0,2,250824.68706211817,128
0,168,0,,0,93636.19952094728,23
9,1892,0,,0,124265.93284961957,27
24,5613,5,1340.0,2,221709.2986257352,49
9,1892,0,,0,131231.77950390812,27
39,7614,3,,1,492691.9555677084,70
0,168,0,,0,67898.29126565855,23
33,7976,5,,0,194175.39511126452,35
30,6141,10,262.0,3,268711.92454986693,26
4,915,0,,0,122487.18914884672,27
6,1437,3,,0,168499.83512185368,23
22,6398,141,1046.0,3,167235.2154562828,30
2,629,1,,0,164996.05629593544,27
39,8647,0,810.0,0,284057.26871086395,87
2,629,1,,0,125977.3095357404,62
22,6398,141,1046.0,3,161778.2121939331,30
31,6119,4,,1,101178.92605623248,29
21,4472,6,1450.0,4,378929.8718320924,130
1,264,0,,0,259715.0999930594,1
53,13670,4,,1,208970.5397646567,25
23,5067,4,,2,360952.74960449454,56
2,629,1,,0,184907.14317085923,27
25,5648,1,30.0,2,277818.38959196623,9
34,7065,1,750.0,2,119472.14641360658,52
7,1660,39,1786.0,1,411691.5047664268,76
35,7077,56,2301.0,3,303394.09966395044,132
35,5776,1,2078.0,2,163882.0031222931,55
37,7687,11,176.0,5,389921.59987206775,20
31,7010,5,4508.0,3,257967.32218006192,66
6,1437,3,,0,166176.55791809937,23
22,6398,141,1046.0,3,80575.63416537174,30
46,9515,5,,1,471527.409281291,48
1,264,0,,0,248248.9355284477,1
0,168,0,,0,105059.2852248056,23
18,3746,9,75.0,3,383774.71564173687,137
30,5562,0,,0,253035.99253378875,18
25,5027,4,46.0,1,384475.37066090974,108
66,10573,1,1322.0,3,204254.12863805683,99
22,4625,11,3855.0,2,430767.107023346,148
4,915,0,,0,114306.55020583973,27
30,6141,10,262.0,3,395735.25315373065,109
5,1564,0,540.0,0,191145.7907022817,6
26,4439,1,1130.0,1,224325.7980532151,8
10,2277,2,1547.0,0,162119.6574951172,29
2,629,1,,0,167325.62029527454,27
1,264,0,,0,189422.76044784728,1
34,7759,0,229.0,1,167968.62867603885,53
1,264,0,,0,135368.92367768055,1
30,6207,1,1183.0,1,200019.01348140356,28
21,4231,14,1020.0,0,200664.90291561856,107
23,5212,6,,3,342533.34360191954,45
36,6714,2,2672.0,0,204576.4181813763,138
5,1564,0,540.0,0,119262.3770490484,6
23,3975,8,770.0,2,496995.4518855853,100
11,2370,0,,0,84791.06219884696,9
26,4439,1,1130.0,1,167585.35308891506,8
22,6398,141,1046.0,3,80536.16938169222,30
31,6137,4,,0,194054.37926763197,46
23,4635,5,3300.0,2,154955.8179698548,17
16,3433,4,2643.0,4,188350.645701868,5
2,629,1,,0,106827.78180414652,27
24,5613,5,1340.0,2,156234.7872788913,165
28,7287,5,320.0,1,243738.6663881022,37
21,5731,0,,1,260696.9388761257,42
6,1437,3,,0,119356.86913925424,23
2,629,1,,0,111912.3930399036,62
26,4439,1,1130.0,1,286488.1747090934,8
2,629,1,,0,120247.3905229482,62
1,264,0,,0,163498.9086544998,1
19,3856,10,,2,86354.04181262673,79
5,1564,0,540.0,0,145822.09803098673,6
53,13670,4,,1,318660.4396211301,25
6,1437,3,,0,170998.9105269124,74
5,1564,0,540.0,0,105055.1703987774,6
39,10418,9,900.0,1,389809.895616432,7
53,14892,4,,1,185002.9607077165,27
8,1497,5,,1,250434.0458276204,36
35,7715,4,990.0,0,165112.87010603384,2
53,13670,4,,1,398098.5468633629,34
52,10311,6,,1,341335.7053786348,61
16,3433,4,2643.0,4,428767.2643042946,5
39,10418,9,900.0,1,190558.75452908332,7
25,5027,4,46.0,1,560453.414813365,17
23,3975,8,770.0,2,223853.12227989984,100
27,5664,48,2300.0,3,363178.9334183295,60
5,1564,0,540.0,0,116981.44309922971,6
50,12238,8,1970.0,2,193420.4388260636,66
17,3079,59,2890.0,0,353681.84031937155,134
43,8429,3,,3,192951.5256254884,94
6,1437,3,,0,145247.013604606,23
43,10621,1,30.0,2,184778.9331839191,3
46,9515,5,,1,467773.3897594146,48
9,1892,0,,0,137392.5697612705,27
30,5562,0,,0,178043.48700581692,18
52,11217,1,2300.0,1,183465.3599695901,85
43,7227,0,,1,210227.063958415,67
25,4756,16,2857.0,5,161569.91587009438,0
37,7687,11,176.0,5,348780.3771623271,59
34,7065,1,750.0,2,163575.56101268946,52
43,8429,3,,3,209154.9976930531,88
23,3975,8,770.0,2,600903.8285622502,100
1,264,0,,0,254248.65611747548,1
11,3097,0,,0,144381.98099913108,27
1,264,0,,0,160181.04803127036,1
28,7287,5,320.0,1,88720.32491792992,37
17,3079,59,2890.0,0,280746.25984769897,51
6,1437,3,,0,109315.26119825468,23
1,264,0,,0,271505.0675456365,1
27,5664,48,2300.0,3,316908.45795712486,130
24,4378,0,1036.0,1,437758.2823649086,44
1,264,0,,0,180819.7677020108,1
36,5992,0,,1,147489.51278788972,11
43,8429,3,,3,208793.45650635543,94
53,13670,4,,1,315641.2056198834,34
30,6564,1,,0,160591.48271094394,126
25,5648,1,30.0,2,227573.48848082492,9
34,7065,1,750.0,2,179831.13662134274,52
6,1318,1,200.0,1,139370.94116349908,1
53,13670,4,,1,273516.27241360204,25
25,5648,1,30.0,2,201808.23946555503,9
1,264,0,,0,242243.0908385064,1
53,14892,4,,1,130879.5276612748,187
25,5648,1,30.0,2,129277.64144509476,9
33,8667,2,,0,167742.76087829028,10
2,475,0,,0,160902.85464953823,23
34,7065,1,750.0,2,113791.95072975432,52
23,5212,6,,3,238730.47548946703,45
9,1892,0,,0,112569.18476218711,27
43,7227,0,,1,178148.49086107555,87
34,7065,1,750.0,2,191073.27116334872,52
2,629,1,,0,142393.08464134447,27
31,6137,4,,0,278441.83676898,46
42,9292,3,2620.0,0,169647.90157018398,7
38,4788,2,,0,551921.207772904,83
47,11319,0,1145.0,3,218372.2261337873,46
12,2270,23,2500.0,1,334046.7219559981,4
30,5285,0,645.0,6,188402.9174176365,84
52,10311,6,,1,165369.27684996574,61
1,264,0,,0,212577.94154880644,1
28,6746,3,,1,185960.15314013223,8
22,3151,4,2715.0,3,178495.87866025214,90
23,5735,3,1084.0,0,72950.87087105995,58
2,629,1,,0,244604.21689201356,27
52,10311,6,,1,275564.09844261623,61
28,6746,3,,1,147057.29883614177,78
14,3369,24,4129.0,0,376419.535841873,120
4,915,0,,0,112236.13164735348,27
1,264,0,,0,199316.88348470756,1
22,6398,141,1046.0,3,189183.0000827871,30
5,1564,0,540.0,0,128710.47229302686,6
1,264,0,,0,174339.6910135817,1
23,5735,3,1084.0,0,395069.0726419405,8
1,264,0,,0,306428.78625142964,1
23,5735,3,1084.0,0,180721.9316352885,8
2,629,1,,0,111215.55726099791,27
35,5776,1,2078.0,2,241241.47467151613,11
27,4798,0,30.0,2,188804.23384223183,128
42,7651,1,,1,199113.3139085536,28
27,5664,48,2300.0,3,183431.4101605173,168
11,2398,2,1994.0,3,445074.9565519652,72
19,3293,16,628.0,3,255033.73085011725,104
43,7227,0,,1,221859.55451155055,87
34,7759,0,229.0,1,210298.91076160065,130
15,2787,2,520.0,0,413594.24746224494,38
22,4625,11,3855.0,2,283908.614180227,53
46,7960,6,350.0,3,196611.8156021105,111
23,5212,6,,3,172615.66150251255,26
34,7759,0,229.0,1,198692.79231187407,130
25,5011,8,730.0,0,227713.90732049692,39
2,629,1,,0,107147.60912497094,62
23,4635,5,3300.0,2,286341.22857139487,111
25,5487,3,,0,208314.07137789336,21
74,19083,2,,5,356962.1750505668,13
41,6558,7,1548.0,3,302642.74429545924,11
20,2738,20,,1,428928.8890049796,208
5,1564,0,540.0,0,123984.9984576984,6
27,5664,48,2300.0,3,374737.6586536649,95
2,629,1,,0,250727.263984844,85
6,1437,3,,0,167591.80428328633,23
5,1564,0,540.0,0,192023.0780385325,6
22,4625,11,3855.0,2,201307.9336491289,53
53,13670,4,,1,347575.89293021144,34
22,3151,4,2715.0,3,246745.7249251724,106
53,13670,4,,1,314648.9568059164,34
36,5992,0,,1,244105.8599157489,11
5,1564,0,540.0,0,167075.15116708382,6
23,5735,3,1084.0,0,250072.80346605985,8
39,10418,9,900.0,1,373291.3306123503,7
36,6714,2,2672.0,0,418932.1829844777,26
25,5011,8,730.0,0,173629.32110106118,28
22,3151,4,2715.0,3,286576.56023743923,90
53,14892,4,,1,155012.2077213257,187
1,264,0,,0,151215.18089961036,1
39,10418,9,900.0,1,250332.2281363649,2
31,6137,4,,0,157112.11956897727,46
5,1564,0,540.0,0,195493.30059477597,6
53,13670,4,,1,177754.085032503,34
28,6533,1,1015.0,2,173498.19442436117,101
6,1437,3,,0,129723.26943011144,23
74,19083,2,,5,184541.6284069896,12
2,629,1,,0,167544.24410576784,62
25,3478,11,2729.0,3,211455.72439534872,105
29,6566,7,1894.0,4,294520.6610111213,139
43,7227,0,,1,243328.50599299063,67
66,10573,1,1322.0,3,239422.8089197672,99
43,7227,0,,1,200409.66434084225,67
1,264,0,,0,135101.93884852098,1
2,629,1,,0,116368.71527480196,62
25,5648,1,30.0,2,207533.35266253568,9
31,7010,5,4508.0,3,177820.8230166711,86
34,7759,0,229.0,1,331938.91912688984,53
53,14892,4,,1,245334.6919220216,96
2,629,1,,0,315245.52105884696,62
31,6137,4,,0,201547.36138178865,46
52,10311,6,,1,258615.79361122104,61
17,4017,7,800.0,2,198695.14571371512,129
25,6149,0,,0,144421.38986242155,93
2,629,1,,0,233681.4723683616,62
2,629,1,,0,140129.28331843572,27
53,14892,4,,1,386301.97709448775,96
34,7065,1,750.0,2,218452.79370200387,52
33,7976,5,,0,251464.9568064864,10
29,6566,7,1894.0,4,147369.43963134027,75
1,264,0,,0,146037.54351653357,1
27,5664,48,2300.0,3,219100.7483370423,120
16,3681,73,1815.0,2,362991.3310248483,115
15,2787,2,520.0,0,204655.82663176671,113
33,6783,3,,1,381344.917832378,17
0,168,0,,0,64530.70276944661,23
25,5027,4,46.0,1,417268.8035412756,17
10,2277,2,1547.0,0,194076.43775869824,29
25,4724,2,1308.0,1,237414.11881464865,44
22,6398,141,1046.0,3,129198.86034235926,30
5,1564,0,540.0,0,174698.96405746826,6
30,6207,1,1183.0,1,160891.0738198456,28
5,1564,0,540.0,0,191205.27260844488,6
52,11217,1,2300.0,1,244361.5139880355,85
27,4798,0,30.0,2,238229.0240838835,128
2,469,0,,0,198730.68884152692,27
23,3975,8,770.0,2,241669.1367364589,100
52,10311,6,,1,183186.4124529985,61
22,4789,2,4087.0,4,281272.4366845185,84
5,1564,0,540.0,0,155981.39769924482,6
23,3975,8,770.0,2,90930.79841963504,137
74,19083,2,,5,179353.50296131548,13
24,5469,1,145.0,0,354783.0872116501,113
19,3856,10,,2,524131.64656816656,124
25,4724,2,1308.0,1,232586.75817568423,44
25,5027,4,46.0,1,467642.00832671096,89
37,5288,0,1937.0,3,193286.00375273364,90
30,5285,0,645.0,6,235946.8918478505,84
36,5992,0,,1,151026.15505087335,11
9,1892,0,,0,66242.60083788157,27
5,1564,0,540.0,0,85423.59112900743,6
25,5648,1,30.0,2,235852.74664220968,9
74,19083,2,,5,241068.9030449296,13
53,14892,4,,1,171460.99676625454,96
2,629,1,,0,99838.18687704254,27
25,5487,3,,0,149240.7341107218,21
5,1564,0,540.0,0,124480.61548060788,6
37,5288,0,1937.0,3,402216.5433613575,3
16,3433,4,2643.0,4,282277.50565607485,5
20,4386,14,,1,380689.4712641009,178
43,10621,1,30.0,2,137045.06462433076,93
37,6856,84,1940.0,2,179619.3554513593,14
25,5648,1,30.0,2,129781.34270768632,9
9,1892,0,,0,78119.88421182008,27
2,629,1,,0,103567.5138326922,27
43,7227,0,,1,195384.72297603625,67
18,3594,4,192.0,1,326786.67344659404,169
74,19083,2,,5,184648.5635306548,13
9,1892,0,,0,101776.64987692726,27
37,6856,84,1940.0,2,240474.0577516352,152
46,9515,5,,1,198493.96895581772,48
30,6207,1,1183.0,1,188075.0332177188,22
26,3889,6,705.0,3,239024.8971682637,63
53,14892,4,,1,148427.45183511532,27
19,3806,4,,0,196486.5745086641,45
1,264,0,,0,161634.19464600887,1
6,1437,3,,0,111728.61809770348,23
9,1892,0,,0,97494.67539860882,27
30,6141,10,262.0,3,408520.9583180653,109
6,1437,3,,0,208372.8321807588,23
42,9292,3,2620.0,0,339743.4659150859,7
28,7287,5,320.0,1,321152.7973959003,41
46,9515,5,,1,469123.88686543226,48
12,2270,23,2500.0,1,187288.00540843923,114
23,3975,8,770.0,2,442173.4755908744,100
9,1892,0,,0,95779.60868703338,27
16,3893,27,,3,300917.49992815393,33
37,5288,0,1937.0,3,267947.675854324,3
25,4756,16,2857.0,5,283974.77504653897,133
39,8647,0,810.0,0,241209.58115640355,80
47,11319,0,1145.0,3,316077.4226679836,123
41,6558,7,1548.0,3,206442.22881200063,101
35,7715,4,990.0,0,320070.4852376253,59
1,264,0,,0,261980.7465775541,1
2,629,1,,0,74403.55732934267,27
43,8429,3,,3,141468.240916559,94
53,14892,4,,1,170764.31960885052,27
24,4378,0,1036.0,1,142037.26642459634,44
2,629,1,,0,111077.69780398216,62
37,7687,11,176.0,5,298166.4132734777,59
15,2787,2,520.0,0,434949.39279888937,38
66,10573,1,1322.0,3,332722.9088667296,99
11,2370,0,,0,139162.56734467007,9
50,12238,8,1970.0,2,296550.5646429657,24
24,4378,0,1036.0,1,232379.3149739627,44
74,19083,2,,5,196082.47842509093,12
37,5288,0,1937.0,3,91329.60593935668,90
30,6564,1,,0,225782.8194870157,91
4,915,0,,0,136395.97428583336,27
47,11319,0,1145.0,3,224176.4754371344,46
11,2370,0,,0,195430.02481567409,9
18,3374,5,620.0,1,368177.4880485584,17
30,5285,0,645.0,6,431137.95163426455,54
23,4635,5,3300.0,2,213835.76005013596,111
46,9515,5,,1,328899.983912662,48
42,7651,1,,1,182752.5019754157,119
30,6564,1,,0,194439.94968986136,91
25,5027,4,46.0,1,236829.16924369583,108
37,7687,11,176.0,5,285165.89787956513,59
1,264,0,,0,210234.09393184143,1
43,7227,0,,1,168713.6324571926,67
24,5469,1,145.0,0,338474.7455861817,58
2,469,0,,0,129628.80431044842,27
5,1564,0,540.0,0,121189.93206048464,6
31,6119,4,,1,113050.22991409188,112
5,1564,0,540.0,0,221395.291614632,6
34,7065,1,750.0,2,177875.7037019106,52
30,6207,1,1183.0,1,154860.02700716446,28
6,1437,3,,0,144708.80130228758,23
43,8429,3,,3,207534.6590234661,88
31,6119,4,,1,177058.1307257502,105
46,7960,6,350.0,3,159383.98483226952,32
4,915,0,,0,153968.40540270868,27
8,2423,1,32.0,0,162818.7164109586,47
46,7960,6,350.0,3,409862.39574052056,32
30,5285,0,645.0,6,160694.58454774346,54
1,264,0,,0,219759.35301593665,1
33,7976,5,,0,195895.9832191407,35
23,5735,3,1084.0,0,118414.99840115511,58
53,14892,4,,1,154045.5697295504,96
1,290,0,,0,80178.57324565164,27
19,3293,16,628.0,3,205003.57688673653,121
53,14892,4,,1,172894.05975500876,96
36,6714,2,2672.0,0,338641.2402836293,177
22,6398,141,1046.0,3,203578.3619212029,30
38,4788,2,,0,232204.65654809072,67
22,6398,141,1046.0,3,126751.45108778682,30
0,168,0,,0,63839.10105138373,23
74,19083,2,,5,188395.63466612692,13
35,7715,4,990.0,0,328346.4375271223,2
27,5664,48,2300.0,3,272783.8796199872,130
35,7715,4,990.0,0,156736.45010808384,59
1,264,0,,0,181580.02428659957,1
37,7687,11,176.0,5,326174.1751906913,59
22,6398,141,1046.0,3,132039.42225783187,30
4,915,0,,0,139881.1926357559,27
21,4231,14,1020.0,0,447933.5570801573,107
15,2787,2,520.0,0,236093.1056323709,38
35,7077,56,2301.0,3,383565.6151195751,132
41,6558,7,1548.0,3,139657.14697670072,101
5,1564,0,540.0,0,137595.752932485,6
1,264,0,,0,212894.5475998681,1
53,14892,4,,1,235471.6524573881,96
25,4756,16,2857.0,5,208333.69385638068,147
50,12238,8,1970.0,2,249122.43960872607,66
53,13670,4,,1,188098.0475465941,25
30,6207,1,1183.0,1,189098.43001386672,22
34,7065,1,750.0,2,137341.5995198932,52
39,10418,9,900.0,1,71291.54616277714,7
23,4635,5,3300.0,2,243040.13769314004,111
74,19083,2,,5,194107.0221116977,13
22,6398,141,1046.0,3,131908.2114407888,30
22,6398,141,1046.0,3,102227.31317059993,30
42,9292,3,2620.0,0,512797.3734005682,2
30,5285,0,645.0,6,224757.9913985407,54
23,5212,6,,3,192084.1151677729,45
1,264,0,,0,221143.0921499077,1
34,7759,0,229.0,1,199166.19839241388,53
0,168,0,,0,102069.27074022224,23
4,915,0,,0,125387.98424417328,27
33,6783,3,,1,320532.7138504725,69
26,3889,6,705.0,3,280202.20153327525,63
25,5648,1,30.0,2,179144.8130739315,9
5,1564,0,540.0,0,147639.02886498734,6
2,629,1,,0,135613.0266570616,62
25,5648,1,30.0,2,173834.65371485846,9
28,6746,3,,1,170851.18046692546,8
6,2733,0,920.0,0,376746.4394810252,123
0,168,0,,0,130284.35197633068,23
34,7065,1,750.0,2,111578.39249433018,74
24,5469,1,145.0,0,202906.219573144,113
4,915,0,,0,96418.70117590172,27
30,5562,0,,0,195089.17474542235,18
30,5562,0,,0,241056.0422181488,145
74,19083,2,,5,181058.00757746148,13
46,7960,6,350.0,3,282595.0482116064,111
33,6783,3,,1,308962.6082799329,69
33,6783,3,,1,290669.1457436673,19
5,1564,0,540.0,0,173732.1387467272,6
43,10621,1,30.0,2,311756.18582742626,93
11,2398,2,1994.0,3,252551.9582572872,72
49,11395,3,1406.0,3,248095.79059810823,57
24,5469,1,145.0,0,156960.71172623485,113
23,5735,3,1084.0,0,152850.1336404857,58
1,264,0,,0,204348.19562516303,1
25,5487,3,,0,271788.0071933646,21
52,10311,6,,1,74222.11046534611,150
46,9515,5,,1,240710.8601978821,48
6,1437,3,,0,299563.85715687263,23
14,3369,24,4129.0,0,296586.1456525213,120
53,14892,4,,1,182642.3555182136,27
2,629,1,,0,240748.5817682702,27
4,915,0,,0,116722.02527604294,27
25,3478,11,2729.0,3,162635.0971419442,29
30,6207,1,1183.0,1,117729.448142729,28
21,4346,2,165.0,1,268419.6752799736,8
47,8004,3,125.0,3,157933.3597167861,21
38,4788,2,,0,242757.0004175871,67
20,2738,20,,1,426779.6757908049,173
53,13670,4,,1,85434.18782325336,25
25,4724,2,1308.0,1,195258.53581657572,44
0,168,0,,0,90020.30499318677,23
22,4625,11,3855.0,2,197515.76769628163,53
2,475,0,,0,166687.73582433807,23
36,10055,3,,1,226706.25161445863,44
9,1892,0,,0,88993.15543288397,27
4,915,0,,0,134173.53618725325,27
5,1564,0,540.0,0,155224.2276652908,6
34,7065,1,750.0,2,189484.631568234,52
39,7614,3,,1,104137.09191786412,70
0,168,0,,0,65379.95734475591,23
30,6141,10,262.0,3,151062.78038841294,111
46,10309,1,240.0,1,201323.773301427,47
43,10621,1,30.0,2,199556.8659052025,93
5,1564,0,540.0,0,129606.28290529863,6
9,1892,0,,0,91268.37773591458,27
33,6783,3,,1,380613.3739170898,69
33,8667,2,,0,100245.54034245512,94
28,6746,3,,1,153824.02047663243,8
24,5613,5,1340.0,2,307297.04684873496,129
1,264,0,,0,135862.43626486594,1
27,4798,0,30.0,2,302428.2814113376,128
30,5048,9,325.0,2,183619.2716326632,75
53,14892,4,,1,151909.6459149844,96
31,7010,5,4508.0,3,238608.6626828097,66
34,7065,1,750.0,2,183794.366241372,52
33,8667,2,,0,343995.10296205425,94
52,10311,6,,1,241284.69870009,61
42,7651,1,,1,214400.93941050424,119
1,264,0,,0,203425.9865439793,1
23,4635,5,3300.0,2,337684.95983058924,70
6,1437,3,,0,179772.35500744413,23
28,7287,5,320.0,1,192358.1290200675,37
41,6558,7,1548.0,3,159908.9207213924,101
52,11217,1,2300.0,1,202620.33592076448,85
0,168,0,,0,74551.82614991626,23
11,3097,0,,0,155874.7323998827,27
25,3478,11,2729.0,3,417308.9934867819,105
15,2787,2,520.0,0,138396.51485603492,113
17,4017,7,800.0,2,158881.67272006572,114
66,10573,1,1322.0,3,132204.75802500115,99
66,10573,1,1322.0,3,164474.22295104252,110
16,3433,4,2643.0,4,184949.25682856503,5
52,10311,6,,1,330204.6887386405,61
2,629,1,,0,159992.4876139753,62
28,7287,5,320.0,1,171852.38865536446,37
66,10573,1,1322.0,3,285568.5191894024,99
11,2370,0,,0,119163.24935918314,9
36,6714,2,2672.0,0,624680.099059137,26
24,5613,5,1340.0,2,245219.18543655597,49
25,4724,2,1308.0,1,237718.7208302741,37
2,629,1,,0,265311.5169858603,27
22,3151,4,2715.0,3,217401.3313239484,90
5,1564,0,540.0,0,111490.44272644536,6
17,3379,9,100.0,0,478782.4884212888,194
33,7976,5,,0,246763.4538318032,10
41,6558,7,1548.0,3,177535.3737452566,101
31,6137,4,,0,162840.31660016338,46
53,13670,4,,1,331562.0787483524,34
50,12238,8,1970.0,2,209377.00384376783,66
43,8429,3,,3,171483.8554170241,88
50,12238,8,1970.0,2,165460.22241381087,66
14,3369,24,4129.0,0,257520.3196491729,120
30,6141,10,262.0,3,147570.42992296265,109
1,388,0,,0,95227.62905442368,23
30,5562,0,,0,156041.93646711114,18
13,2514,19,,0,150063.02483891492,127
34,7759,0,229.0,1,210352.150163504,53
52,11217,1,2300.0,1,313802.3378282537,85
25,5027,4,46.0,1,381880.5440905119,17
18,3594,4,192.0,1,236505.36474791128,37
1,388,0,,0,91011.485528423,23
35,7715,4,990.0,0,240308.6185087053,59
34,7065,1,750.0,2,189477.39033787145,52
5,1564,0,540.0,0,139968.82461432138,6
10,2277,2,1547.0,0,126557.61537593172,29
53,14892,4,,1,298013.4261601991,96
31,6119,4,,1,187266.03953380664,29
5,1564,0,540.0,0,128959.85248764248,6
5,1564,0,540.0,0,140529.95455572085,6
2,475,0,,0,217874.9974519232,23
30,5285,0,645.0,6,169603.42688723368,81
43,7227,0,,1,169378.72637286686,67
1,264,0,,0,160398.80187592187,1
43,8429,3,,3,144561.79485911282,88
47,11319,0,1145.0,3,149286.79093827933,46
30,5048,9,325.0,2,230486.63398128608,79
39,10418,9,900.0,1,210510.45537182427,7
53,13670,4,,1,455446.393758171,34
49,11395,3,1406.0,3,212629.12591381915,57
5,1564,0,540.0,0,140349.45689139495,6
4,915,0,,0,112693.64176942177,27
35,7715,4,990.0,0,272663.06542109296,19
26,4439,1,1130.0,1,152573.6989041309,8
30,6564,1,,0,167249.61306159702,91
35,5776,1,2078.0,2,199140.8336989109,99
53,13670,4,,1,176552.02065422348,9
47,8004,3,125.0,3,253983.95230722727,21
9,1892,0,,0,108179.29563950287,27
9,1768,0,370.0,0,182516.558181098,71
9,1892,0,,0,97560.72038303784,27
74,19083,2,,5,197873.9695499043,13
6,1437,3,,0,233814.07530028236,74
33,6783,3,,1,258770.6243588981,19
31,5569,0,,1,310638.32410907146,55
46,7960,6,350.0,3,226390.9880720457,111
2,469,0,,0,184241.6076532796,27
23,4583,3,,3,269694.16391909646,47
25,6149,0,,0,156339.2545493406,94
2,629,1,,0,265689.0226171058,62
4,915,0,,0,107566.05820579456,27
0,168,0,,0,131250.9158694752,23
5,1564,0,540.0,0,151947.48560123716,6
25,3478,11,2729.0,3,203380.6751569076,105
43,10621,1,30.0,2,141704.7967760466,93
2,629,1,,0,171255.8562872564,62
47,8004,3,125.0,3,173783.20852633505,21
1,264,0,,0,245970.07724645425,1
5,1564,0,540.0,0,187599.9242307768,6
53,13670,4,,1,336951.6289303201,34
22,6398,141,1046.0,3,161365.57481159663,30
25,5648,1,30.0,2,110158.20280535617,9
0,168,0,,0,103450.23016769288,23
20,4386,14,,1,451847.56978159776,178
46,9515,5,,1,474638.8128358514,48
31,7010,5,4508.0,3,606958.9375101448,66
53,13670,4,,1,357031.7756010781,34
10,2277,2,1547.0,0,155751.1344333592,29
2,629,1,,0,114139.12517615288,27
41,6558,7,1548.0,3,144473.56523032268,101
0,168,0,,0,89770.95197189334,23
43,10621,1,30.0,2,213450.01764287992,3
2,629,1,,0,131341.23141814425,62
5,1564,0,540.0,0,188642.5491755998,6
23,5067,4,,2,497376.46131765353,56
6,1437,3,,0,161579.38360855958,23
2,629,1,,0,75960.50667895893,27
9,1892,0,,0,89669.98339751601,27
23,4635,5,3300.0,2,506174.9930758217,17
27,4798,0,30.0,2,340197.3008199215,128
53,14892,4,,1,174918.25524269935,96
28,6533,1,1015.0,2,160779.54210122116,101
30,6141,10,262.0,3,579727.7478536543,89
23,5212,6,,3,251294.1664444614,45
21,5731,0,,1,339529.4147498301,42
34,7065,1,750.0,2,116920.10541324412,52
2,469,0,,0,187907.0671551425,27
30,6207,1,1183.0,1,286893.7262745096,22
2,629,1,,0,110868.29525858676,27
41,6558,7,1548.0,3,201571.9829469356,101
32,5889,10,830.0,4,393799.5317324581,31
9,1768,0,370.0,0,127565.44949843192,57
46,9515,5,,1,211149.7665489509,48
52,11217,1,2300.0,1,341186.5880805542,85
30,5285,0,645.0,6,240738.13367246976,81
37,7687,11,176.0,5,475135.92199721845,59
23,4583,3,,3,242275.32422713804,47
25,5011,8,730.0,0,205554.098155252,39
22,3151,4,2715.0,3,169138.8399026381,106
26,3889,6,705.0,3,209191.1286235436,140
74,19083,2,,5,232576.76697735052,12
5,1564,0,540.0,0,154585.98329693553,6
26,3889,6,705.0,3,263892.4891331806,63
5,1564,0,540.0,0,208272.19242196524,6
37,5288,0,1937.0,3,145764.993974095,90
5,1564,0,540.0,0,172294.24057219314,6
34,7065,1,750.0,2,182979.44246429828,52
25,5011,8,730.0,0,183807.9610806611,39
25,5648,1,30.0,2,136401.72564617128,9
37,5288,0,1937.0,3,154162.23660635814,90
5,1227,0,,0,101734.4622232512,27
5,1564,0,540.0,0,121198.18223218837,6
41,6558,7,1548.0,3,204595.11991373656,101
20,4386,14,,1,331709.4978625257,92
33,8667,2,,0,209554.9998915108,10
16,3681,73,1815.0,2,324251.2912779721,116
2,629,1,,0,157892.63228927294,27
2,629,1,,0,138770.71504802967,62
6,1437,3,,0,151544.9430710068,23
25,4756,16,2857.0,5,170108.1408182001,147
23,5735,3,1084.0,0,108599.39733380196,58
36,5992,0,,1,230595.3489581112,11
23,3975,8,770.0,2,218026.74477032875,100
49,11395,3,1406.0,3,236778.33057514788,57
50,12238,8,1970.0,2,169199.45988229598,24
50,12238,8,1970.0,2,578160.314295313,24
30,5562,0,,0,175819.36911243235,18
66,10573,1,1322.0,3,203635.1585764365,99
30,5285,0,645.0,6,367353.5745662616,54
5,1564,0,540.0,0,116772.47732783706,6
47,8004,3,125.0,3,154154.1164650999,21
46,7960,6,350.0,3,409567.9482932247,111
66,10573,1,1322.0,3,171515.69174600413,153
43,7227,0,,1,179985.93965214046,87
31,6119,4,,1,227286.36548562945,29
6,1437,3,,0,143534.9407563602,23
30,5285,0,645.0,6,85770.44200126965,0
25,5487,3,,0,397664.3389969893,21
1,264,0,,0,268779.33671998524,1
2,629,1,,0,131742.53628082306,27
6,1437,3,,0,121035.57298613452,23
25,5487,3,,0,123522.34038823654,21
6,1437,3,,0,152263.88645432153,23
4,915,0,,0,114375.65400185596,27
36,6714,2,2672.0,0,388255.7165585226,111
17,3079,59,2890.0,0,349860.97427350515,134
53,14892,4,,1,138324.2873466341,27
24,4860,1,80.0,0,254688.11688666075,37
23,5735,3,1084.0,0,158618.47681185594,58
22,6398,141,1046.0,3,165695.61920755025,30
26,3889,6,705.0,3,87556.38561728482,14
5,1564,0,540.0,0,125623.42892374445,6
37,7687,11,176.0,5,231972.74347477392,20
25,5648,1,30.0,2,132634.9130654601,9
39,8647,0,810.0,0,233005.92599930055,80
32,5889,10,830.0,4,284635.95488685573,31
25,5648,1,30.0,2,125313.44131129506,9
33,7976,5,,0,254343.03776666065,10
49,11395,3,1406.0,3,205198.16211501983,57
1,264,0,,0,178973.96905047965,1
22,4789,2,4087.0,4,280540.0224733585,84
9,1892,0,,0,83481.81805715436,27
15,2787,2,520.0,0,197269.6825160044,38
13,2514,19,,0,147492.66736962134,164
34,7065,1,750.0,2,107720.95288853475,52
30,6207,1,1183.0,1,156561.22982981786,28
2,629,1,,0,174523.25787238646,27
16,3893,27,,3,437025.29740845686,146
52,10311,6,,1,195152.9203302623,61
52,11217,1,2300.0,1,310655.70017723314,85
43,10621,1,30.0,2,193279.25950364745,93
37,5288,0,1937.0,3,251121.66679619087,3
4,915,0,,0,143179.7466491957,27
16,3433,4,2643.0,4,369472.4030609236,5
25,5648,1,30.0,2,176317.04455362426,9
47,8004,3,125.0,3,152187.7506394546,21
42,9292,3,2620.0,0,199558.72249118288,7
5,1564,0,540.0,0,129760.3256739497,6
23,5735,3,1084.0,0,450121.3188310829,8
25,3478,11,2729.0,3,205554.83925673604,125
29,6566,7,1894.0,4,195504.1879497076,75
6,1437,3,,0,210303.23913991853,23
6,1437,3,,0,168607.17918870796,23
35,5776,1,2078.0,2,204268.9223940859,11
28,7287,5,320.0,1,167876.80218474,37
6,1437,3,,0,125097.29725477211,23
20,2738,20,,1,301309.74408345786,173
22,6398,141,1046.0,3,132899.53736399196,30
43,8429,3,,3,410883.89201982936,88
11,2748,1,,0,149325.62184443147,58
34,7759,0,229.0,1,295545.83012714394,53
2,475,0,,0,153946.77745187597,27
15,2787,2,520.0,0,317697.4040291729,38
35,5776,1,2078.0,2,187254.72036235547,99
27,4798,0,30.0,2,172840.67528796685,128
30,6207,1,1183.0,1,136382.07891801663,22
25,5011,8,730.0,0,148357.4552698876,39
29,6566,7,1894.0,4,221578.5740952089,124
31,5569,0,,1,234444.0842074616,55
21,5731,0,,1,157166.39744403516,42
2,629,1,,0,221774.56448397585,62
18,3594,4,192.0,1,211448.46029413852,169
28,6533,1,1015.0,2,138976.87855522544,11
16,3681,73,1815.0,2,426186.40933389,207
46,9515,5,,1,595128.1953519994,48
35,5776,1,2078.0,2,204693.4059840497,99
25,5648,1,30.0,2,252808.384278877,9
6,1437,3,,0,173399.74823250624,74
17,2810,9,4849.0,3,293082.509921774,155
29,6566,7,1894.0,4,189479.7265510652,75
1,264,0,,0,168106.00763001086,1
23,5212,6,,3,365648.7515554821,45
37,7687,11,176.0,5,477092.006790578,59
9,1892,0,,0,114307.13164765028,27
1,264,0,,0,128135.70282559971,1
23,4583,3,,3,244553.7587534774,47
6,1318,1,200.0,1,146427.38771559115,1
1,264,0,,0,150053.08546295893,1
25,5487,3,,0,140846.5414788556,21
1,264,0,,0,138663.54925414306,1
33,5261,0,240.0,3,161978.47028601822,1
23,5735,3,1084.0,0,320399.9318415646,8
39,8647,0,810.0,0,215447.45331499676,80
33,5261,0,240.0,3,169850.21751515867,1
31,6119,4,,1,245705.79004725703,29
22,6398,141,1046.0,3,189266.1666763092,30
46,10309,1,240.0,1,153209.56296209074,77
25,3478,11,2729.0,3,197225.70910688204,105
53,13670,4,,1,367368.95451562654,34
32,5889,10,830.0,4,201515.31474587088,31
1,264,0,,0,207971.9853440637,1
1,264,0,,0,128965.71766093955,1
30,5562,0,,0,241450.0044887188,18
33,5261,0,240.0,3,275544.2431116402,1
19,3293,16,628.0,3,212130.0066829779,121
74,19083,2,,5,218453.3368309628,13
16,3433,4,2643.0,4,344367.50159632694,5
37,6856,84,1940.0,2,254067.6690575311,73
25,5487,3,,0,215842.76718877573,21
46,7960,6,350.0,3,217039.16458174735,32
23,5735,3,1084.0,0,135930.20198697734,58
43,7227,0,,1,189686.8533432429,87
9,1892,0,,0,116224.69885401586,27
4,915,0,,0,104229.40648005552,27
11,2398,2,1994.0,3,197781.39701284104,72
2,629,1,,0,135588.21528919958,62
2,629,1,,0,122364.78603020465,27
4,915,0,,0,150281.35711034233,27
30,5562,0,,0,310098.2139778084,145
43,7227,0,,1,223146.6096848588,87
0,168,0,,0,67790.98492079691,23
50,12238,8,1970.0,2,173155.77077902228,24
66,10573,1,1322.0,3,228489.71226509463,153
24,5469,1,145.0,0,180577.9099477551,58
2,469,0,,0,135365.22043041277,27
4,915,0,,0,88623.96004642283,27
24,5613,5,1340.0,2,219649.65539298463,49
25,4756,16,2857.0,5,156228.3784640193,0
6,1437,3,,0,111187.41963654677,23
42,9292,3,2620.0,0,541113.9517689019,2
38,4788,2,,0,235998.2077440021,67
20,4386,14,,1,286210.0310816469,154
2,475,0,,0,156131.89795029289,23
53,13670,4,,1,150423.4156302431,25
2,629,1,,0,167058.27493967777,27
19,3806,4,,0,251680.57396580305,45
74,19083,2,,5,226130.6038211812,12
1,264,0,,0,200280.5689684376,1
0,168,0,,0,92290.96847556005,23
42,9292,3,2620.0,0,174136.19750289485,48
1,264,0,,0,255873.31826716816,1
37,5288,0,1937.0,3,155493.89631401276,3
39,8647,0,810.0,0,170407.09918311835,160
8,1497,5,,1,86492.3427348299,176
35,7715,4,990.0,0,305942.9360879256,19
41,6558,7,1548.0,3,167239.3139427373,101
25,4756,16,2857.0,5,155188.2519467127,0
5,1564,0,540.0,0,163869.99247607932,6
47,8004,3,125.0,3,153688.6849152661,21
9,1768,0,370.0,0,144789.41358591773,57
5,1564,0,540.0,0,217582.0585688193,6
1,264,0,,0,177423.11173959324,1
30,5285,0,645.0,6,243986.353968664,54
53,13670,4,,1,229200.70054050809,25
5,1564,0,540.0,0,154546.69613588814,6
25,3478,11,2729.0,3,283300.64043587534,105
33,7425,1,,2,248608.06824644364,68
22,6398,141,1046.0,3,189629.5179513888,30
2,629,1,,0,153658.8828551596,62
41,6558,7,1548.0,3,169953.7988242263,101
25,5027,4,46.0,1,232327.6812600473,89
74,19083,2,,5,239606.5015927873,12
25,5487,3,,0,182528.1888134191,21
36,10055,3,,1,204797.092859004,41
27,4798,0,30.0,2,264144.7308436584,128
13,2514,19,,0,260118.69700379585,127
33,5261,0,240.0,3,282078.7208500433,1
43,8429,3,,3,273067.32037377264,94
21,4472,6,1450.0,4,326766.6064840736,130
53,14892,4,,1,243461.42437516453,27
49,11395,3,1406.0,3,167365.71723069178,57
6,1437,3,,0,168945.2668037612,23
1,264,0,,0,241324.5072501324,1
46,10309,1,240.0,1,201357.3482283604,77
30,5285,0,645.0,6,63136.85987852408,84
2,475,0,,0,107879.0411373355,23
53,14892,4,,1,227233.47687991065,149
30,5285,0,645.0,6,585031.2671808637,54
20,4386,14,,1,358129.91447422217,129
53,13670,4,,1,320283.08169619984,34
37,5288,0,1937.0,3,220415.02264070293,3
50,12238,8,1970.0,2,207449.58612630703,24
21,4472,6,1450.0,4,152655.28322548678,118
52,11217,1,2300.0,1,386346.4942838614,85
5,1564,0,540.0,0,127997.03108518932,6
5,1564,0,540.0,0,209198.00135971807,6
20,2738,20,,1,113863.77976179511,173
36,6714,2,2672.0,0,301517.9101125919,26
2,629,1,,0,236695.32164346552,62
1,388,0,,0,93493.6428019478,23
53,13670,4,,1,334583.1729325955,34
34,7065,1,750.0,2,159470.04394910092,52
5,1564,0,540.0,0,127493.3284484135,6
1,264,0,,0,173984.47251995053,1
30,5285,0,645.0,6,191208.10004937148,84
53,13670,4,,1,319912.09164808085,25
25,4756,16,2857.0,5,420583.7920667272,81
0,168,0,,0,134710.0191234143,23
15,2787,2,520.0,0,85384.51251051265,38
1,264,0,,0,204205.5821877801,1
5,1564,0,540.0,0,215577.66395112136,6
22,6398,141,1046.0,3,186648.8137326744,30
23,5067,4,,2,249476.0880530391,56
25,5648,1,30.0,2,272468.69882459746,9
4,915,0,,0,127116.06166805731,27
1,264,0,,0,131734.3728005712,1
30,6564,1,,0,176513.8429163469,28
52,11217,1,2300.0,1,290525.2235739356,85
42,9292,3,2620.0,0,190173.8912220733,7
13,2514,19,,0,190112.38547597628,97
36,10055,3,,1,208826.50066620525,41
9,1892,0,,0,163291.3758489174,27
46,9515,5,,1,187248.71259286464,48
46,7960,6,350.0,3,176216.7472505864,32
6,1437,3,,0,184290.22073469733,23
21,5731,0,,1,174161.41564974244,42
1,264,0,,0,130188.31623566557,1
9,1952,1,1430.0,3,198191.74428772333,58
20,4386,14,,1,182212.20103812573,154
5,1564,0,540.0,0,137906.39321219068,6
33,7976,5,,0,192198.44832082995,10
2,629,1,,0,207999.2247840124,27
27,4798,0,30.0,2,236999.6274144132,128
19,3856,10,,2,150197.01296476135,79
30,6207,1,1183.0,1,209821.32855656915,22
23,5212,6,,3,362177.2300314021,98
30,5285,0,645.0,6,197875.30036769927,54
1,290,0,,0,85525.79421108282,27
23,5067,4,,2,376324.2027388626,56
46,9515,5,,1,232053.8796666236,48
11,2370,0,,0,155126.94804713604,9
46,9515,5,,1,326425.6219241712,48
0,168,0,,0,95744.16797280964,23
32,6748,93,562.0,4,309354.7206984417,183
1,264,0,,0,237448.31106656737,1
11,2370,0,,0,59877.59252320096,9
9,1892,0,,0,123404.88699819002,27
74,19083,2,,5,344265.90915258665,12
25,4724,2,1308.0,1,259183.4737345304,44
1,388,0,,0,107058.45609567946,23
53,14892,4,,1,260831.430728398,27
2,475,0,,0,86152.62572139048,23
35,7715,4,990.0,0,293459.2054442564,19
1,264,0,,0,223779.5130611297,1
22,6398,141,1046.0,3,170733.8159849866,30
31,7010,5,4508.0,3,228337.5184307185,66
1,264,0,,0,181074.5117746668,1
28,6533,1,1015.0,2,150305.92502972484,11
46,9515,5,,1,230123.9976380807,48
42,7651,1,,1,213562.99796210512,119
0,168,0,,0,72675.75138395753,23
1,264,0,,0,103919.96410546458,1
30,5285,0,645.0,6,186911.54402845388,84
25,5027,4,46.0,1,224610.6858393008,108
28,7287,5,320.0,1,169913.85036697713,37
9,1892,0,,0,125913.04527089903,27
1,264,0,,0,138226.7918530911,1
6,1437,3,,0,117416.2950325942,23
33,5261,0,240.0,3,301242.851849809,185
29,6566,7,1894.0,4,337170.8800597904,75
9,1892,0,,0,172652.43153680026,27
6,1437,3,,0,108068.47293499688,23
31,5569,0,,1,155077.66708170346,55
5,1564,0,540.0,0,141430.52376639534,6
31,6119,4,,1,403104.0193468169,29
53,13670,4,,1,318974.6005298367,9
17,3079,59,2890.0,0,91001.57206264263,51
24,5469,1,145.0,0,306528.4974713732,113
22,3151,4,2715.0,3,273656.8862062877,90
17,2810,9,4849.0,3,190016.9873916081,155
23,5735,3,1084.0,0,118166.47469001103,58
19,3293,16,628.0,3,285184.6335068939,121
6,1437,3,,0,111299.11646700176,23
5,1564,0,540.0,0,215422.98103783507,6
9,1892,0,,0,93428.26520528288,27
4,915,0,,0,114446.85336092026,27
1,264,0,,0,250572.5549094625,1
30,6141,10,262.0,3,222375.0742111562,111
30,5285,0,645.0,6,186442.50020872915,54
25,5648,1,30.0,2,185365.70918556195,9
66,10573,1,1322.0,3,412245.71394701744,122
22,6398,141,1046.0,3,200800.67376687695,30
27,5664,48,2300.0,3,475193.7673844414,95
2,629,1,,0,215970.01216819152,27
18,3594,4,192.0,1,201999.56820067173,37
24,4860,1,80.0,0,175551.4499118289,61
37,7687,11,176.0,5,224267.18983895745,59
52,11217,1,2300.0,1,240804.69789980352,62
33,7976,5,,0,378595.0413354277,10
31,6137,4,,0,189565.8366715945,46
74,19083,2,,5,359516.7453060281,12
4,915,0,,0,146652.39000885224,27
30,5285,0,645.0,6,124844.93286480708,54
46,10309,1,240.0,1,161528.09917322153,47
34,7065,1,750.0,2,175204.8667901804,52
1,388,0,,0,97097.4495622089,23
6,1437,3,,0,174065.00868505344,74
39,8647,0,810.0,0,199566.076375461,80
37,6856,84,1940.0,2,227781.09726897013,152
0,168,0,,0,139107.72582353663,23
22,4789,2,4087.0,4,193754.4761353905,21
6,1437,3,,0,172778.61536482215,23
22,4625,11,3855.0,2,481666.46750414686,148
23,3975,8,770.0,2,257998.19589402128,100
5,1564,0,540.0,0,145915.95137552512,6
43,8429,3,,3,196469.0101086229,191
25,5487,3,,0,400087.2990090339,21
39,10418,9,900.0,1,321130.4810776547,7
52,10311,6,,1,203194.412978502,169
36,10055,3,,1,175345.17674165752,41
24,4378,0,1036.0,1,286282.4430589289,41
25,5648,1,30.0,2,204080.91533336308,9
43,10621,1,30.0,2,166193.39026655257,3
26,4439,1,1130.0,1,242133.24571654844,8
39,7614,3,,1,246254.90218986355,70
4,915,0,,0,105571.92269344335,27
1,264,0,,0,230668.92062260135,1
27,5664,48,2300.0,3,595472.7902119738,120
74,19083,2,,5,283125.06124346744,13
46,9515,5,,1,291305.4599023318,48
14,3369,24,4129.0,0,147964.46911954106,120
33,5261,0,240.0,3,236130.6897472792,1
49,11395,3,1406.0,3,179230.7026398129,57
1,264,0,,0,200563.314127442,1
2,469,0,,0,201472.6326866112,27
2,469,0,,0,179294.23717618285,27
52,10311,6,,1,271197.1899793478,61
34,7065,1,750.0,2,268864.490494967,52
0,168,0,,0,105200.64409013125,23
4,915,0,,0,149654.18549525086,27
6,1437,3,,0,152699.27960816573,74
74,19083,2,,5,162524.7403255772,13
2,629,1,,0,130974.23968145074,62
33,7976,5,,0,292516.48545145174,10
36,6714,2,2672.0,0,199868.12738911653,177
4,915,0,,0,152646.11322243372,27
31,6119,4,,1,218665.02042907465,105
27,4798,0,30.0,2,348336.3227895341,128
24,5613,5,1340.0,2,304852.9155640432,129
6,1318,1,200.0,1,162068.4479529986,1
25,5648,1,30.0,2,137434.76842031974,9
1,264,0,,0,152732.15388795492,1
49,11395,3,1406.0,3,215837.93518619105,22
1,264,0,,0,309210.6772359071,1
20,2738,20,,1,174216.7786700199,201
30,6141,10,262.0,3,423357.5707034968,89
2,629,1,,0,127644.67621895768,62
25,4756,16,2857.0,5,349370.3249793373,147
21,4472,6,1450.0,4,178894.7936928205,130
2,469,0,,0,142140.1592078855,27
46,7960,6,350.0,3,225730.35810971537,64
30,5285,0,645.0,6,377637.06615521776,54
8,1986,0,,0,153808.3992034611,9
17,4017,7,800.0,2,82342.77587335401,33
1,264,0,,0,134683.99500526115,1
46,10309,1,240.0,1,230943.81988922483,77
15,2787,2,520.0,0,425037.6418200004,38
2,629,1,,0,236682.20464910948,27
5,1564,0,540.0,0,177762.5388361122,6
16,3893,27,,3,218813.7149792157,151
1,264,0,,0,206168.3192223629,1
2,629,1,,0,291416.11323588714,27
19,3806,4,,0,181528.2394975368,103
35,7715,4,990.0,0,251133.1445126629,2
30,6141,10,262.0,3,283867.4555743596,89
1,388,0,,0,110073.90366616748,23
33,5261,0,240.0,3,142334.96417219954,1
37,6856,84,1940.0,2,210796.52027393648,14
53,14892,4,,1,241670.2792842892,96
16,3433,4,2643.0,4,236932.9476277864,5
15,2787,2,520.0,0,288806.4517224008,58
42,7651,1,,1,209790.53776397265,119
30,5285,0,645.0,6,209770.9719543363,84
30,6207,1,1183.0,1,133446.61591698937,22
53,14892,4,,1,267359.36576186755,96
37,7687,11,176.0,5,293722.1774864487,59
53,14892,4,,1,204196.46324125628,93
2,475,0,,0,120535.04135496644,23
26,4439,1,1130.0,1,193574.67282910907,8
37,7687,11,176.0,5,385779.1585259379,59
52,11217,1,2300.0,1,213642.32424278077,85
30,6207,1,1183.0,1,137232.7697077241,22
37,5288,0,1937.0,3,264619.92602591024,90
2,629,1,,0,199341.0913059466,62
34,7759,0,229.0,1,360107.8255365945,53
6,1437,3,,0,183040.0508922276,23
2,629,1,,0,143312.7087727574,62
53,13670,4,,1,310020.1333935868,34
31,7010,5,4508.0,3,444344.8232719306,66
21,5731,0,,1,90241.59930368372,15
8,2423,1,32.0,0,378955.09254976537,47
4,915,0,,0,105695.79717597172,27
5,1564,0,540.0,0,110488.25101879996,6
2,629,1,,0,167936.05349540242,27
16,3893,27,,3,161962.24783030586,33
0,168,0,,0,172719.72604867647,23
23,5735,3,1084.0,0,179754.69977395423,58
35,5776,1,2078.0,2,201925.4039879293,99
8,1986,0,,0,181043.9932799405,9
34,7759,0,229.0,1,233742.5560613509,53
34,7759,0,229.0,1,254911.48520590807,53
1,264,0,,0,239796.07463860788,1
74,19083,2,,5,342161.1651978496,13
25,3478,11,2729.0,3,196256.1295301581,105
41,6558,7,1548.0,3,190884.5745137708,101
29,6566,7,1894.0,4,225045.46813603648,124
0,168,0,,0,73744.72986098178,23
34,7759,0,229.0,1,294673.20586853,53
52,11217,1,2300.0,1,307829.6273044848,85
37,6856,84,1940.0,2,280848.71459291107,73
31,6119,4,,1,153408.9607483802,29
30,6564,1,,0,179439.00500512662,91
1,264,0,,0,200014.33614923392,1
2,629,1,,0,162067.27505045026,62
35,7077,56,2301.0,3,220953.5340218021,135
31,6119,4,,1,256658.6691846847,29
1,264,0,,0,172666.27518976768,1
21,5731,0,,1,188574.4049033424,15
25,3478,11,2729.0,3,166809.6522301516,105
1,264,0,,0,262295.0785180716,1
1,264,0,,0,142155.31782415847,1
23,5212,6,,3,385908.3388154483,45
23,5067,4,,2,270357.8143034028,56
1,264,0,,0,177203.80719886202,1
41,6558,7,1548.0,3,115845.86152704182,101
53,14892,4,,1,155644.45180544409,96
38,4788,2,,0,280930.70240196696,83
6,1437,3,,0,261621.49584140768,74
23,5212,6,,3,350843.21243251004,45
33,7425,1,,2,325093.4850644625,68
36,6714,2,2672.0,0,493707.35573170526,26
33,8667,2,,0,290233.7914195982,94
39,7614,3,,1,170413.67228469998,70
2,629,1,,0,266893.6453960073,27
22,6398,141,1046.0,3,447734.9092992125,30
1,264,0,,0,180926.58579228056,1
15,2787,2,520.0,0,426601.1389033861,38
25,5648,1,30.0,2,252480.40009833747,9
2,469,0,,0,233544.6162067763,27
37,7687,11,176.0,5,318852.5730106035,20
1,264,0,,0,142824.7374973892,1
25,3478,11,2729.0,3,356687.929375762,105
39,8647,0,810.0,0,260231.56517831644,80
39,8647,0,810.0,0,365098.39342111646,87
22,6398,141,1046.0,3,212749.60906317877,30
18,3594,4,192.0,1,285114.3084706429,37
53,14892,4,,1,264550.8253511648,96
2,629,1,,0,157559.6284038829,62
9,1892,0,,0,104065.2953024053,27
2,469,0,,0,107122.34085402288,27
53,14892,4,,1,173800.16063438304,96
1,264,0,,0,202944.33149664,1
6,1437,3,,0,90422.2865289775,23
36,5992,0,,1,178262.84950588582,11
1,264,0,,0,141496.4358025544,1
46,10309,1,240.0,1,260902.7474887517,47
24,5613,5,1340.0,2,201412.15024469543,129
16,3433,4,2643.0,4,186291.3509086849,5
23,4583,3,,3,178026.73189781106,47
25,5648,1,30.0,2,236541.3555386779,9
26,3889,6,705.0,3,535019.8061269942,63
22,6398,141,1046.0,3,175545.37675002232,30
35,7077,56,2301.0,3,494730.4249761242,163
21,4346,2,165.0,1,229922.6232895797,78
30,6564,1,,0,125152.89795596426,28
11,3097,0,,0,129007.82283474327,27
6,1437,3,,0,173737.29981524346,23
1,264,0,,0,185842.1038589769,1
37,7687,11,176.0,5,212668.33645225145,171
21,4346,2,165.0,1,305559.0288991854,8
36,5992,0,,1,149985.36154724634,11
66,10573,1,1322.0,3,178332.82630038325,99
5,1564,0,540.0,0,199090.3201623893,6
34,7065,1,750.0,2,283758.87139688147,52
37,7687,11,176.0,5,427418.998862796,20
66,10573,1,1322.0,3,314334.9194084845,110
0,168,0,,0,124577.08994476568,23
11,3097,0,,0,155089.91297147653,27
17,4017,7,800.0,2,237152.44353875128,142
74,19083,2,,5,303267.727938056,13
47,8004,3,125.0,3,197513.9302335333,21
5,1135,0,,0,116937.61163006026,23
19,3293,16,628.0,3,247858.85011068327,134
26,3889,6,705.0,3,296128.6080422766,63
34,7065,1,750.0,2,193831.8036221524,52
33,8667,2,,0,141729.12269481865,94
16,3893,27,,3,302332.3547878733,151
46,9515,5,,1,463959.1863476712,48
18,3374,5,620.0,1,439468.02863996907,17
37,7687,11,176.0,5,227402.46759942235,59
2,469,0,,0,170957.40022229243,27
53,14892,4,,1,176193.07546430422,96
12,2270,23,2500.0,1,431812.74278489256,146
36,6714,2,2672.0,0,377848.7487054913,26
5,1564,0,540.0,0,132437.77228597607,6
1,388,0,,0,77794.92791208305,23
41,6558,7,1548.0,3,176556.54645285555,101
19,3806,4,,0,159139.6129612222,161
1,264,0,,0,204979.8902881769,1
42,9292,3,2620.0,0,373077.86534514296,2
30,6564,1,,0,151234.76512919014,91
2,475,0,,0,201102.0835009756,23
52,11217,1,2300.0,1,227018.82650281265,85
52,11217,1,2300.0,1,247637.48203292163,85
47,11319,0,1145.0,3,218127.62787083635,46
30,5048,9,325.0,2,151638.4759117068,79
2,469,0,,0,193762.7822773441,27
23,5735,3,1084.0,0,102406.67686626868,58
31,6137,4,,0,323170.92196625186,46
1,264,0,,0,240054.438797518,1
24,4378,0,1036.0,1,244348.9504724976,44
24,4378,0,1036.0,1,180646.7823524708,44
30,5562,0,,0,274257.24549524416,18
27,5664,48,2300.0,3,293249.1067614061,95
9,1892,0,,0,105418.00990880658,27
21,4346,2,165.0,1,314432.0111074207,78
11,2398,2,1994.0,3,211707.0200428555,72
2,629,1,,0,122153.3538624686,62
23,5212,6,,3,267089.15266979806,45
27,5664,48,2300.0,3,201788.71087182683,53
23,3684,2,,0,611542.0634300028,108
25,5648,1,30.0,2,178602.15426657413,9
33,7425,1,,2,176994.6840008317,2
6,1437,3,,0,122418.00047633116,23
31,6119,4,,1,166205.09844717206,29
5,1564,0,540.0,0,154935.47199634375,6
74,19083,2,,5,181308.44330674064,12
29,6566,7,1894.0,4,514738.2045929522,124
46,9515,5,,1,199712.7032979483,48
30,6207,1,1183.0,1,162286.22228710394,28
25,3478,11,2729.0,3,154000.67344451105,105
35,5776,1,2078.0,2,163681.41940891664,11
49,11395,3,1406.0,3,451014.5784774851,57
30,5048,9,325.0,2,179600.6586131336,75
2,629,1,,0,158015.03357334287,62
26,3889,6,705.0,3,260328.41337559265,63
26,4439,1,1130.0,1,256118.73714274704,8
23,5735,3,1084.0,0,132336.84181514202,58
2,469,0,,0,140042.6074072874,27
34,7065,1,750.0,2,109844.44549520013,52
31,6137,4,,0,230693.7423155456,25
30,6207,1,1183.0,1,217009.33846251943,28
23,5212,6,,3,479318.8476393341,45
53,13670,4,,1,240299.1656301765,34
5,1564,0,540.0,0,222140.52148339868,6
46,9515,5,,1,448076.4556562929,48
8,1497,5,,1,146948.2777833846,36
18,3374,5,620.0,1,382951.8942950996,17
36,5992,0,,1,234040.5752550257,11
6,1437,3,,0,219229.7883639845,23
0,168,0,,0,112509.01881408184,23
39,7614,3,,1,201384.48960847367,70
43,7227,0,,1,323403.4769611881,67
11,2370,0,,0,186438.8550855756,9
6,2733,0,920.0,0,425080.9453256799,123
25,5648,1,30.0,2,227091.19077658988,9
28,7287,5,320.0,1,172983.14544278814,41
49,11395,3,1406.0,3,182376.40574348727,57
16,3681,73,1815.0,2,362927.5188976107,116
19,3856,10,,2,242225.7311800207,124
23,5212,6,,3,251197.62055647865,45
24,5613,5,1340.0,2,412841.1719354788,129
41,6558,7,1548.0,3,165331.36366473426,101
35,7077,56,2301.0,3,380359.1129588075,135
22,4625,11,3855.0,2,173358.47570083433,53
5,1564,0,540.0,0,127233.28962719512,6
53,14892,4,,1,161219.30937617688,96
16,3893,27,,3,610557.4056148571,146
43,8429,3,,3,190578.01295747128,88
21,4231,14,1020.0,0,333865.7470330601,114
49,11395,3,1406.0,3,187113.34682373237,57
52,10311,6,,1,223982.5218300159,61
32,5889,10,830.0,4,362893.5620144436,103
25,5648,1,30.0,2,256504.24383595405,9
15,2787,2,520.0,0,246354.0826502177,113
32,5889,10,830.0,4,188273.5108301794,31
30,5562,0,,0,251269.31257001436,18
32,5889,10,830.0,4,411373.419207315,31
34,7065,1,750.0,2,356169.26864972635,74
53,13670,4,,1,279868.9240350992,34
23,5735,3,1084.0,0,125319.7180333024,58
30,5048,9,325.0,2,165311.76085839092,75
30,5285,0,645.0,6,185149.25164966207,54
53,13670,4,,1,321749.7423410067,9
9,1892,0,,0,74982.6059165538,27
47,8004,3,125.0,3,173591.85755296086,21
36,10055,3,,1,407973.5070151456,41
19,3856,10,,2,325145.9295902617,124
25,5027,4,46.0,1,448138.3724638318,108
24,4378,0,1036.0,1,395301.09215530334,44
22,4625,11,3855.0,2,338792.8449211616,106
2,469,0,,0,175643.93899252894,27
43,10621,1,30.0,2,139765.04261841555,93
21,4346,2,165.0,1,194327.4936822885,78
17,2810,9,4849.0,3,474671.8448967112,133
49,11395,3,1406.0,3,160887.09622499367,57
2,629,1,,0,279871.59636139154,27
25,4756,16,2857.0,5,352506.85821127286,147
25,3478,11,2729.0,3,274749.24259805126,105
1,264,0,,0,139032.08173770155,1
66,10573,1,1322.0,3,452719.6194484482,122
26,3889,6,705.0,3,313090.9081291052,140
46,10309,1,240.0,1,180178.82573165148,77
22,4789,2,4087.0,4,258786.59890135223,84
37,7687,11,176.0,5,450706.5526550418,20
31,6137,4,,0,210606.5907312029,46
5,1564,0,540.0,0,193597.50251963173,6
18,3374,5,620.0,1,218364.77872824788,17
1,264,0,,0,205601.7001210808,1
15,2787,2,520.0,0,183761.7758741124,38
50,12238,8,1970.0,2,219007.0911886855,66
74,19083,2,,5,158467.89824548236,12
53,14892,4,,1,173145.86363949612,27
74,19083,2,,5,89986.64575056834,12
34,7759,0,229.0,1,326449.627289028,53
16,3433,4,2643.0,4,240871.22975826773,5
6,1437,3,,0,200760.4754697396,74
24,4860,1,80.0,0,167155.99156537582,44
1,264,0,,0,437730.06453229376,1
24,4378,0,1036.0,1,361112.8433074675,44
37,5288,0,1937.0,3,184646.6071593444,3
53,13670,4,,1,210963.67311996515,34
47,8004,3,125.0,3,138609.5585219734,21
30,5048,9,325.0,2,214358.6023341033,79
11,3097,0,,0,106370.05020737225,27
25,5648,1,30.0,2,186863.5463811971,9
33,8667,2,,0,281660.89766308136,94
25,5648,1,30.0,2,218660.4237995753,9
0,186,0,,0,200303.3631169852,93
6,1437,3,,0,158693.8394394345,74
17,4017,7,800.0,2,175741.00893292984,142
28,7287,5,320.0,1,220175.13025231968,37
29,6566,7,1894.0,4,200489.80351817227,75
6,1437,3,,0,164174.45695070454,23
22,3151,4,2715.0,3,187595.52270886328,106
6,1437,3,,0,67685.20389071817,23
2,475,0,,0,134683.3827099686,23
42,7651,1,,1,169316.91687134266,91
53,13670,4,,1,365437.577964277,25
2,629,1,,0,205133.88838324323,62
30,5048,9,325.0,2,296674.6546027367,79
34,7759,0,229.0,1,191668.4000647502,53
9,1892,0,,0,139239.46114882556,27
46,7960,6,350.0,3,222840.24274488768,64
9,1892,0,,0,126779.21903587748,27
34,7759,0,229.0,1,245157.9990967741,53
23,5735,3,1084.0,0,228492.9398903618,58
22,3151,4,2715.0,3,273846.1037930643,106
1,264,0,,0,159116.158914553,1
4,915,0,,0,185156.7526388405,27
36,6714,2,2672.0,0,179014.51796780626,26
2,629,1,,0,164457.4326765163,27
36,10055,3,,1,267184.62647856923,41
0,168,0,,0,69237.91264942175,23
25,5648,1,30.0,2,122496.9471607992,9
30,6207,1,1183.0,1,192360.07230913648,28
25,5027,4,46.0,1,469497.5351864895,89
22,6398,141,1046.0,3,116553.62541004624,30
18,3374,5,620.0,1,243393.9088818509,17
33,7425,1,,2,331329.63788974826,2
2,469,0,,0,182794.2861977025,27
28,6746,3,,1,168574.7059135292,78
53,13670,4,,1,237941.3732660113,34
30,6141,10,262.0,3,505477.6278170645,109
39,10418,9,900.0,1,288815.6653300628,7
36,10055,3,,1,261238.4185271385,41
33,7976,5,,0,256363.23658820012,10
9,1892,0,,0,152932.62490516866,27
23,4583,3,,3,203798.5291211973,47
1,264,0,,0,221008.45638640007,1
15,2787,2,520.0,0,243370.8104527354,58
20,4386,14,,1,213789.4137916664,92
49,11395,3,1406.0,3,159150.54983534146,22
36,6714,2,2672.0,0,183928.33475501067,26
42,7651,1,,1,131821.75259957078,119
22,3151,4,2715.0,3,222767.7417112004,90
25,5027,4,46.0,1,366504.9719041069,17
2,475,0,,0,228572.520346632,23
5,1564,0,540.0,0,126243.37125837702,6
2,629,1,,0,148217.4119583182,27
24,4860,1,80.0,0,188439.4789550005,37
21,5731,0,,1,158918.3542386796,42
66,10573,1,1322.0,3,197293.22905823425,99
23,5212,6,,3,441850.4644397877,45
5,1564,0,540.0,0,115477.54657702376,6
6,1437,3,,0,68894.51187073506,23
35,5776,1,2078.0,2,211387.1736970419,99
14,3369,24,4129.0,0,509182.95751523896,95
22,4789,2,4087.0,4,173341.32956755205,84
30,5285,0,645.0,6,285934.20111775154,0
0,168,0,,0,72962.59834706482,23
42,9292,3,2620.0,0,323304.6149996526,2
37,6856,84,1940.0,2,322335.37021077913,14
74,19083,2,,5,222990.81729652628,13
33,7976,5,,0,151793.0239246934,10
5,1564,0,540.0,0,178955.4972942505,6
74,19083,2,,5,238492.07572909284,13
15,2787,2,520.0,0,373659.13786678726,38
53,14892,4,,1,299145.6032226798,96
1,264,0,,0,127601.99181016436,1
20,2738,20,,1,508126.27895490616,65
1,264,0,,0,199071.28613783928,1
23,5212,6,,3,206275.1210179007,45
1,264,0,,0,178762.42099345505,1
1,264,0,,0,220271.5079149895,1
23,5735,3,1084.0,0,161307.525553652,8
30,5048,9,325.0,2,217605.4249581805,75
30,6207,1,1183.0,1,177399.5371349896,22
26,3889,6,705.0,3,212694.3945575473,102
0,168,0,,0,193130.58587111929,23
2,475,0,,0,128007.27509488158,23
26,3889,6,705.0,3,217577.8386043985,140
0,168,0,,0,73883.84237138637,23
8,1497,5,,1,158409.15697862598,36
47,8004,3,125.0,3,174850.74261188135,21
30,5562,0,,0,179566.59865903863,18
11,3097,0,,0,87532.29836494286,27
53,13670,4,,1,178350.76152634577,9
4,915,0,,0,157599.81461051802,27
1,264,0,,0,147110.20124975615,1
36,6714,2,2672.0,0,219319.56366291663,138
2,629,1,,0,153984.98475795164,27
34,7065,1,750.0,2,325404.2041315923,52
1,264,0,,0,241580.02202335195,1
30,5562,0,,0,152526.4458656442,145
42,7651,1,,1,145003.00442454434,119
25,5648,1,30.0,2,276552.4131168928,9
25,5011,8,730.0,0,240019.79239905835,39
36,6714,2,2672.0,0,413245.40451011725,26
25,5011,8,730.0,0,154071.23135280368,39
5,1564,0,540.0,0,220643.73678022283,6
36,5992,0,,1,243319.1292264292,11
0,168,0,,0,69277.65535853727,23
21,5731,0,,1,232709.8652124224,15
29,6566,7,1894.0,4,196250.25705304148,75
30,5285,0,645.0,6,205807.86841880143,54
23,5212,6,,3,310856.8300553393,45
11,2370,0,,0,318659.09070780186,9
33,7976,5,,0,181020.1205266476,35
42,9292,3,2620.0,0,265343.2290836082,7
2,469,0,,0,179466.09423541973,27
33,7425,1,,2,204630.529357246,2
5,1564,0,540.0,0,172761.40752408572,6
9,1892,0,,0,117711.34646860596,27
6,1437,3,,0,171040.56470697455,23
30,6564,1,,0,184161.93980393116,91
36,5992,0,,1,155563.34945766136,11
50,12238,8,1970.0,2,365592.7901333719,66
37,5288,0,1937.0,3,128808.08735682783,90
5,1564,0,540.0,0,211498.63762749697,6
25,5011,8,730.0,0,200924.1545916737,39
34,7065,1,750.0,2,150520.05979974844,52
5,1564,0,540.0,0,193054.2221908889,6
25,4724,2,1308.0,1,281985.9858975145,44
22,4789,2,4087.0,4,150803.6460385482,84
23,3684,2,,0,365641.4478412155,108
47,11319,0,1145.0,3,181979.49545356305,46
16,3893,27,,3,303235.4782127288,151
1,264,0,,0,133824.7339926525,1
26,4439,1,1130.0,1,89683.29678154824,8
0,168,0,,0,109676.01595653903,23
34,7759,0,229.0,1,261085.981996148,53
1,264,0,,0,281374.0705016378,1
5,1564,0,540.0,0,118505.47358321352,6
26,4439,1,1130.0,1,176806.64344581266,8
34,7065,1,750.0,2,174552.25238504214,52
22,6398,141,1046.0,3,160222.4019609974,30
26,3889,6,705.0,3,205635.0097428321,63
23,5735,3,1084.0,0,147727.04242089242,58
26,3889,6,705.0,3,339627.0901971701,63
42,7651,1,,1,149446.97532443213,119
52,11217,1,2300.0,1,384285.0068377861,85
43,8429,3,,3,194525.10311911124,88
41,6558,7,1548.0,3,333877.70469807327,101
24,4378,0,1036.0,1,183147.43382166984,44
6,1437,3,,0,148179.55811072708,23
26,3889,6,705.0,3,328708.27631300304,140
27,4798,0,30.0,2,194086.70689660357,128
2,629,1,,0,159077.198056229,62
43,8429,3,,3,313741.65904484515,191
41,6558,7,1548.0,3,147019.9475630101,101
23,3684,2,,0,87452.48538489973,108
23,3684,2,,0,426960.0724796215,108
30,5048,9,325.0,2,140435.13102757224,79
22,6398,141,1046.0,3,389814.1117524938,30
1,264,0,,0,125039.9689519092,1
34,7759,0,229.0,1,195454.65145244348,53
36,5992,0,,1,238423.6129330416,11
33,8667,2,,0,184769.80291188823,94
2,469,0,,0,141215.49488858134,27
22,6398,141,1046.0,3,68185.04313530562,30
2,629,1,,0,167713.31394534433,62
23,5735,3,1084.0,0,188108.3826147756,8
23,4635,5,3300.0,2,517263.4076162104,109
46,7960,6,350.0,3,461461.68423350406,32
25,5648,1,30.0,2,237213.09187262665,9
11,2748,1,,0,116443.94193644507,58
53,14892,4,,1,240755.9944742589,96
1,264,0,,0,139446.37148902615,1
25,5648,1,30.0,2,177896.14456112593,9
18,3746,9,75.0,3,205850.4170921005,143
2,629,1,,0,195548.70618595628,62
29,6566,7,1894.0,4,163874.5127645673,124
39,10418,9,900.0,1,176796.81210162747,7
25,4724,2,1308.0,1,259681.4441002952,44
30,5562,0,,0,212480.73787855305,18
46,9515,5,,1,209978.96612969853,48
2,629,1,,0,207315.91957914372,62
23,5735,3,1084.0,0,130633.19950495732,58
21,4346,2,165.0,1,90191.64805905994,8
5,1564,0,540.0,0,176104.84869081614,6
47,11319,0,1145.0,3,214054.3286912669,46
1,264,0,,0,175726.84348042207,1
37,6856,84,1940.0,2,367188.5106652413,73
23,5735,3,1084.0,0,126484.03441514733,58
14,3369,24,4129.0,0,216961.81378551596,120
38,4788,2,,0,117873.37056064654,67
37,6856,84,1940.0,2,315704.33649477013,4
19,3806,4,,0,391982.6481840012,45
25,4756,16,2857.0,5,243028.6030962601,147
43,10621,1,30.0,2,144673.3130030265,3
6,1437,3,,0,161092.8792496584,23
24,4378,0,1036.0,1,183077.18663003025,44
1,264,0,,0,194475.19287895388,1
27,5664,48,2300.0,3,324027.4407782486,168
22,6398,141,1046.0,3,188677.35555242063,30
4,915,0,,0,145040.95630190536,27
22,6398,141,1046.0,3,190032.45918615093,30
23,5735,3,1084.0,0,143831.40625072687,58
25,5648,1,30.0,2,186108.69576347747,9
9,1892,0,,0,110630.62672058548,27
21,5731,0,,1,194706.2912044693,15
22,6398,141,1046.0,3,237969.1443226536,30
5,1564,0,540.0,0,138230.14938562224,6
37,6856,84,1940.0,2,404790.5637840653,73
11,2398,2,1994.0,3,240359.4805119332,72
26,3889,6,705.0,3,536549.4183729577,63
33,8667,2,,0,165361.49846865554,94
6,1437,3,,0,107598.33727417247,23
0,168,0,,0,71623.35758510714,23
38,4788,2,,0,280968.4588396874,67
2,629,1,,0,245183.8343495521,27
17,3379,9,100.0,0,195850.33600398147,107
16,3893,27,,3,146322.11324199277,33
74,19083,2,,5,307321.56695886544,13
39,7614,3,,1,252211.7087220169,64
9,1892,0,,0,97206.02661801036,27
52,11217,1,2300.0,1,210293.0338816681,85
66,10573,1,1322.0,3,183792.88777876747,119
23,5735,3,1084.0,0,155383.09365114017,58
0,168,0,,0,98688.88686795176,23
2,469,0,,0,188640.46278718923,27
9,1892,0,,0,146247.60559611616,27
1,264,0,,0,183136.3404154786,1
17,2810,9,4849.0,3,310139.6598474389,155
34,7065,1,750.0,2,160660.60948818145,52
22,4625,11,3855.0,2,286621.2020923385,53
42,7651,1,,1,181195.44248193465,119
37,5288,0,1937.0,3,161610.48443519475,90
26,3889,6,705.0,3,257428.99434669383,63
25,5487,3,,0,191211.22570778592,21
28,6533,1,1015.0,2,203890.83563719696,101
2,629,1,,0,291719.6581343012,27
4,915,0,,0,139531.5758610214,27
19,3293,16,628.0,3,283279.7860370944,121
2,469,0,,0,169468.30855150675,27
8,1497,5,,1,167674.25836713947,176
2,469,0,,0,141849.67928561228,27
53,13670,4,,1,282575.62775938964,25
49,11395,3,1406.0,3,184256.00928948823,22
31,6137,4,,0,197485.5391457365,46
5,1564,0,540.0,0,174858.77170383374,6
0,168,0,,0,100938.32698459932,23
25,5027,4,46.0,1,526712.6846342776,17
19,3856,10,,2,259143.17475419145,124
46,7960,6,350.0,3,239331.05059575383,32
11,2370,0,,0,147083.38391606108,9
27,5148,14,1575.0,5,198721.88169029943,144
46,9515,5,,1,204576.4216359203,48
53,13670,4,,1,249044.41465244853,34
21,4346,2,165.0,1,143098.95731361766,78
46,10309,1,240.0,1,170390.83399668275,41
4,915,0,,0,105202.72740910028,27
21,4472,6,1450.0,4,228886.0283038341,170
21,5731,0,,1,217007.67532592735,42
11,2748,1,,0,132632.68752746357,58
46,10309,1,240.0,1,190614.11554856552,77
2,629,1,,0,173714.2239849579,27
18,3374,5,620.0,1,90008.83660431387,17
1,388,0,,0,81788.06849075801,23
2,469,0,,0,193790.53365495388,27
23,5735,3,1084.0,0,165105.40231120028,58
25,5648,1,30.0,2,187717.24253776768,9
2,469,0,,0,172798.06587179136,27
50,12238,8,1970.0,2,203201.63722800236,24
24,4378,0,1036.0,1,186044.24118664,44
24,4378,0,1036.0,1,205185.15805916343,44
21,4472,6,1450.0,4,172778.17018363913,130
2,629,1,,0,124761.83259233886,85
33,7976,5,,0,143805.157012055,35
28,7287,5,320.0,1,360625.5002044687,37
47,8004,3,125.0,3,182897.30081693272,21
35,7715,4,990.0,0,294405.8995419761,2
47,8004,3,125.0,3,320187.32928274845,21
36,6714,2,2672.0,0,236229.96293843337,26
23,4583,3,,3,282386.31090286927,47
30,6564,1,,0,168824.46570292825,91
53,13670,4,,1,405231.6008229453,34
2,629,1,,0,111920.68541097552,27
5,1564,0,540.0,0,180419.34603419623,6
36,6714,2,2672.0,0,209421.8754062072,138
4,915,0,,0,125879.49282654832,27
6,1437,3,,0,168705.45014826118,74
30,5048,9,325.0,2,231778.5011435038,79
4,915,0,,0,138197.21584330685,27
74,19083,2,,5,464897.2078003963,13
52,10311,6,,1,223622.3992695649,61
31,6119,4,,1,182953.93324266543,105
2,629,1,,0,274592.85878724256,62
9,1892,0,,0,130755.59394018295,27
2,629,1,,0,141175.66119915724,62
2,475,0,,0,106429.78223028067,23
37,6856,84,1940.0,2,195534.3617371737,14
9,1892,0,,0,95667.64761534476,27
16,3433,4,2643.0,4,295513.95516874304,5
23,4583,3,,3,349768.67563429463,47
2,629,1,,0,214403.0756210693,62
1,264,0,,0,235384.96998573304,1
46,7960,6,350.0,3,242176.3339567824,32
25,5011,8,730.0,0,158871.65744998597,39
2,629,1,,0,151391.30872267313,62
34,7065,1,750.0,2,186109.2221597799,52
9,1768,0,370.0,0,182164.73472719945,57
1,264,0,,0,168280.9095272959,1
30,5285,0,645.0,6,351111.99430513685,54
1,264,0,,0,148049.6454477289,1
46,9515,5,,1,261002.3998167897,48
53,14892,4,,1,182769.3745107831,96
2,629,1,,0,152513.40351254918,62
23,3975,8,770.0,2,234032.83622820093,100
42,7651,1,,1,161696.55407951676,91
52,10311,6,,1,186595.31237017727,61
5,1564,0,540.0,0,163606.10788971366,6
2,469,0,,0,142226.78602092364,27
25,5011,8,730.0,0,141876.2898976341,39
33,5261,0,240.0,3,197197.40441382508,1
2,469,0,,0,176184.98937389953,27
50,12238,8,1970.0,2,223383.8928484352,24
2,629,1,,0,136100.108497157,62
17,3379,9,100.0,0,397417.3945235837,107
30,6207,1,1183.0,1,160581.6278312794,22
6,1437,3,,0,111374.3480984376,23
34,7065,1,750.0,2,196237.63718254288,74
22,6398,141,1046.0,3,117647.46100182256,30
30,6207,1,1183.0,1,180223.26726709976,22
2,469,0,,0,130190.64357920544,27
25,5011,8,730.0,0,149679.14625374196,39
49,11395,3,1406.0,3,290493.5531239787,57
2,469,0,,0,217357.4923662076,27
6,1437,3,,0,153624.44229751136,23
27,5664,48,2300.0,3,303698.7755904624,130
74,19083,2,,5,174392.01569771275,12
5,1564,0,540.0,0,178002.28837840608,6
18,3594,4,192.0,1,312132.00770766736,37
1,264,0,,0,244044.14116421933,1
49,11395,3,1406.0,3,214676.51733580325,57
19,3856,10,,2,344263.11232136644,124
2,629,1,,0,259585.02778123625,27
33,7425,1,,2,238829.73247964212,140
37,7687,11,176.0,5,391080.5628035223,20
17,2810,9,4849.0,3,463351.8798377778,155
42,7651,1,,1,158527.75527979105,119
25,4756,16,2857.0,5,162322.78401128948,0
19,3806,4,,0,593618.746095871,103
43,7227,0,,1,302116.93278534483,67
6,1437,3,,0,242298.1083785364,74
22,6398,141,1046.0,3,367865.7004423968,30
2,629,1,,0,343956.40507702203,62
2,629,1,,0,182503.43336120405,62
27,4798,0,30.0,2,299475.8818395533,128
28,7287,5,320.0,1,389942.53280588536,37
25,6149,0,,0,149649.08221918938,93
53,14892,4,,1,175822.2172138916,96
5,1564,0,540.0,0,167848.8764314143,6
36,6714,2,2672.0,0,214225.3082381825,26
43,10621,1,30.0,2,284539.86506339035,3
1,264,0,,0,163613.14202013114,1
2,629,1,,0,212589.7074374152,27
2,629,1,,0,171855.58458209818,27
33,7425,1,,2,190686.6492933211,2
22,3151,4,2715.0,3,349187.7338312828,90
28,6533,1,1015.0,2,301800.1567529188,101
2,629,1,,0,133632.34287542474,62
52,10311,6,,1,194261.2812833486,61
36,10055,3,,1,136682.95694970677,41
4,915,0,,0,136091.7353979978,27
5,1564,0,540.0,0,212864.79911168013,6
28,6746,3,,1,144498.68745721664,78
31,7010,5,4508.0,3,322213.2517279428,66
31,6119,4,,1,169145.98036356244,29
66,10573,1,1322.0,3,344923.2973209075,91
6,1437,3,,0,181053.50018733228,23
53,14892,4,,1,94691.9078949868,187
50,12238,8,1970.0,2,538574.775414695,66
30,5285,0,645.0,6,237878.3267008834,0
52,10311,6,,1,248648.72995966324,61
34,7759,0,229.0,1,338025.692847864,53
30,5048,9,325.0,2,200049.7089858713,79
23,4635,5,3300.0,2,358898.7572019118,111
1,264,0,,0,274398.63410175976,1
33,7425,1,,2,255170.9490946109,68
32,5889,10,830.0,4,231715.7476934542,31
53,14892,4,,1,302606.9208323544,96
21,5731,0,,1,161059.35935934482,42
1,264,0,,0,171565.83388796498,1
47,8004,3,125.0,3,189513.60092373763,21
19,3806,4,,0,253670.9083483737,103
5,1564,0,540.0,0,190746.65132171471,6
46,7960,6,350.0,3,179619.56252034262,32
6,1437,3,,0,161346.01177617034,23
49,11395,3,1406.0,3,162666.8749823317,57
37,5288,0,1937.0,3,164644.7296434351,90
22,6398,141,1046.0,3,95473.43698644856,30
23,4583,3,,3,189627.2411904396,47
2,629,1,,0,135239.640662949,27
74,19083,2,,5,193699.1876835012,13
2,629,1,,0,235848.9106604221,27
9,1892,0,,0,108408.64960957009,27
23,5212,6,,3,221652.72434917407,26
17,3079,59,2890.0,0,273560.12258835987,51
25,5027,4,46.0,1,181626.1751030673,108
5,1564,0,540.0,0,177838.3823769381,6
11,2748,1,,0,131166.4654867906,58
5,1564,0,540.0,0,135481.81638107833,6
24,5469,1,145.0,0,193088.05394003468,113
2,469,0,,0,192012.5267945347,27
39,7614,3,,1,234831.99455091945,70
1,264,0,,0,148124.69811330663,1
16,3893,27,,3,170148.6085345719,146
39,8647,0,810.0,0,139575.79153446323,160
43,8429,3,,3,171286.75420255872,88
21,5731,0,,1,120660.70989802116,15
41,6558,7,1548.0,3,286274.3427135784,101
42,7651,1,,1,140942.6095097776,119
30,5285,0,645.0,6,231963.86923158352,54
23,5735,3,1084.0,0,112753.10297822864,58
5,1564,0,540.0,0,107970.45856115952,6
1,264,0,,0,228756.9961635407,1
5,1564,0,540.0,0,177755.78177454197,6
50,12238,8,1970.0,2,338588.2539418333,66
2,629,1,,0,223669.51754758976,27
2,629,1,,0,234837.70166399732,27
34,7065,1,750.0,2,117226.74538279294,52
41,6558,7,1548.0,3,194313.18291762512,101
34,7759,0,229.0,1,232341.06956568197,53
47,11319,0,1145.0,3,268297.1713764137,46
74,19083,2,,5,259369.04463529732,12
30,6207,1,1183.0,1,354706.6770572269,22
52,10311,6,,1,255212.27193348817,61
28,7287,5,320.0,1,214400.879160084,41
9,1892,0,,0,170966.82761695975,27
34,7759,0,229.0,1,206148.8457163825,53
53,14892,4,,1,254721.1622825809,96
43,8429,3,,3,223917.8099542269,88
5,1227,0,,0,130941.61201936452,27
35,7715,4,990.0,0,388760.11913216463,19
52,10311,6,,1,313916.35742217326,61
37,7687,11,176.0,5,266621.11041786114,59
36,5992,0,,1,89744.45960791914,11
2,629,1,,0,161812.32497693747,27
30,6207,1,1183.0,1,249741.0640349925,22
17,3379,9,100.0,0,247070.1156697232,166
37,6856,84,1940.0,2,85499.96932528506,152
23,5212,6,,3,404319.5936870047,45
2,629,1,,0,186655.02313449583,27
5,1564,0,540.0,0,131780.62760254386,6
1,264,0,,0,202078.6921510869,1
5,1564,0,540.0,0,127196.7620313497,6
6,1437,3,,0,177258.37681781297,74
30,6564,1,,0,166971.8562213439,91
30,6207,1,1183.0,1,191410.5237933272,22
21,4472,6,1450.0,4,358752.6606149075,170
23,3684,2,,0,219717.47471350632,141
4,915,0,,0,139272.57141903992,27
2,629,1,,0,214755.64032618183,27
22,4625,11,3855.0,2,182893.69080184333,53
33,8667,2,,0,249607.8528020755,10
66,10573,1,1322.0,3,215708.31558194227,110
2,629,1,,0,143545.01850724948,27
52,10311,6,,1,201723.0467316861,61
25,5648,1,30.0,2,147480.9215186932,9
43,10621,1,30.0,2,148028.72239954048,93
5,1564,0,540.0,0,193595.8005105045,6
25,5648,1,30.0,2,134320.38616735206,9
42,9292,3,2620.0,0,201703.7784506829,7
33,7976,5,,0,217009.90907874948,10
43,10621,1,30.0,2,238603.972367964,3
37,7687,11,176.0,5,216252.1745381247,59
17,3379,9,100.0,0,158841.65708203518,107
47,8004,3,125.0,3,175541.2960163774,21
39,8647,0,810.0,0,323233.77875319053,80
23,4583,3,,3,184485.9210269217,47
2,469,0,,0,126626.32864326924,27
5,1564,0,540.0,0,190504.0341954041,6
2,629,1,,0,155380.49435059165,27
1,264,0,,0,277409.4045701919,1
5,1564,0,540.0,0,130471.64682096506,6
2,469,0,,0,146489.54957039302,27
34,7065,1,750.0,2,199663.4455696504,52
5,1564,0,540.0,0,139732.03791053122,6
46,9515,5,,1,428238.0880318175,48
16,3893,27,,3,227510.0337622088,146
2,475,0,,0,153617.552666743,23
1,264,0,,0,158613.76456510546,1
25,4756,16,2857.0,5,183319.3710217756,192
1,264,0,,0,215912.55764187427,1
2,475,0,,0,231464.5103456748,23
74,19083,2,,5,622888.8253279161,13
0,168,0,,0,96769.33047835618,23
6,1318,1,200.0,1,130215.34390945864,1
25,5648,1,30.0,2,144224.82073375766,9
25,4756,16,2857.0,5,427613.4103641615,0
25,5648,1,30.0,2,184267.99732080448,9
34,7759,0,229.0,1,266202.1423709345,53
5,1564,0,540.0,0,221928.3564071566,6
2,629,1,,0,225785.8674391009,62
36,10055,3,,1,189307.6290740566,41
1,264,0,,0,231033.07119544657,1
6,1437,3,,0,253411.00903381448,74
1,264,0,,0,203742.11206960105,1
30,5285,0,645.0,6,201222.82464480613,84
36,10055,3,,1,215452.9688835293,41
2,629,1,,0,117241.48701185363,27
31,5569,0,,1,327747.1526250925,55
49,11395,3,1406.0,3,281742.95708890737,13
18,3374,5,620.0,1,227316.8377051232,17
28,6533,1,1015.0,2,213751.649975518,11
49,11395,3,1406.0,3,181252.5295451609,57
9,1892,0,,0,109028.7013763136,27
34,7065,1,750.0,2,133131.015846201,52
46,10309,1,240.0,1,184850.1876660361,77
39,7614,3,,1,198272.8423446908,64
5,1564,0,540.0,0,219944.37026604853,6
30,6141,10,262.0,3,238412.5580265109,109
30,5285,0,645.0,6,577122.8417268707,54
25,4724,2,1308.0,1,394927.3233394934,44
24,4860,1,80.0,0,198105.88211452667,37
25,5027,4,46.0,1,412237.6925986795,109
35,7077,56,2301.0,3,177309.80868586546,156
46,7960,6,350.0,3,195881.19264074112,111
49,11395,3,1406.0,3,335590.2769875881,57
34,7065,1,750.0,2,114086.06520102992,52
13,2514,19,,0,158287.27179080257,127
23,5735,3,1084.0,0,176597.2981028378,58
31,7010,5,4508.0,3,379936.1388611764,86
22,6398,141,1046.0,3,476843.9424048746,30
5,1564,0,540.0,0,180416.4010977352,6
49,11395,3,1406.0,3,146032.82983421625,22
15,2787,2,520.0,0,69748.50095421361,38
43,8429,3,,3,285341.4632996009,88
4,915,0,,0,111624.04772921118,27
5,1564,0,540.0,0,209426.8887673081,6
36,5992,0,,1,188768.31181685103,55
5,1564,0,540.0,0,156871.13447801306,6
1,264,0,,0,132269.37113859566,1
27,5664,48,2300.0,3,236124.7352776625,120
53,13670,4,,1,335321.14930800925,34
14,3369,24,4129.0,0,145385.1860949122,103
21,4472,6,1450.0,4,204007.5380403508,130
0,168,0,,0,80497.86183435081,23
74,19083,2,,5,235975.23254751437,13
11,2370,0,,0,134649.5341631332,9
35,7715,4,990.0,0,275696.33786537056,2
36,6714,2,2672.0,0,185366.5956651482,26
49,11395,3,1406.0,3,379876.18084648025,57
22,4789,2,4087.0,4,90223.8576839876,84
53,14892,4,,1,207656.90833582915,128
42,7651,1,,1,188753.1630208684,119
2,629,1,,0,194709.99538406843,62
36,5992,0,,1,246508.4862478432,11
25,5648,1,30.0,2,137595.61078150474,9
25,6149,0,,0,151004.78245852975,94
49,11395,3,1406.0,3,171474.19259834918,57
9,1952,1,1430.0,3,265063.0375768849,58
34,7065,1,750.0,2,114105.89636844255,52
0,168,0,,0,110750.16906708064,23
36,5992,0,,1,168255.9349477047,11
53,14892,4,,1,163987.14666118726,27
5,1564,0,540.0,0,130549.37803461136,6
21,4472,6,1450.0,4,229983.57792032743,130
2,629,1,,0,154677.32094837545,62
2,629,1,,0,166353.7343526523,27
47,8004,3,125.0,3,189794.27373942395,21
0,168,0,,0,93674.45518617758,23
30,5562,0,,0,150042.93445663402,18
30,5048,9,325.0,2,452295.3945044829,75
34,7759,0,229.0,1,307321.73994394817,53
10,2277,2,1547.0,0,186002.20864278584,29
22,6398,141,1046.0,3,233331.07731853548,30
28,7287,5,320.0,1,210615.59339119247,37
30,5048,9,325.0,2,175074.9187704664,75
6,1437,3,,0,243837.2736720141,74
9,1768,0,370.0,0,162939.62552178028,71
52,10311,6,,1,176841.33126206032,61
2,629,1,,0,153893.97907658972,27
66,10573,1,1322.0,3,188292.1033271625,99
30,6564,1,,0,121164.91894029333,126
34,7759,0,229.0,1,195474.2991267647,53
43,8429,3,,3,179182.10205899528,88
24,4378,0,1036.0,1,215046.3770312285,44
6,2733,0,920.0,0,327577.3255763727,123
52,10311,6,,1,373187.2602117288,61
30,6141,10,262.0,3,334503.57743907114,109
43,10621,1,30.0,2,107658.01367778098,3
9,1892,0,,0,101028.4835371558,27
28,6746,3,,1,238608.65965989063,8
5,1564,0,540.0,0,138985.32830176025,6
23,5212,6,,3,265157.080198482,45
46,9515,5,,1,216882.2654078904,48
25,5648,1,30.0,2,126209.07560444371,9
2,629,1,,0,220556.03156727031,27
49,11395,3,1406.0,3,115371.16103622931,57
30,5285,0,645.0,6,170189.43225827275,84
46,7960,6,350.0,3,152588.429787374,111
52,11217,1,2300.0,1,174204.39761386756,85
52,11217,1,2300.0,1,159451.0109969512,85
25,4724,2,1308.0,1,209827.8130698705,44
30,5285,0,645.0,6,317505.9792502333,54
47,8004,3,125.0,3,197881.6275718629,21
22,4789,2,4087.0,4,297365.8286224745,84
37,7687,11,176.0,5,311918.7638112213,59
1,264,0,,0,198295.3012279,1
2,629,1,,0,114978.58806293928,62
53,13670,4,,1,271946.13290162984,9
42,7651,1,,1,152253.32497314105,91
23,5735,3,1084.0,0,103156.27601439842,58
39,7614,3,,1,358097.28003652603,70
27,4798,0,30.0,2,179905.2783200393,128
52,10311,6,,1,134747.16377140727,61
24,4860,1,80.0,0,91611.58709056274,61
23,4583,3,,3,250122.1018970321,47
74,19083,2,,5,146453.1987548015,12
30,5285,0,645.0,6,157290.1916921251,84
53,13670,4,,1,379586.05021624704,9
1,264,0,,0,197079.17785117583,1
1,388,0,,0,68177.17857768822,23
74,19083,2,,5,302272.55131002696,12
6,1437,3,,0,111481.14447793223,23
5,1564,0,540.0,0,127557.07644034029,6
1,264,0,,0,203167.12574257728,1
25,4756,16,2857.0,5,177320.99959999367,0
24,4860,1,80.0,0,142402.73927153,44
53,13670,4,,1,595348.3058066913,34
1,264,0,,0,246515.9829120923,1
2,629,1,,0,139044.6864278013,27
1,388,0,,0,82733.31527199424,23
19,3293,16,628.0,3,89659.18778512819,121
17,4017,7,800.0,2,238135.7507826436,33
26,4439,1,1130.0,1,267965.5573240196,8
10,2277,2,1547.0,0,171503.2496131572,29
1,264,0,,0,260380.61542791512,1
17,3379,9,100.0,0,228361.0652026916,107
5,1564,0,540.0,0,175877.2475872327,6
42,9292,3,2620.0,0,275945.1886548664,56
22,4789,2,4087.0,4,307709.9848415315,84
25,5648,1,30.0,2,131115.57885653677,9
22,4625,11,3855.0,2,204113.998858006,53
34,7759,0,229.0,1,186933.36949519868,53
5,1564,0,540.0,0,211324.91795717189,6
2,475,0,,0,104160.49217532984,23
24,4378,0,1036.0,1,187299.327683148,44
2,629,1,,0,195469.50201556308,27
46,10309,1,240.0,1,207816.88317246505,77
22,6398,141,1046.0,3,130259.93885409732,30
19,3806,4,,0,194273.0445550664,103
2,629,1,,0,178621.89102954927,27
31,7010,5,4508.0,3,181770.96226324808,86
16,3893,27,,3,436153.9557215575,167
33,8667,2,,0,162231.34369061922,94
5,1564,0,540.0,0,222842.4600061825,6
30,5048,9,325.0,2,86821.6195226154,75
23,5735,3,1084.0,0,296165.9366894613,58
15,2787,2,520.0,0,234749.3645397998,38
36,10055,3,,1,173252.42643115306,41
25,5648,1,30.0,2,77093.06944928026,9
23,5212,6,,3,439726.6066637209,45
9,1892,0,,0,162549.7752796906,27
31,5569,0,,1,328117.14758881513,55
1,264,0,,0,211523.60058713928,1
25,6149,0,,0,155776.93099642431,93
29,6566,7,1894.0,4,296134.3282298842,75
22,6398,141,1046.0,3,108658.69423995822,30
0,168,0,,0,96285.87659020838,23
43,8429,3,,3,144136.38024372965,94
1,264,0,,0,259255.811276658,1
35,5776,1,2078.0,2,202852.9144567084,11
25,3478,11,2729.0,3,219873.8449545024,125
5,1564,0,540.0,0,134922.64163258972,6
74,19083,2,,5,186870.97186965068,13
35,7715,4,990.0,0,409728.6805340408,59
6,1437,3,,0,162052.06450784186,23
35,5776,1,2078.0,2,186351.71418477892,99
5,1564,0,540.0,0,157522.57417566865,6
24,5469,1,145.0,0,135273.8047917616,58
39,10418,9,900.0,1,91168.98577670944,7
5,1564,0,540.0,0,154196.6194041068,6
2,629,1,,0,209637.1580073941,62
25,5011,8,730.0,0,172947.18054472376,39
30,5562,0,,0,171277.0858440207,18
28,6533,1,1015.0,2,320990.6906201816,11
30,6207,1,1183.0,1,230797.64623393788,22
6,1318,1,200.0,1,135154.82663082387,1
16,3893,27,,3,303278.1628773265,151
34,7065,1,750.0,2,401305.56697146,52
16,4048,3,,1,260456.0046923089,61
2,629,1,,0,256214.70343850408,27
33,7425,1,,2,254690.7254717136,140
25,6149,0,,0,143701.4821522567,94
8,1986,0,,0,198328.5733179669,9
1,264,0,,0,124591.33373707072,1
26,3889,6,705.0,3,90470.43083023836,102
32,5889,10,830.0,4,240956.17448251825,31
17,2810,9,4849.0,3,479612.5252304203,133
3,662,0,35.0,0,182436.67877127265,21
37,7687,11,176.0,5,365466.2161184495,59
33,8667,2,,0,249188.2754434048,94
31,6137,4,,0,186021.7818557031,46
23,5735,3,1084.0,0,102859.93435873164,58
36,6714,2,2672.0,0,316414.7806969668,138
34,7759,0,229.0,1,203671.17529058503,53
50,12238,8,1970.0,2,284889.7728782213,24
47,8004,3,125.0,3,147514.7194294972,21
9,1892,0,,0,151318.95610082892,27
33,6783,3,,1,426602.68867166014,17
39,10418,9,900.0,1,183283.83789693727,7
11,2370,0,,0,113423.37755958216,9
1,264,0,,0,202963.90807159824,1
30,6207,1,1183.0,1,122246.60499657111,22
0,168,0,,0,67319.23103598473,23
9,1892,0,,0,123659.19010464229,27
43,8429,3,,3,152528.75040962346,94
27,5664,48,2300.0,3,294050.4068172783,120
25,3478,11,2729.0,3,208323.43117251663,29
22,6398,141,1046.0,3,176123.90121454245,30
1,264,0,,0,218492.7193784044,1
1,264,0,,0,206645.58262853383,1
2,469,0,,0,178312.31128323273,27
25,5648,1,30.0,2,136744.3408267216,9
24,5469,1,145.0,0,367106.4598020981,58
34,7065,1,750.0,2,182886.61092346077,52
25,4756,16,2857.0,5,203894.398945402,81
25,3478,11,2729.0,3,122959.45266071748,29
34,7065,1,750.0,2,125315.17132318368,52
35,5776,1,2078.0,2,142831.17655587776,99
39,10418,9,900.0,1,169061.6695600325,7
29,6566,7,1894.0,4,209729.99929386977,124
28,6533,1,1015.0,2,134975.00657264795,11
23,5212,6,,3,417664.8974412597,45
38,4788,2,,0,173950.31331834462,67
33,7425,1,,2,133795.85137154313,2
25,5487,3,,0,174539.65941617265,21
2,629,1,,0,125740.19208864964,62
43,10621,1,30.0,2,124346.85246518812,93
47,11319,0,1145.0,3,172887.52455463458,46
5,1564,0,540.0,0,132042.52276253962,6
31,7010,5,4508.0,3,184324.1035265157,86
53,14892,4,,1,202248.0479051063,96
9,1892,0,,0,168215.22861001766,27
43,10621,1,30.0,2,259439.4356178352,3
25,4756,16,2857.0,5,78388.8061857356,81
36,5992,0,,1,167687.5002145933,11
2,629,1,,0,185252.70176315773,27
0,168,0,,0,66883.28031837584,23
43,7227,0,,1,257211.13828511463,87
52,10311,6,,1,214443.64536911628,61
23,5212,6,,3,371285.5811607349,45
42,7651,1,,1,163202.8741746016,22
2,629,1,,0,99068.37283122004,27
18,3746,9,75.0,3,294083.54997533344,143
43,8429,3,,3,328241.7478354388,88
5,1564,0,540.0,0,173732.18259483034,6
33,6783,3,,1,396428.6243509013,69
11,2370,0,,0,247185.7305233828,9
1,264,0,,0,133112.9822283021,1
47,11319,0,1145.0,3,341297.3172038725,46
6,1437,3,,0,110127.1994120511,23
41,6558,7,1548.0,3,142044.90616341983,101
9,1892,0,,0,120221.58184285506,27
6,1437,3,,0,177297.20509252066,23
42,9292,3,2620.0,0,156935.28802483654,7
0,168,0,,0,110601.73057260754,23
23,4583,3,,3,180046.29875849796,47
25,5487,3,,0,499830.9375771305,21
21,4231,14,1020.0,0,441533.4208600128,167
22,6398,141,1046.0,3,625678.6449938916,43
47,8004,3,125.0,3,161789.5602273999,21
22,6398,141,1046.0,3,150822.68156426848,30
43,7227,0,,1,236123.69832419808,67
33,8667,2,,0,354690.49127100507,94
46,10309,1,240.0,1,302175.1188943517,77
2,629,1,,0,190552.32463566848,62
1,264,0,,0,145682.92485318286,1
52,10311,6,,1,197442.3087341575,61
34,7065,1,750.0,2,132376.63712946037,52
2,629,1,,0,134850.66830939075,62
1,264,0,,0,147248.59096342878,1
28,6746,3,,1,224248.3813696932,8
32,5889,10,830.0,4,318154.4751696618,31
21,4472,6,1450.0,4,211492.27887569176,118
18,3374,5,620.0,1,233488.34286951172,17
28,7287,5,320.0,1,134534.6515127899,37
9,1892,0,,0,137434.45501347998,27
1,264,0,,0,293992.26217514946,1
28,6533,1,1015.0,2,163496.96624300705,11
9,1892,0,,0,117344.43405567322,27
32,5889,10,830.0,4,240371.52263436676,31
35,7077,56,2301.0,3,302065.2961465718,163
21,5731,0,,1,185251.8177575307,15
0,168,0,,0,96563.36781006184,23
33,6783,3,,1,482254.9353252193,19
47,11319,0,1145.0,3,191826.257759833,46
2,629,1,,0,125797.83259904616,62
47,11319,0,1145.0,3,186422.9478849304,46
8,1986,0,,0,200653.92013896428,9
52,11217,1,2300.0,1,245401.57658326448,16
2,629,1,,0,240769.9990833252,62
42,9292,3,2620.0,0,178631.00196014837,2
1,264,0,,0,174740.30122446205,1
6,1437,3,,0,107528.2028809254,23
33,7976,5,,0,185193.8403765142,35
9,1892,0,,0,98374.91852542636,27
34,7065,1,750.0,2,175002.66508503028,74
2,629,1,,0,183516.6109399185,27
22,6398,141,1046.0,3,177710.60140096094,30
9,1892,0,,0,94519.89966429867,27
17,3379,9,100.0,0,278975.6739081099,107
22,3151,4,2715.0,3,164773.17474846955,90
30,5048,9,325.0,2,155277.47763336738,75
16,3433,4,2643.0,4,258091.8836793889,5
74,19083,2,,5,297804.6818923344,13
36,5992,0,,1,226946.81833905604,11
46,7960,6,350.0,3,227089.7360381992,111
74,19083,2,,5,284437.5431828529,12
6,1437,3,,0,125991.11683969288,74
42,7651,1,,1,153831.04501308108,91
53,13670,4,,1,197594.28380712555,34
6,1437,3,,0,112243.0784346032,23
53,14892,4,,1,229134.30144646173,27
5,1564,0,540.0,0,151846.93589895096,6
6,1437,3,,0,110736.0103826448,23
1,264,0,,0,204341.2520259192,1
2,629,1,,0,114078.6393856496,62
17,3379,9,100.0,0,519710.54276622384,166
5,1564,0,540.0,0,171906.6417747303,6
5,1564,0,540.0,0,197996.6860148766,6
1,264,0,,0,160400.40173203114,1
39,8647,0,810.0,0,207383.66889817052,80
15,2787,2,520.0,0,275123.6398179179,38
19,3806,4,,0,187564.79760043023,89
11,2398,2,1994.0,3,204670.09667604536,40
2,469,0,,0,213372.8651374798,27
2,475,0,,0,111207.56542067885,23
22,6398,141,1046.0,3,574631.3340507058,4
47,11319,0,1145.0,3,251356.3964501259,123
26,3889,6,705.0,3,287806.6934101388,63
34,7759,0,229.0,1,277153.8012596597,53
25,5648,1,30.0,2,146525.63401285224,9
1,264,0,,0,262492.69343790034,1
1,264,0,,0,102568.34939325982,1
37,7687,11,176.0,5,402234.3417234169,20
30,6207,1,1183.0,1,147065.20372954253,28
19,3806,4,,0,371270.86995426,45
21,4346,2,165.0,1,131950.13359624302,78
5,1564,0,540.0,0,215387.0196896559,6
4,915,0,,0,121544.40518426796,27
5,1564,0,540.0,0,175768.01373285474,6
2,629,1,,0,98209.09179867448,27
25,4724,2,1308.0,1,156904.15191716715,44
27,5664,48,2300.0,3,316991.45634969487,168
52,11217,1,2300.0,1,175356.36604794435,85
8,1986,0,,0,206151.7279539586,9
53,14892,4,,1,203089.526037057,187
6,1437,3,,0,182395.44396301312,23
2,469,0,,0,126596.94179802762,27
23,5735,3,1084.0,0,198360.84476264252,58
43,10621,1,30.0,2,254827.0168027521,93
52,10311,6,,1,193465.77985094252,61
0,168,0,,0,141566.63889157405,23
32,5889,10,830.0,4,217293.48354385063,31
26,4439,1,1130.0,1,222914.78317680597,8
0,168,0,,0,81675.49379861144,23
34,7065,1,750.0,2,241426.3960999263,74
38,4788,2,,0,244256.7565478384,67
37,5288,0,1937.0,3,171970.29260794516,90
25,5648,1,30.0,2,148394.45884670728,9
5,1564,0,540.0,0,172391.23719177273,6
22,6398,141,1046.0,3,115837.0706618976,30
30,5562,0,,0,91539.4453718156,18
1,264,0,,0,135612.75440532778,1
28,6746,3,,1,152382.7033742922,78
2,629,1,,0,267169.95343826275,27
5,1564,0,540.0,0,168195.5370944865,6
5,1564,0,540.0,0,223887.50175977865,6
74,19083,2,,5,247011.7328999099,12
47,11319,0,1145.0,3,422792.1161346393,46
19,3806,4,,0,211360.70205978784,45
2,629,1,,0,104479.15980616253,62
23,5212,6,,3,192840.1062099084,45
2,629,1,,0,119183.59621110324,62
19,3856,10,,2,387904.1363197119,124
53,13670,4,,1,352426.8394435653,34
53,13670,4,,1,298344.6897815286,25
17,4017,7,800.0,2,243531.49043131183,167
23,3684,2,,0,226438.64110860185,108
5,1564,0,540.0,0,153296.98021033686,6
29,6566,7,1894.0,4,315095.82550240925,139
53,14892,4,,1,235760.7858909164,149
22,3151,4,2715.0,3,148657.6167773435,145
36,6714,2,2672.0,0,216835.94938154952,26
1,264,0,,0,188189.00807600984,1
23,5735,3,1084.0,0,189236.62540197733,8
24,5613,5,1340.0,2,286137.55403393385,129
2,629,1,,0,145555.37422030847,62
11,2398,2,1994.0,3,187897.9033444394,40
2,629,1,,0,150362.36377355168,62
1,264,0,,0,193318.00033269756,1
37,5288,0,1937.0,3,167958.75816064927,3
17,4017,7,800.0,2,380287.42234412406,142
24,5469,1,145.0,0,206974.62740173092,79
6,1437,3,,0,224526.41420063004,74
9,1892,0,,0,161379.06703421788,27
1,264,0,,0,114363.1234314338,1
52,10311,6,,1,99567.36691294424,61
53,13670,4,,1,334978.00755886955,34
19,3293,16,628.0,3,321506.27710400044,43
22,6398,141,1046.0,3,94112.08029306737,30
37,5288,0,1937.0,3,330243.4995596785,90
2,629,1,,0,211217.6575938984,27
5,1564,0,540.0,0,224361.2839017305,6
34,7759,0,229.0,1,203418.2912189457,53
18,3594,4,192.0,1,497262.3929013146,169
42,7651,1,,1,338987.7298293355,119
52,11217,1,2300.0,1,348054.6889486404,85
31,7010,5,4508.0,3,201727.67434898872,86
46,10309,1,240.0,1,203145.26256505933,77
25,4756,16,2857.0,5,193355.99689636423,81
23,5067,4,,2,571939.9181107573,56
22,6398,141,1046.0,3,179421.54400650295,30
32,5889,10,830.0,4,168269.65065171366,31
4,915,0,,0,121435.13725656414,27
6,1437,3,,0,137118.79872145294,23
25,5487,3,,0,159437.1672992697,21
36,6714,2,2672.0,0,364034.1476228478,177
5,1564,0,540.0,0,191935.1651746536,6
4,915,0,,0,122318.94259977952,27
16,3681,73,1815.0,2,317732.45881569263,116
66,10573,1,1322.0,3,177932.86248912165,122
42,7651,1,,1,140029.71954866382,91
2,629,1,,0,118030.694309466,62
25,6149,0,,0,171845.1194601299,93
9,1892,0,,0,90878.67779939758,27
6,2733,0,920.0,0,530284.4274582582,123
30,6207,1,1183.0,1,230538.17020180676,22
36,10055,3,,1,250804.2255786409,41
35,7077,56,2301.0,3,304161.0431846261,163
30,5048,9,325.0,2,190508.8580124111,75
36,10055,3,,1,326621.75077690807,41
26,4439,1,1130.0,1,227600.96192885804,8
43,7227,0,,1,190326.383375178,67
19,3806,4,,0,136344.73359265068,103
35,7077,56,2301.0,3,363435.121744254,163
16,3433,4,2643.0,4,195911.72975201887,46
34,7759,0,229.0,1,287922.5624333037,53
1,264,0,,0,207003.774450112,1
34,7759,0,229.0,1,255580.6402201533,53
28,6533,1,1015.0,2,149846.2809772461,11
36,10055,3,,1,209225.7203978596,44
23,5212,6,,3,375417.95058966655,45
2,629,1,,0,166953.48465231078,27
32,6748,93,562.0,4,300001.92745199165,159
25,4724,2,1308.0,1,221886.4659421357,44
53,13670,4,,1,179255.45731164466,25
37,6856,84,1940.0,2,494904.0821144387,14
0,168,0,,0,63624.3202828164,23
23,3684,2,,0,89758.60449576614,31
1,264,0,,0,257325.22850874224,1
5,1564,0,540.0,0,202280.20882726728,6
25,5648,1,30.0,2,137399.66471130805,9
46,7960,6,350.0,3,394195.855486009,32
33,8667,2,,0,182091.3083816285,94
47,11319,0,1145.0,3,424047.7111275685,46
30,6564,1,,0,508084.108360155,28
23,5735,3,1084.0,0,201996.79763924336,58
37,7687,11,176.0,5,278999.6064824645,59
5,1564,0,540.0,0,184374.32853170767,6
33,7425,1,,2,148307.8158425077,2
23,4583,3,,3,284031.8151012588,47
38,4788,2,,0,223131.72727112653,83
47,11319,0,1145.0,3,173393.07096786812,46
53,13670,4,,1,294835.39730101853,25
10,2277,2,1547.0,0,114696.05968134076,29
37,7687,11,176.0,5,341111.8632207416,20
23,4583,3,,3,189821.46612705413,47
1,264,0,,0,135253.30325413,1
16,3433,4,2643.0,4,144605.50562142633,5
25,5648,1,30.0,2,231908.27808894985,9
11,2398,2,1994.0,3,202813.91551865925,40
42,7651,1,,1,245225.68761164948,119
1,264,0,,0,128173.11300969352,1
47,8004,3,125.0,3,536670.6727842946,125
31,6119,4,,1,181634.1042731341,29
22,6398,141,1046.0,3,190404.19558399072,30
36,10055,3,,1,263378.3703757605,41
30,6141,10,262.0,3,369192.9003156688,109
26,3889,6,705.0,3,271601.0262924377,63
0,168,0,,0,113619.86683863828,23
53,14892,4,,1,169364.15796239668,96
0,168,0,,0,206796.6707411423,23
34,7065,1,750.0,2,263541.9488651742,74
52,10311,6,,1,170005.34897436286,61
1,264,0,,0,177176.98202883388,1
28,6533,1,1015.0,2,147558.82767375454,101
47,11319,0,1145.0,3,207183.3075165361,46
36,10055,3,,1,84618.07293642491,41
30,5285,0,645.0,6,106150.11620116828,0
23,5067,4,,2,428962.882881042,56
43,8429,3,,3,213371.43491424568,88
9,1892,0,,0,125107.8649524418,27
32,5889,10,830.0,4,497530.7783640745,31
39,7614,3,,1,203190.6509257756,62
1,264,0,,0,149411.12034349388,1
23,4583,3,,3,165767.1925633933,47
25,5011,8,730.0,0,85496.55294046957,39
30,5048,9,325.0,2,87214.36187584829,79
22,4625,11,3855.0,2,231866.1033558153,148
23,5735,3,1084.0,0,139507.76343973086,58
25,4724,2,1308.0,1,261051.18633258215,44
9,1892,0,,0,87854.98901721073,27
25,4724,2,1308.0,1,242977.6507337122,44
27,5148,14,1575.0,5,294348.5764953368,144
34,7065,1,750.0,2,212146.96609215747,52
30,6207,1,1183.0,1,239938.1361084706,28
21,4231,14,1020.0,0,387406.6239494211,114
66,10573,1,1322.0,3,165172.20093174942,99
24,5469,1,145.0,0,302929.1088677908,113
27,5664,48,2300.0,3,95630.51938552488,168
17,3079,59,2890.0,0,443270.8175202512,182
1,264,0,,0,180413.5381445818,1
1,264,0,,0,237723.0615282137,1
33,5261,0,240.0,3,231413.28954085035,1
23,4635,5,3300.0,2,528015.4258840764,111
2,469,0,,0,177719.45833735575,27
28,6746,3,,1,270812.33538937627,78
0,168,0,,0,69485.84525572698,23
35,7715,4,990.0,0,166716.5312018224,2
36,6714,2,2672.0,0,73312.98666384838,26
39,8647,0,810.0,0,166765.5074582915,80
25,5027,4,46.0,1,412668.4370163375,109
11,3097,0,,0,120875.74991497627,27
22,4789,2,4087.0,4,218458.39621802443,84
2,469,0,,0,139819.67858494766,27
25,4756,16,2857.0,5,159039.956890432,81
34,7759,0,229.0,1,357335.86094654305,53
23,5212,6,,3,329509.72904213273,45
30,5562,0,,0,224017.1038087231,145
25,5648,1,30.0,2,142654.4458964326,9
47,8004,3,125.0,3,115403.977461852,21
47,11319,0,1145.0,3,215428.652558374,46
25,5648,1,30.0,2,182384.1722497861,9
2,629,1,,0,123267.2220364894,27
52,11217,1,2300.0,1,271283.882334084,85
11,2370,0,,0,198792.63123715867,9
41,6558,7,1548.0,3,184276.5027733505,101
21,4472,6,1450.0,4,282108.1909530615,130
30,5285,0,645.0,6,178225.16885551697,84
26,3889,6,705.0,3,286385.5653042369,63
27,5664,48,2300.0,3,217682.3601231725,168
53,13670,4,,1,343821.9347439352,34
21,4346,2,165.0,1,188021.7025215461,78
1,264,0,,0,234012.4652937173,1
5,1564,0,540.0,0,121076.58531452916,6
9,1952,1,1430.0,3,150538.91099337992,58
53,14892,4,,1,182356.31732793327,96
22,6398,141,1046.0,3,236830.76463663572,104
36,5992,0,,1,198363.49762961315,11
2,629,1,,0,144523.26886365525,62
9,1892,0,,0,93560.78955317124,27
29,6566,7,1894.0,4,415070.47090506594,75
16,4048,3,,1,322048.43399028893,77
23,5735,3,1084.0,0,105815.22850409904,58
23,5212,6,,3,338905.71613745,45
47,8004,3,125.0,3,75234.30129673147,21
6,1437,3,,0,121732.72747657837,23
15,2787,2,520.0,0,402378.8484851804,38
5,1564,0,540.0,0,183893.27255396885,6
39,7614,3,,1,90379.12439791238,62
2,629,1,,0,260724.3346505845,27
2,629,1,,0,145705.11743985035,27
14,3369,24,4129.0,0,185075.02498784164,120
1,264,0,,0,194957.59602230735,1
30,5562,0,,0,182814.2243611469,18
33,7976,5,,0,264581.6914375502,10
34,7759,0,229.0,1,275743.94401795,53
28,6533,1,1015.0,2,202485.93464365232,11
52,11217,1,2300.0,1,262616.8425370244,85
23,5735,3,1084.0,0,356879.0083990236,8
35,7715,4,990.0,0,88212.17799770588,19
36,10055,3,,1,176808.83723849274,41
27,4798,0,30.0,2,85910.68526152098,128
22,4625,11,3855.0,2,189775.31967673163,53
46,7960,6,350.0,3,247964.9817677821,64
30,5285,0,645.0,6,175058.64514835118,21
33,5261,0,240.0,3,165880.14506847394,1
18,3374,5,620.0,1,226274.8439063145,17
33,8667,2,,0,157839.20760556922,94
36,6714,2,2672.0,0,150828.48105244266,26
38,4788,2,,0,117422.13307798098,67
24,5613,5,1340.0,2,340273.2382531583,129
35,7715,4,990.0,0,268191.61512656737,59
30,5285,0,645.0,6,274453.1752572162,84
22,6398,141,1046.0,3,168439.19231353694,30
46,9515,5,,1,239865.6894086316,48
46,7960,6,350.0,3,253044.07147414392,32
36,6714,2,2672.0,0,161259.1009904362,26
34,7065,1,750.0,2,220658.16042073548,52
25,4756,16,2857.0,5,148828.86464343802,147
33,7976,5,,0,172525.6581725745,10
34,7065,1,750.0,2,160148.74229808466,52
5,1564,0,540.0,0,183459.4023770156,6
31,6119,4,,1,149785.0334193,105
2,629,1,,0,149885.22962846182,27
52,10311,6,,1,174876.6927888235,61
1,264,0,,0,157086.43860460885,1
5,1564,0,540.0,0,191027.02248901344,6
6,1437,3,,0,99950.20191865374,23
23,5735,3,1084.0,0,146159.4985418061,58
43,10621,1,30.0,2,183144.8643402941,93
5,1564,0,540.0,0,107968.54933165964,6
31,7010,5,4508.0,3,379841.447889656,86
21,4231,14,1020.0,0,208645.77468587767,107
36,6714,2,2672.0,0,299500.1276286233,138
19,3806,4,,0,262279.8139145041,161
53,14892,4,,1,237308.83562442052,27
1,264,0,,0,220120.2187009125,1
5,1564,0,540.0,0,173739.19794062385,6
49,11395,3,1406.0,3,240259.0402257254,57
42,9292,3,2620.0,0,346739.40976590663,7
33,5261,0,240.0,3,216235.70076330687,1
6,1437,3,,0,372244.4030932101,74
23,3975,8,770.0,2,158600.5873748427,100
31,6119,4,,1,213448.39176679665,29
5,1564,0,540.0,0,183527.12465555948,6
25,5487,3,,0,221999.9574435452,21
35,7715,4,990.0,0,181535.3879017516,19
53,14892,4,,1,275636.6453073813,96
24,5469,1,145.0,0,184379.76747038247,58
2,629,1,,0,150713.93234874008,27
30,6141,10,262.0,3,448241.0593142535,89
30,6207,1,1183.0,1,227877.9218682224,28
28,6746,3,,1,173298.50335530835,8
36,10055,3,,1,262260.6704175361,41
74,19083,2,,5,215556.50167604297,13
37,7687,11,176.0,5,362498.30676218896,59
74,19083,2,,5,177118.47882330566,13
15,2787,2,520.0,0,171571.98812408652,113
25,5487,3,,0,165494.06420452485,21
1,264,0,,0,210416.97967213916,1
42,9292,3,2620.0,0,266084.3293316922,56
6,1437,3,,0,190419.23931573363,23
21,5731,0,,1,171531.56915459645,42
39,10418,9,900.0,1,193455.8225168272,7
36,6714,2,2672.0,0,304383.0094058014,26
35,7715,4,990.0,0,179563.73783453554,74
24,5613,5,1340.0,2,146663.59115506694,150
22,6398,141,1046.0,3,166615.96295009868,30
36,10055,3,,1,325730.73044025624,41
33,8667,2,,0,428271.11081722815,10
33,7425,1,,2,244300.90653296304,200
6,1437,3,,0,133607.42667122386,23
21,5731,0,,1,160488.03316458382,42
31,6119,4,,1,204279.4045473175,105
31,6119,4,,1,171941.59463405664,29
9,1892,0,,0,91331.03692552289,27
42,7651,1,,1,198803.14598470932,28
1,264,0,,0,166771.49308103847,1
22,6398,141,1046.0,3,147861.19561606194,30
35,5776,1,2078.0,2,160534.0503937933,99
36,6714,2,2672.0,0,190562.28884201925,26
36,10055,3,,1,202485.3170217976,41
2,469,0,,0,147107.94248506427,27
41,6558,7,1548.0,3,177190.0990602331,101
31,6137,4,,0,311518.1660215265,25
2,629,1,,0,212188.9595373365,27
23,5735,3,1084.0,0,358673.7463658397,8
52,10311,6,,1,240506.02157803968,61
25,5027,4,46.0,1,242003.29819021423,109
46,9515,5,,1,225121.6629260504,48
23,3975,8,770.0,2,231823.239567243,100
33,6783,3,,1,249174.5298575212,19
53,13670,4,,1,250175.7817997947,34
46,10309,1,240.0,1,228984.5858429357,77
66,10573,1,1322.0,3,179639.08856203253,122
23,5735,3,1084.0,0,165908.6820551602,58
2,629,1,,0,125698.11821527214,62
30,5562,0,,0,251765.7700101657,18
23,5212,6,,3,237689.0214649219,45
21,5731,0,,1,179926.17374212664,42
6,1437,3,,0,245608.98985473425,23
43,7227,0,,1,272178.7491592752,87
53,13670,4,,1,461975.7705759389,25
24,4378,0,1036.0,1,203058.075211068,44
39,10418,9,900.0,1,169369.97126871726,7
25,4724,2,1308.0,1,162336.721266244,44
1,264,0,,0,231115.381062018,1
30,5562,0,,0,176590.28782155734,18
34,7065,1,750.0,2,211333.9810893232,52
22,6398,141,1046.0,3,150114.9773033383,30
35,5776,1,2078.0,2,214619.13633683723,55
1,264,0,,0,201704.63967104445,1
23,5735,3,1084.0,0,125040.34312702571,58
27,4798,0,30.0,2,264622.7392289822,128
53,13670,4,,1,328680.8694070161,25
8,2423,1,32.0,0,316106.22988207225,47
37,7687,11,176.0,5,177899.49833285125,20
5,1564,0,540.0,0,192048.44263118887,6
31,7010,5,4508.0,3,235037.7582147104,86
35,7715,4,990.0,0,196273.23993608443,59
6,1437,3,,0,155269.26407475953,23
53,13670,4,,1,224978.1935380117,34
25,5487,3,,0,177913.1651305515,21
1,264,0,,0,128369.72070050873,1
53,13670,4,,1,238778.01104713447,34
33,8667,2,,0,381912.1621086675,94
47,11319,0,1145.0,3,172925.54069366583,46
17,4017,7,800.0,2,188512.9999392712,142
33,6783,3,,1,273490.87992599147,69
0,168,0,,0,73320.95279737016,23
6,1437,3,,0,254005.38186295828,74
46,9515,5,,1,183118.7602509889,48
5,1564,0,540.0,0,185670.5657154493,6
26,3889,6,705.0,3,423176.9148783047,63
31,5569,0,,1,194897.22865442297,55
1,264,0,,0,139830.86429014438,1
41,6558,7,1548.0,3,353927.73469466966,101
36,5992,0,,1,193813.06205520648,11
5,1564,0,540.0,0,117188.64222441314,6
5,1564,0,540.0,0,149875.04757507233,6
4,915,0,,0,113622.43062439964,27
6,2733,0,920.0,0,445424.56422934897,123
25,5648,1,30.0,2,241069.9425037721,9
25,4756,16,2857.0,5,113607.10830786751,0
19,3806,4,,0,178225.1238543756,103
2,629,1,,0,167988.15544199874,27
53,13670,4,,1,354075.95773212385,34
23,5212,6,,3,376697.1215843856,45
18,3594,4,192.0,1,226053.13522934035,169
30,5048,9,325.0,2,178625.55002758102,79
37,5288,0,1937.0,3,151319.51539642597,90
2,629,1,,0,111851.66026592258,62
49,11395,3,1406.0,3,158535.62440798886,57
43,8429,3,,3,210803.2409232672,88
32,5889,10,830.0,4,317648.06601182936,103
2,475,0,,0,157140.84899784645,23
32,5889,10,830.0,4,292871.46459161665,103
8,1986,0,,0,190438.1367175997,9
31,6119,4,,1,286692.0349498658,29
33,8667,2,,0,155930.413124247,94
1,264,0,,0,436304.3585514506,1
25,4724,2,1308.0,1,163193.80509840418,44
30,5562,0,,0,160880.05944814318,18
22,6398,141,1046.0,3,566435.1534595944,104
17,3379,9,100.0,0,215525.74984494888,194
27,5664,48,2300.0,3,326791.71463858185,115
36,10055,3,,1,294072.8415049517,41
23,5212,6,,3,443277.94276019,45
2,469,0,,0,127291.38033775792,27
2,629,1,,0,194563.7820607905,62
53,14892,4,,1,337030.70711224823,27
36,6714,2,2672.0,0,287236.87727737176,138
50,12238,8,1970.0,2,191477.91638873235,24
38,4788,2,,0,454503.4687278275,83
19,3806,4,,0,150888.3117632738,45
11,3097,0,,0,131064.4349846021,27
1,264,0,,0,247121.07758341965,1
39,10418,9,900.0,1,250830.67685920105,7
6,1437,3,,0,263391.8213542156,74
53,13670,4,,1,307799.6723688526,9
27,4798,0,30.0,2,171087.84987511788,128
36,5992,0,,1,174834.99192848516,11
1,264,0,,0,243769.01251496875,1
5,1564,0,540.0,0,176538.46439494626,6
34,7065,1,750.0,2,115127.96983754847,52
46,10309,1,240.0,1,220566.0570628231,77
0,168,0,,0,144718.36237254206,23
74,19083,2,,5,320044.5554449272,13
4,915,0,,0,97050.81928607544,27
23,5212,6,,3,287641.872032122,98
1,264,0,,0,142003.76994013097,1
9,1892,0,,0,120748.54967115023,27
1,264,0,,0,301942.8823171452,1
16,3893,27,,3,288203.4500753227,146
23,5067,4,,2,321543.4781949109,56
27,5664,48,2300.0,3,370625.2250943605,130
50,12238,8,1970.0,2,180450.68204402085,66
25,5648,1,30.0,2,211913.69669020807,9
1,264,0,,0,270210.5465782196,1
2,629,1,,0,175224.0460320613,27
36,10055,3,,1,317858.0807109456,41
2,629,1,,0,145057.2089748955,27
30,6564,1,,0,456916.5399610608,28
33,7425,1,,2,241027.4318948261,140
35,7077,56,2301.0,3,157977.77046354505,163
16,3893,27,,3,196575.45490153373,146
41,6558,7,1548.0,3,230372.6610038333,101
0,168,0,,0,130704.4388946574,23
22,6398,141,1046.0,3,196132.2552855741,30
34,7065,1,750.0,2,198597.31064090444,52
26,4439,1,1130.0,1,203558.797804496,8
42,7651,1,,1,169616.4684513733,119
11,2748,1,,0,180491.79627912288,58
19,3806,4,,0,257651.68289391903,45
6,1437,3,,0,123225.90337009088,23
6,1437,3,,0,174127.62321619777,74
5,1564,0,540.0,0,152150.57078783066,6
46,7960,6,350.0,3,387448.9188545305,111
36,5992,0,,1,249618.4001283037,11
43,10621,1,30.0,2,91098.21450668792,3
34,7065,1,750.0,2,138811.33723799567,52
25,4724,2,1308.0,1,314013.10109041305,44
47,8004,3,125.0,3,182131.99254832137,21
24,5469,1,145.0,0,155159.65192566602,58
53,13670,4,,1,135163.32187732178,34
52,10311,6,,1,231223.862495127,61
53,13670,4,,1,293394.7740102247,34
4,915,0,,0,135508.8389922278,27
34,7065,1,750.0,2,163579.1306312849,52
53,13670,4,,1,239177.6854728131,25
43,8429,3,,3,175563.2820997862,88
1,264,0,,0,155677.69201058414,1
19,3856,10,,2,316174.0230875188,124
30,5562,0,,0,164329.93086880632,18
2,629,1,,0,197796.4992287549,27
74,19083,2,,5,206664.61997310063,12
29,6566,7,1894.0,4,263000.36032147467,139
5,1564,0,540.0,0,186941.3427144469,6
38,4788,2,,0,175191.2771029762,67
1,264,0,,0,200074.79649312395,1
17,3379,9,100.0,0,210962.63436713853,124
47,8004,3,125.0,3,548502.037439846,21
53,13670,4,,1,240564.11943190428,25
22,6398,141,1046.0,3,162495.6160643318,30
5,1564,0,540.0,0,216422.14290737067,6
53,14892,4,,1,138770.69373369805,128
22,6398,141,1046.0,3,170574.39355787766,30
2,469,0,,0,167088.4129628161,27
18,3594,4,192.0,1,358025.05164418346,37
37,5288,0,1937.0,3,165500.0886862159,3
1,264,0,,0,137782.94194009312,1
21,4472,6,1450.0,4,186781.4739946581,170
21,4231,14,1020.0,0,305618.7786892056,107
52,10311,6,,1,222455.5493000056,61
22,6398,141,1046.0,3,254145.87034999003,30
26,4439,1,1130.0,1,265393.24325355893,8
5,1564,0,540.0,0,137820.11589642215,6
53,13670,4,,1,306662.3196676105,25
9,1892,0,,0,113434.27024875752,27
28,7287,5,320.0,1,282030.1698217507,37
23,5212,6,,3,316763.42365934944,45
37,7687,11,176.0,5,506353.57768353575,20
46,7960,6,350.0,3,312739.51167418127,32
46,10309,1,240.0,1,223131.5573212116,47
53,14892,4,,1,215374.9239473305,27
74,19083,2,,5,233182.4113346103,13
0,168,0,,0,128875.51763139384,23
42,7651,1,,1,176768.35548097402,119
66,10573,1,1322.0,3,187042.0204219261,110
0,168,0,,0,114949.29782547108,23
0,168,0,,0,68382.94400941272,23
9,1892,0,,0,127644.09190675456,27
22,6398,141,1046.0,3,130096.02212470552,30
23,4635,5,3300.0,2,573999.459148499,17
1,388,0,,0,103515.58608496856,23
8,1986,0,,0,161684.49114452102,9
14,3369,24,4129.0,0,198819.511617455,161
37,6856,84,1940.0,2,259418.64005895663,73
22,6398,141,1046.0,3,300568.871969263,43
46,7960,6,350.0,3,205873.29803256108,64
33,6783,3,,1,276821.428447713,69
9,1892,0,,0,103502.69776282088,27
24,5613,5,1340.0,2,281535.57812150376,49
1,388,0,,0,100480.95487872268,23
21,4346,2,165.0,1,496026.671161636,78
1,264,0,,0,241790.9167442865,1
2,469,0,,0,237200.0562504751,27
1,264,0,,0,139003.71483814597,1
33,7976,5,,0,338968.58415509283,98
5,1564,0,540.0,0,150964.40454575926,6
24,4860,1,80.0,0,200003.78063658412,44
18,3594,4,192.0,1,338780.79834534595,169
5,1564,0,540.0,0,206507.10818456445,6
21,4472,6,1450.0,4,352702.6356926881,118
25,5648,1,30.0,2,133531.88616510466,9
37,7687,11,176.0,5,303328.0320753493,59
16,3893,27,,3,526299.2771428521,162
6,1437,3,,0,111787.07915914067,23
37,6856,84,1940.0,2,143799.07018203865,14
1,264,0,,0,228164.8026455539,1
2,475,0,,0,124299.29018154036,23
8,1986,0,,0,169690.825441214,9
30,5285,0,645.0,6,245743.408147598,84
39,10418,9,900.0,1,224564.3114488081,2
31,6137,4,,0,141178.00678132253,46
23,5212,6,,3,336330.4991141257,45
42,7651,1,,1,235489.47690462865,28
8,1986,0,,0,122144.8514388418,9
17,3079,59,2890.0,0,229334.5847422309,159
5,1564,0,540.0,0,207709.84985207857,6
6,1437,3,,0,226821.3434341367,74
5,1564,0,540.0,0,160709.9137822839,6
43,7227,0,,1,196773.31702770895,67
1,264,0,,0,255102.40670870608,1
2,469,0,,0,125183.73858340592,27
30,6564,1,,0,366311.7821830489,28
2,629,1,,0,179525.64168486735,27
33,5261,0,240.0,3,237699.79183914277,1
22,4625,11,3855.0,2,147119.85280451097,53
6,1437,3,,0,161884.49795418436,23
52,10311,6,,1,358747.7777784219,61
2,629,1,,0,165274.70722069422,27
46,9515,5,,1,325675.6886142334,48
5,1564,0,540.0,0,250371.08911572,6
30,6207,1,1183.0,1,245064.47200759847,28
5,1564,0,540.0,0,162124.18945271152,6
39,10418,9,900.0,1,187904.52654135824,7
32,6748,93,562.0,4,242067.73485957985,50
2,629,1,,0,189184.4497945521,62
36,6714,2,2672.0,0,410839.1295821821,26
31,7010,5,4508.0,3,85840.13184506353,66
22,4789,2,4087.0,4,176717.51163234128,84
11,2370,0,,0,218846.76890690392,9
2,469,0,,0,127650.05486163516,27
2,469,0,,0,161884.91034616335,27
4,915,0,,0,152685.2493918778,27
22,6398,141,1046.0,3,216530.71337810875,30
43,8429,3,,3,354578.9553754789,88
35,7077,56,2301.0,3,473592.68238352187,135
18,3594,4,192.0,1,585105.2286706542,169
41,6558,7,1548.0,3,182453.43604444823,101
46,9515,5,,1,212075.6697646569,48
42,7651,1,,1,170901.84629246738,22
2,469,0,,0,126601.05356368195,27
2,475,0,,0,152464.84874337065,23
50,12238,8,1970.0,2,321773.755620675,24
25,4756,16,2857.0,5,195148.83873737475,192
21,4346,2,165.0,1,124593.8781183755,78
52,11217,1,2300.0,1,554809.411250355,85
25,5011,8,730.0,0,151123.74438460314,39
9,1892,0,,0,100735.23829268893,27
21,4472,6,1450.0,4,318473.0834739172,170
30,6141,10,262.0,3,199970.6763193957,89
74,19083,2,,5,244035.0366666755,13
31,6119,4,,1,195453.99905560413,29
36,10055,3,,1,210612.6869384097,41
35,5776,1,2078.0,2,123304.34039429305,99
5,1135,0,,0,151348.47300583206,23
37,5288,0,1937.0,3,209650.8020785924,3
6,1437,3,,0,281511.85431006545,74
8,1497,5,,1,187976.55452198905,36
46,10309,1,240.0,1,141399.285601879,77
66,10573,1,1322.0,3,159766.44293307207,99
28,6533,1,1015.0,2,173892.29957712436,101
12,2270,23,2500.0,1,203176.2295679132,4
46,9515,5,,1,301793.3225720644,48
36,5992,0,,1,262792.6944459868,11
2,629,1,,0,502523.57386315655,62
23,3684,2,,0,244668.402336836,141
29,6566,7,1894.0,4,179047.86175528573,75
19,3806,4,,0,342981.42903778143,103
49,11395,3,1406.0,3,148208.65768379634,57
2,629,1,,0,148967.0201870646,62
17,4017,7,800.0,2,287713.4153399341,129
34,7759,0,229.0,1,294656.8487854661,53
30,5285,0,645.0,6,342223.0337810961,84
19,3293,16,628.0,3,233656.0340077259,121
6,1437,3,,0,111544.89320339017,23
30,6207,1,1183.0,1,182258.55265173392,28
52,10311,6,,1,295873.5506603369,61
6,1437,3,,0,159118.0523884977,74
21,5731,0,,1,387504.7522224817,15
20,4386,14,,1,165953.91258031325,178
1,264,0,,0,143740.3009191096,1
1,264,0,,0,222015.32804441729,1
35,5776,1,2078.0,2,144578.12757065846,99
21,4346,2,165.0,1,307491.78850285144,8
11,2748,1,,0,189043.3262825425,58
36,6714,2,2672.0,0,144613.56790013562,26
23,5735,3,1084.0,0,471833.7875383693,8
8,1986,0,,0,125175.48696047717,9
74,19083,2,,5,314974.23127523577,13
30,5562,0,,0,392104.2391112132,18
23,5212,6,,3,321927.39354237646,45
22,6398,141,1046.0,3,181473.71940782032,30
2,469,0,,0,220712.3961843784,27
30,5048,9,325.0,2,328458.6537600362,79
19,3806,4,,0,86647.80337071385,138
25,6149,0,,0,148702.92672084566,93
34,7759,0,229.0,1,364306.8841008812,53
2,629,1,,0,184690.86837575425,27
22,4789,2,4087.0,4,147345.66822790506,84
66,10573,1,1322.0,3,147907.85092537213,122
33,8667,2,,0,164306.3141824972,10
35,7715,4,990.0,0,184633.71532814484,19
0,168,0,,0,65167.82223581997,23
30,6564,1,,0,200264.90952499112,91
3,760,1,,0,105341.5070815854,1
52,11217,1,2300.0,1,120394.51071970348,85
9,1892,0,,0,204838.94372737056,27
34,7759,0,229.0,1,232754.8823039305,53
46,10309,1,240.0,1,332361.2362091518,47
30,6207,1,1183.0,1,207209.52047659425,28
53,14892,4,,1,160615.39461156627,27
27,5664,48,2300.0,3,198412.4245928749,116
23,5735,3,1084.0,0,158565.83406739158,58
34,7065,1,750.0,2,241131.73387999448,74
32,5889,10,830.0,4,624549.354545952,31
22,6398,141,1046.0,3,125253.07224889498,30
46,9515,5,,1,189973.79719152328,48
19,3806,4,,0,309336.2700348257,103
53,14892,4,,1,187699.27198434668,27
37,7687,11,176.0,5,302537.62778996467,20
5,1564,0,540.0,0,126700.54407554556,6
22,3151,4,2715.0,3,207856.71342024757,90
27,5664,48,2300.0,3,146084.58631709506,116
14,3369,24,4129.0,0,295253.3094791021,103
53,13670,4,,1,214112.01650689504,25
22,6398,141,1046.0,3,125653.04518634795,30
25,5648,1,30.0,2,131103.95868460345,9
37,7687,11,176.0,5,269153.9261743654,59
39,10418,9,900.0,1,311010.32039321284,2
24,4860,1,80.0,0,198137.8338410826,44
21,5731,0,,1,249582.6792516173,15
0,168,0,,0,67344.98470172501,23
18,3594,4,192.0,1,184467.0061776073,37
46,9515,5,,1,233496.0857906255,48
6,1437,3,,0,169230.99156756187,23
19,3293,16,628.0,3,227214.3040523349,121
8,2423,1,32.0,0,252679.3852346356,47
5,1227,0,,0,131073.65850509165,27
30,6564,1,,0,180652.257605533,91
32,5889,10,830.0,4,369204.2475541321,31
36,10055,3,,1,313103.18033829203,41
25,5648,1,30.0,2,137445.32581347734,9
5,1564,0,540.0,0,124458.195809811,6
35,7715,4,990.0,0,158806.98113840097,2
2,475,0,,0,147227.82602240893,23
31,6137,4,,0,198274.3845951761,46
26,3889,6,705.0,3,172374.77467622783,102
25,5027,4,46.0,1,383615.7810711157,17
32,5889,10,830.0,4,174517.02319789355,31
23,3975,8,770.0,2,469792.45589082607,137
30,5285,0,645.0,6,184661.97510098547,54
1,264,0,,0,272759.3814650628,1
25,5648,1,30.0,2,182107.8645990333,9
24,5469,1,145.0,0,190875.9135444277,58
5,1564,0,540.0,0,140399.69725211,6
1,264,0,,0,164805.71073349885,1
53,14892,4,,1,206271.277810884,128
16,3893,27,,3,250045.2621877408,33
52,11217,1,2300.0,1,207717.4186887671,85
34,7759,0,229.0,1,173987.19085325956,53
2,629,1,,0,219463.505244272,27
25,5648,1,30.0,2,139401.17509566425,9
46,10309,1,240.0,1,189953.05563904296,77
42,9292,3,2620.0,0,139715.75182299176,2
11,3097,0,,0,305018.8710894109,27
33,7425,1,,2,222500.6065483591,2
52,10311,6,,1,162550.87988988476,61
23,5212,6,,3,183188.411728672,45
19,3293,16,628.0,3,471844.0972001692,178
33,7425,1,,2,174548.96633887495,2
66,10573,1,1322.0,3,95614.13786406828,122
23,4583,3,,3,245148.1285904052,47
0,168,0,,0,68148.73746738327,23
23,5735,3,1084.0,0,222643.16790394665,58
1,264,0,,0,196912.9445291824,1
27,4798,0,30.0,2,361357.1623347149,128
5,1564,0,540.0,0,189024.95729461845,6
74,19083,2,,5,174406.5925011331,12
74,19083,2,,5,182359.99774690592,12
27,5664,48,2300.0,3,278443.3226077177,130
0,168,0,,0,132755.2100476205,23
2,629,1,,0,145690.74877655215,62
20,2738,20,,1,403476.6124126213,65
0,168,0,,0,194044.7057862945,23
21,5731,0,,1,287552.5303003016,42
28,7287,5,320.0,1,161413.24436481282,37
2,629,1,,0,157740.44034789724,27
46,10309,1,240.0,1,184324.92178984944,47
2,469,0,,0,156185.80943868184,27
5,1564,0,540.0,0,144290.43528538107,6
1,388,0,,0,91929.69574765462,23
43,7227,0,,1,252444.49202128392,67
9,1892,0,,0,135036.37723686697,27
39,8647,0,810.0,0,162283.8253155814,80
5,1564,0,540.0,0,176979.74617164602,6
5,1564,0,540.0,0,178342.56686107177,6
53,13670,4,,1,279689.0093135548,25
25,4756,16,2857.0,5,176210.8123341811,0
43,10621,1,30.0,2,148458.94101965794,93
19,3806,4,,0,201848.9818231506,45
43,10621,1,30.0,2,161778.43262582144,3
6,1437,3,,0,169829.31226328196,23
16,3893,27,,3,365212.5753770981,151
30,6141,10,262.0,3,358359.0534743847,109
5,1564,0,540.0,0,234334.4688373924,6
34,7065,1,750.0,2,188140.0195598229,52
29,6566,7,1894.0,4,232760.4728601805,124
37,7687,11,176.0,5,324892.1098597804,59
25,4724,2,1308.0,1,290498.7020412864,44
31,6137,4,,0,405669.7132243485,46
23,3684,2,,0,328567.12679412763,131
25,5648,1,30.0,2,175670.9921701101,9
30,5562,0,,0,85562.94371619447,18
25,5648,1,30.0,2,165938.4534004042,9
43,10621,1,30.0,2,195431.60621405943,3
39,10418,9,900.0,1,196898.99084923195,7
25,5487,3,,0,134445.48210076394,21
31,6137,4,,0,420128.7335386629,46
74,19083,2,,5,253641.46914904905,13
11,3097,0,,0,120070.63037217974,27
0,168,0,,0,238325.6392508245,23
30,5048,9,325.0,2,216094.26842982168,75
46,10309,1,240.0,1,238561.87098655148,77
9,1892,0,,0,168039.15127482844,27
43,10621,1,30.0,2,200070.67589820208,3
1,264,0,,0,181462.20911383585,1
2,469,0,,0,140427.43376442243,27
31,7010,5,4508.0,3,581926.2858563911,66
25,5648,1,30.0,2,125700.97861220026,9
35,5776,1,2078.0,2,230175.1804938454,11
24,5613,5,1340.0,2,404721.3980422384,129
9,1892,0,,0,105541.16725321904,27
37,5288,0,1937.0,3,156287.365949761,3
36,5992,0,,1,267280.748364228,11
22,6398,141,1046.0,3,187612.01071040452,30
6,1437,3,,0,156639.19362584944,23
19,3806,4,,0,150205.18322131588,138
49,11395,3,1406.0,3,77835.18580785187,57
74,19083,2,,5,179696.02071533454,12
66,10573,1,1322.0,3,171070.18463899914,71
32,5889,10,830.0,4,211440.16382078905,31
53,13670,4,,1,278693.7651538604,34
53,14892,4,,1,217703.8689750091,27
27,4798,0,30.0,2,221645.3322249266,128
25,5648,1,30.0,2,254966.79811189428,9
24,5469,1,145.0,0,201921.43993454333,113
1,264,0,,0,283293.7530171571,1
22,6398,141,1046.0,3,99930.77697822369,30
34,7759,0,229.0,1,290941.5093825845,53
23,3684,2,,0,367990.04532831104,131
30,5048,9,325.0,2,228203.4503886039,75
27,4798,0,30.0,2,346974.54813673696,128
20,2738,20,,1,341805.24238749204,201
6,1437,3,,0,203281.3455960102,23
1,264,0,,0,250262.08333605263,1
22,4625,11,3855.0,2,221404.05354802124,53
27,5664,48,2300.0,3,209152.7845593956,118
5,1564,0,540.0,0,120714.89576960244,6
23,5735,3,1084.0,0,170904.98495813218,8
1,264,0,,0,236962.4587616018,1
30,5285,0,645.0,6,91785.48845797926,84
46,7960,6,350.0,3,279157.1714152888,111
52,11217,1,2300.0,1,330117.68767760217,85
22,4789,2,4087.0,4,169329.05176005926,84
22,3151,4,2715.0,3,418134.9087285727,90
33,7976,5,,0,209235.7374197212,35
5,1564,0,540.0,0,123275.81677408757,6
74,19083,2,,5,166438.47614851757,13
36,5992,0,,1,140414.24116941882,11
3,760,1,,0,99188.61332987274,1
8,1986,0,,0,229507.06548186977,9
13,2514,19,,0,177465.56615997574,127
2,629,1,,0,259654.497066536,27
32,5889,10,830.0,4,460492.010947154,31
2,629,1,,0,165665.2526139576,27
23,5735,3,1084.0,0,162139.92877789974,58
0,168,0,,0,65637.82994557348,23
46,9515,5,,1,481112.16620200255,48
50,12238,8,1970.0,2,370121.2773710787,24
36,6714,2,2672.0,0,112775.12904389086,26
2,629,1,,0,83721.8870499238,62
24,5613,5,1340.0,2,224358.3680592056,165
36,10055,3,,1,260708.4806252141,41
74,19083,2,,5,222679.213772871,13
35,7715,4,990.0,0,250741.880610475,2
47,11319,0,1145.0,3,143700.66544260824,123
74,19083,2,,5,163005.69914614028,12
22,6398,141,1046.0,3,197245.26766383267,104
9,1892,0,,0,133388.93099688893,27
23,5212,6,,3,245736.934369247,45
21,5731,0,,1,277599.23090968194,42
33,7425,1,,2,232890.60527410463,68
25,5027,4,46.0,1,470547.9794156645,17
39,7614,3,,1,286584.3611217925,62
46,10309,1,240.0,1,170138.14167887013,41
2,629,1,,0,123553.86905248664,62
6,1437,3,,0,128775.40547086624,23
33,6783,3,,1,129673.45827390264,69
5,1564,0,540.0,0,125715.33146637418,6
2,629,1,,0,213138.70851951308,27
6,1437,3,,0,165801.29773367586,23
8,1497,5,,1,228575.50263593017,36
47,11319,0,1145.0,3,197933.42792847572,46
1,264,0,,0,134531.95808323455,1
27,5664,48,2300.0,3,225309.7982469436,116
43,10621,1,30.0,2,162222.29507998365,3
9,1892,0,,0,97506.6810213959,27
53,13670,4,,1,349224.1514379866,25
31,6119,4,,1,177978.04427459952,105
22,6398,141,1046.0,3,113751.30456122408,30
1,264,0,,0,311169.3764195676,1
30,5285,0,645.0,6,192094.5371329104,84
37,7687,11,176.0,5,318772.3747401118,59
30,6141,10,262.0,3,355472.04834956664,89
5,1564,0,540.0,0,184433.3531632194,6
26,4439,1,1130.0,1,163048.3550947999,8
46,9515,5,,1,222727.1152613897,48
6,1437,3,,0,89333.63676804007,23
36,5992,0,,1,210486.25913632664,11
22,6398,141,1046.0,3,68663.01138818714,30
28,6533,1,1015.0,2,199395.98992073943,11
2,629,1,,0,151779.18258850838,62
31,6137,4,,0,251214.7370560447,46
1,264,0,,0,209201.95686556413,1
21,4346,2,165.0,1,213313.47919554124,78
23,4583,3,,3,114654.37192562496,47
2,629,1,,0,205648.87930381755,62
6,1437,3,,0,183642.73539225716,74
1,264,0,,0,226746.96176866212,1
25,5648,1,30.0,2,135117.41996805268,9
8,1986,0,,0,243197.00895198577,9
18,3594,4,192.0,1,136888.45122974057,37
53,13670,4,,1,231391.42061247144,25
22,6398,141,1046.0,3,133039.94024563165,30
37,7687,11,176.0,5,361461.2015392445,59
41,6558,7,1548.0,3,230989.273523226,101
25,5648,1,30.0,2,231655.02609516712,9
11,3097,0,,0,172848.88103196654,27
1,264,0,,0,200214.24197154515,1
1,264,0,,0,130513.14933669654,1
46,9515,5,,1,335850.14872271,48
32,5889,10,830.0,4,233974.12783361145,103
25,5648,1,30.0,2,240704.6179701105,9
39,7614,3,,1,288304.7747859521,70
42,9292,3,2620.0,0,231404.71880141128,7
37,5288,0,1937.0,3,189427.7684535007,3
35,7077,56,2301.0,3,307600.4166916925,132
43,10621,1,30.0,2,159229.8249559679,93
41,6558,7,1548.0,3,240772.9515723141,101
27,5664,48,2300.0,3,188407.76496064352,130
5,1564,0,540.0,0,224767.94537253867,6
53,13670,4,,1,434032.19881722704,34
5,1564,0,540.0,0,140034.8364728463,6
31,6119,4,,1,131477.02292205134,29
22,6398,141,1046.0,3,150136.61050865395,30
52,11217,1,2300.0,1,243529.5045962189,85
17,3379,9,100.0,0,319659.3247848792,194
47,8004,3,125.0,3,178056.2910740565,21
5,1564,0,540.0,0,163673.1499143794,6
52,10311,6,,1,268959.7706753328,61
53,14892,4,,1,213407.6058201016,93
6,1437,3,,0,210011.09465214467,23
1,264,0,,0,164904.84727007433,1
30,5285,0,645.0,6,621002.9126791923,54
21,4231,14,1020.0,0,179180.53564177672,107
4,915,0,,0,128834.49015290018,27
30,5285,0,645.0,6,317565.80553303263,21
34,7759,0,229.0,1,394888.74005951424,53
24,5613,5,1340.0,2,218712.8880291168,49
0,168,0,,0,115339.70199036394,23
0,168,0,,0,88289.93569905659,23
46,10309,1,240.0,1,232214.34103072065,47
25,4724,2,1308.0,1,181258.56955835276,44
2,629,1,,0,282877.332153802,62
2,469,0,,0,144180.48055095322,27
46,9515,5,,1,272671.89016792487,48
2,469,0,,0,228740.42544231736,27
47,11319,0,1145.0,3,289807.2718221032,46
25,6149,0,,0,151184.64842986758,93
17,3079,59,2890.0,0,272697.8889519072,134
1,264,0,,0,264403.06237989914,1
0,168,0,,0,107972.80892180582,23
22,4625,11,3855.0,2,190663.0849069398,53
8,1986,0,,0,218251.50224102076,9
27,5664,48,2300.0,3,94025.46410344428,116
1,264,0,,0,213433.9858898764,1
49,11395,3,1406.0,3,271387.1320882219,57
37,7687,11,176.0,5,390411.02486343455,20
24,4378,0,1036.0,1,180979.58746193303,44
66,10573,1,1322.0,3,320641.0616897576,110
74,19083,2,,5,236209.88670372425,13
34,7759,0,229.0,1,187306.49096770005,53
1,264,0,,0,206579.58154999823,1
35,7715,4,990.0,0,404355.847831232,74
30,6141,10,262.0,3,145128.30058643973,109
1,264,0,,0,162976.93238801914,1
50,12238,8,1970.0,2,330553.73463464074,66
37,5288,0,1937.0,3,187526.6732832553,3
0,168,0,,0,74244.83697372103,23
16,4048,3,,1,180242.5335089345,47
38,4788,2,,0,199612.2221208173,83
47,8004,3,125.0,3,261074.4369919193,21
22,6398,141,1046.0,3,91080.64008350208,30
30,6141,10,262.0,3,193439.7893508196,89
46,10309,1,240.0,1,176038.0684043464,47
46,9515,5,,1,237295.87200284345,48
11,3097,0,,0,143688.0765143833,27
5,1564,0,540.0,0,151365.63299621892,6
26,4439,1,1130.0,1,160486.13767381743,47
1,264,0,,0,211084.2196076777,1
32,6748,93,562.0,4,227251.8626162171,82
41,6558,7,1548.0,3,193103.22544242503,101
1,264,0,,0,243193.220756812,1
27,4798,0,30.0,2,272398.7216715266,128
5,1564,0,540.0,0,205890.6283379069,6
34,7759,0,229.0,1,305614.7823140898,53
26,3889,6,705.0,3,155533.37500550158,140
24,4378,0,1036.0,1,350661.4604734045,44
26,4439,1,1130.0,1,211197.30254892263,8
21,4346,2,165.0,1,351890.8646798223,8
13,2514,19,,0,185102.29606964163,164
0,168,0,,0,65033.89529940196,23
47,8004,3,125.0,3,216659.21797475676,21
34,7759,0,229.0,1,181688.3064742293,53
52,10311,6,,1,230395.35101681307,61
53,13670,4,,1,454963.3162124464,34
30,6207,1,1183.0,1,187456.5020549232,22
46,7960,6,350.0,3,216757.8100802452,111
41,6558,7,1548.0,3,128577.9406088613,101
46,9515,5,,1,135982.44025033133,48
6,1437,3,,0,156742.81083204394,23
50,12238,8,1970.0,2,332425.27517155337,24
33,7976,5,,0,221674.6272412796,10
8,2423,1,32.0,0,66722.59691952594,47
21,5731,0,,1,152125.03318326382,42
52,10311,6,,1,87110.51316894534,61
9,1892,0,,0,117296.17370422903,27
30,5048,9,325.0,2,228444.6987387857,113
22,6398,141,1046.0,3,198985.61967987227,30
1,264,0,,0,136526.81464407538,1
1,264,0,,0,272879.51536439627,1
27,5148,14,1575.0,5,394749.6667245118,97
9,1892,0,,0,94881.69180028162,27
31,6137,4,,0,500562.6634124737,46
15,2787,2,520.0,0,183927.829700604,38
1,264,0,,0,146412.35930477886,1
30,5562,0,,0,169272.7121821267,145
22,6398,141,1046.0,3,91226.86009627416,30
5,1564,0,540.0,0,134145.7780799964,6
33,6783,3,,1,217166.69035212093,69
9,1892,0,,0,170167.79313006534,27
33,5261,0,240.0,3,223436.2988900227,1
34,7065,1,750.0,2,155519.75163459152,52
46,7960,6,350.0,3,454899.8857571572,64
0,168,0,,0,141072.4854239611,23
46,9515,5,,1,325719.1159229479,48
35,5776,1,2078.0,2,158292.57373960837,99
1,264,0,,0,183517.56007707355,1
28,6533,1,1015.0,2,224967.9958090797,101
53,14892,4,,1,178267.63415120012,96
37,5288,0,1937.0,3,229025.0935717269,90
24,5613,5,1340.0,2,174927.40619686304,129
43,8429,3,,3,216564.51846060605,88
23,5735,3,1084.0,0,217799.386127724,8
46,9515,5,,1,194551.9211876765,48
47,8004,3,125.0,3,165446.79634548828,21
52,11217,1,2300.0,1,247485.46701399988,62
33,8667,2,,0,272300.13195682305,94
30,5048,9,325.0,2,194359.8330503585,75
31,6137,4,,0,198450.73635343093,46
5,1564,0,540.0,0,155789.51326669045,6
2,629,1,,0,184144.98011078688,27
5,1564,0,540.0,0,145970.75277489133,6
17,4017,7,800.0,2,234382.7450872943,142
35,7077,56,2301.0,3,319579.46542887826,163
53,14892,4,,1,310348.68507804733,187
5,1564,0,540.0,0,219971.964984939,6
23,5212,6,,3,165514.75643159472,98
46,10309,1,240.0,1,169771.5138212521,41
29,6566,7,1894.0,4,201802.71194597383,75
2,629,1,,0,138216.57294037676,62
43,10621,1,30.0,2,147209.67485552112,93
22,6398,141,1046.0,3,240993.5850326476,30
34,7759,0,229.0,1,255420.5654556468,53
23,4583,3,,3,395439.490964594,47
4,915,0,,0,112949.68080906724,27
39,10418,9,900.0,1,199179.72589465068,7
1,264,0,,0,159052.470664876,1
1,264,0,,0,184117.8788755524,1
23,5735,3,1084.0,0,163604.04795173075,8
25,5487,3,,0,204130.7724241478,21
24,4378,0,1036.0,1,196084.17734211587,44
28,6533,1,1015.0,2,162128.3640386436,11
24,4378,0,1036.0,1,147260.5421509251,41
6,2733,0,920.0,0,477008.2228370253,123
13,2514,19,,0,85940.11218559378,97
30,6564,1,,0,196183.419655088,126
30,5562,0,,0,301567.1310974261,18
41,6558,7,1548.0,3,118410.974058632,101
25,5648,1,30.0,2,176781.70743685262,9
37,7687,11,176.0,5,202723.2577304037,59
5,1564,0,540.0,0,139253.9405948573,6
5,1564,0,540.0,0,173816.24621847403,6
26,4439,1,1130.0,1,180103.8576612235,8
11,2370,0,,0,203845.22784094847,9
5,1564,0,540.0,0,169080.52363820994,6
42,9292,3,2620.0,0,197380.43694212197,7
25,5648,1,30.0,2,185338.85119574168,9
34,7065,1,750.0,2,185993.4746710977,52
0,168,0,,0,80125.32515202046,23
36,6714,2,2672.0,0,601914.014560365,26
5,1564,0,540.0,0,170935.02435555722,6
17,4017,7,800.0,2,190637.5128201271,129
41,6558,7,1548.0,3,230916.95955366635,101
6,1437,3,,0,116270.75393477536,23
22,4789,2,4087.0,4,185394.60910518843,21
22,6398,141,1046.0,3,188867.8030524744,30
36,10055,3,,1,231738.03064516265,41
1,264,0,,0,159350.91718986188,1
46,7960,6,350.0,3,231867.22309873623,32
27,5664,48,2300.0,3,200940.8290571316,120
1,388,0,,0,88371.63392763611,23
24,4378,0,1036.0,1,570559.4031353071,41
47,8004,3,125.0,3,151432.0117492352,21
2,629,1,,0,133273.63501182257,27
33,7425,1,,2,177097.27349469528,2
1,264,0,,0,250034.70321159804,1
8,2423,1,32.0,0,228429.18627298463,47
42,7651,1,,1,197863.70878904624,119
30,6207,1,1183.0,1,138357.75734073506,28
5,1564,0,540.0,0,168581.5294242913,6
30,5048,9,325.0,2,181260.81265521512,79
17,3079,59,2890.0,0,232991.7524195472,134
26,4439,1,1130.0,1,215729.4025085758,8
25,6149,0,,0,172509.13492796163,93
37,5288,0,1937.0,3,162688.69940040435,90
34,7065,1,750.0,2,116715.82422297182,52
5,1564,0,540.0,0,132162.80891714743,6
53,14892,4,,1,388941.6199733701,27
5,1564,0,540.0,0,115205.61279031217,6
23,5735,3,1084.0,0,155549.2736296753,58
74,19083,2,,5,169156.7710677805,13
23,5735,3,1084.0,0,217805.97584154856,58
53,14892,4,,1,237139.2511878225,27
5,1564,0,540.0,0,164420.334454265,6
23,5735,3,1084.0,0,158318.38108603648,8
39,10418,9,900.0,1,159348.59020246047,7
33,7976,5,,0,376445.5733362016,10
30,5562,0,,0,156540.703714192,18
23,5735,3,1084.0,0,145747.62465229008,8
46,9515,5,,1,296954.4462646551,48
10,2277,2,1547.0,0,191426.3489677308,29
1,264,0,,0,189668.07720709092,1
25,6149,0,,0,157822.33817846,94
49,11395,3,1406.0,3,280654.4920823311,22
21,4231,14,1020.0,0,186141.97324719865,107
27,5664,48,2300.0,3,500488.96100381954,116
74,19083,2,,5,197375.45484708835,13
47,8004,3,125.0,3,182602.2869832212,21
5,1564,0,540.0,0,129982.60183737562,6
1,264,0,,0,199819.7261958926,1
8,1986,0,,0,196713.11711995155,9
9,1892,0,,0,99605.70289535492,27
22,4789,2,4087.0,4,230408.710269282,84
31,6137,4,,0,353882.05059442954,46
22,4625,11,3855.0,2,209798.5448939092,53
47,11319,0,1145.0,3,186265.7073289769,123
1,264,0,,0,139430.54531321992,1
52,10311,6,,1,144099.80634327658,61
53,14892,4,,1,161577.29986227688,149
42,7651,1,,1,113171.39796078992,119
11,2370,0,,0,246093.151516405,9
0,168,0,,0,263208.54016246786,23
26,4439,1,1130.0,1,86661.37163593883,8
4,915,0,,0,114606.93674557972,27
23,4635,5,3300.0,2,424346.43469833455,69
19,3856,10,,2,164532.93375025704,79
21,4346,2,165.0,1,290513.4647015928,8
28,6533,1,1015.0,2,181452.92105887187,11
11,2748,1,,0,222609.38467009208,58
46,9515,5,,1,140197.64841922425,48
2,629,1,,0,155113.2209948391,62
2,629,1,,0,232649.0266745176,62
23,5735,3,1084.0,0,113139.8144009842,58
53,13670,4,,1,196250.49278948872,25
31,6137,4,,0,239787.4595874769,25
0,168,0,,0,66630.7407721021,23
2,629,1,,0,108396.29737905598,27
35,7715,4,990.0,0,162016.37138694382,74
22,6398,141,1046.0,3,187685.6043560588,30
25,5648,1,30.0,2,300677.0784241987,9
22,6398,141,1046.0,3,127343.29371669164,30
32,6748,93,562.0,4,246818.9066224245,179
18,3594,4,192.0,1,359978.7588985232,37
23,4635,5,3300.0,2,268535.15550754353,109
30,5285,0,645.0,6,169460.75266136206,0
36,6714,2,2672.0,0,86299.05583737306,138
30,6141,10,262.0,3,243511.0535247732,26
17,4017,7,800.0,2,198136.4671175893,142
74,19083,2,,5,327696.7355256577,12
74,19083,2,,5,202622.0078958232,57
11,2370,0,,0,192046.30530361657,9
4,915,0,,0,95911.72676726832,27
2,629,1,,0,175005.38000294307,27
2,629,1,,0,211345.63046856265,27
49,11395,3,1406.0,3,160203.09439589028,57
11,2398,2,1994.0,3,227992.43962729184,72
30,6207,1,1183.0,1,184554.3261796152,22
25,5011,8,730.0,0,294828.3737923008,39
1,264,0,,0,142273.8988449367,1
30,6207,1,1183.0,1,204684.2788853748,28
8,1497,5,,1,256576.01998125945,36
2,629,1,,0,237805.42370112336,27
5,1564,0,540.0,0,223620.37327938783,6
47,8004,3,125.0,3,172777.38327903918,21
0,168,0,,0,109677.94124294666,23
42,7651,1,,1,204362.6145266685,28
33,7976,5,,0,185704.76669356032,10
34,7065,1,750.0,2,173926.78024872654,52
35,5776,1,2078.0,2,177438.5528572211,99
1,264,0,,0,212137.68557493767,1
43,8429,3,,3,143682.03447952564,88
5,1564,0,540.0,0,178837.82114691878,6
4,915,0,,0,138739.45633283522,27
1,264,0,,0,216798.46001132915,1
22,6398,141,1046.0,3,120802.20677589616,30
5,1564,0,540.0,0,97026.19085458308,6
53,13670,4,,1,64298.21633678255,25
7,1660,39,1786.0,1,272459.3107812235,188
46,10309,1,240.0,1,190413.0802283972,77
2,629,1,,0,185861.9447496841,62
6,1437,3,,0,175836.38525932154,23
1,264,0,,0,163599.46032624374,1
30,6564,1,,0,223150.0755529454,28
23,5212,6,,3,333178.7187445945,138
39,10418,9,900.0,1,269904.7399573103,7
6,2733,0,920.0,0,479670.09144521295,123
6,1437,3,,0,242733.4784714656,74
30,6141,10,262.0,3,471668.7340894553,109
24,5469,1,145.0,0,366400.9365486393,113
20,4386,14,,1,274828.72553545807,129
30,5562,0,,0,171047.2739623402,18
25,5648,1,30.0,2,143859.32663793967,9
35,5776,1,2078.0,2,248303.9109815861,99
20,4386,14,,1,90471.54091766098,92
25,5487,3,,0,256062.64382120428,21
46,9515,5,,1,229502.2906017865,48
2,629,1,,0,195037.5273170484,27
23,3975,8,770.0,2,381975.5122369781,137
1,264,0,,0,149871.1840349065,1
66,10573,1,1322.0,3,216432.6441838448,122
8,2423,1,32.0,0,172310.53826314988,47
30,5048,9,325.0,2,262065.89761208236,75
33,6783,3,,1,397738.9297305531,69
25,5027,4,46.0,1,350049.90924420214,108
7,1660,39,1786.0,1,212265.86102587648,76
53,13670,4,,1,261733.4721055049,34
1,264,0,,0,148337.88841130995,1
16,3893,27,,3,240274.79503573853,33
9,1952,1,1430.0,3,227080.74820707252,58
2,629,1,,0,213676.4423493805,62
37,7687,11,176.0,5,199248.11437562987,20
25,5011,8,730.0,0,147647.0075857701,39
23,4635,5,3300.0,2,255884.7732558867,111
1,264,0,,0,226631.8772025676,1
39,8647,0,810.0,0,182962.53428233572,80
43,7227,0,,1,157002.04917876632,67
1,264,0,,0,157681.0263893766,1
19,3806,4,,0,238085.0178298505,89
22,3151,4,2715.0,3,180434.88550787905,106
19,3856,10,,2,206900.9888558111,79
38,4788,2,,0,159174.12062146806,67
28,7287,5,320.0,1,261826.9222147405,37
36,5992,0,,1,208100.8658647304,11
46,7960,6,350.0,3,108379.88978190393,111
53,14892,4,,1,238400.8617113273,96
2,469,0,,0,140235.56941578368,27
1,264,0,,0,250861.96684488977,1
53,14892,4,,1,296934.76602467784,96
30,6207,1,1183.0,1,193036.56814969337,22
53,13670,4,,1,259361.6620324736,25
43,10621,1,30.0,2,193145.19056998665,3
21,5731,0,,1,176869.36985439438,15
30,5285,0,645.0,6,148682.16924214788,84
23,4635,5,3300.0,2,469353.4957875061,69
74,19083,2,,5,227687.3357529673,13
53,14892,4,,1,128489.38920739366,27
30,5285,0,645.0,6,431521.2903219077,54
25,6149,0,,0,186861.1816624175,93
21,4346,2,165.0,1,147274.36971674007,8
11,3097,0,,0,150983.09809813162,27
30,6141,10,262.0,3,411838.4004820876,109
1,264,0,,0,189161.7088836869,1
15,2787,2,520.0,0,461303.9219384127,38
0,168,0,,0,128332.76824973804,23
2,629,1,,0,198577.2280679007,62
23,5212,6,,3,330026.8901313985,98
6,1437,3,,0,215703.4474978248,23
28,7287,5,320.0,1,225281.8425542002,37
47,11319,0,1145.0,3,178917.84456632083,46
34,7759,0,229.0,1,345232.2823157215,53
34,7065,1,750.0,2,168671.13851317597,52
24,5613,5,1340.0,2,407783.0709403582,129
30,5048,9,325.0,2,169876.76478902294,75
5,1564,0,540.0,0,168241.8370921503,6
1,264,0,,0,209030.7169876689,1
9,1892,0,,0,205143.56852728548,27
37,5288,0,1937.0,3,220194.81842955528,90
2,629,1,,0,223222.82925009693,62
43,7227,0,,1,249114.53752528995,87
1,264,0,,0,153055.83501594837,1
14,3369,24,4129.0,0,238992.10425597185,95
34,7065,1,750.0,2,155654.65323740788,52
52,10311,6,,1,317703.19677208306,61
6,1437,3,,0,223249.3314996989,23
5,1564,0,540.0,0,179789.65681257198,6
31,7010,5,4508.0,3,163942.14669440407,86
32,5889,10,830.0,4,368733.56530654687,103
9,1892,0,,0,136045.77520001933,27
5,1564,0,540.0,0,182810.8053016617,6
26,4439,1,1130.0,1,131582.13885360447,8
23,5735,3,1084.0,0,121314.51459431728,58
35,7077,56,2301.0,3,324687.5354438784,175
74,19083,2,,5,350921.83441516163,57
41,6558,7,1548.0,3,154030.20513672967,101
1,264,0,,0,109365.33725025768,1
2,475,0,,0,87303.4405873685,23
23,3975,8,770.0,2,155988.9904518123,100
15,2787,2,520.0,0,359248.34517443005,113
39,10418,9,900.0,1,254320.2477841056,7
18,3594,4,192.0,1,222752.50507798808,37
15,2787,2,520.0,0,233717.2987088421,38
39,8647,0,810.0,0,180032.48201842824,160
1,264,0,,0,194141.4081864444,1
35,7715,4,990.0,0,167952.37481259552,2
6,1437,3,,0,109064.5744323354,23
74,19083,2,,5,200293.0147610172,12
23,4635,5,3300.0,2,556053.8204994572,17
53,13670,4,,1,208913.54917173932,25
47,8004,3,125.0,3,198707.170554199,21
28,7287,5,320.0,1,192999.16145195923,37
53,13670,4,,1,118364.91331804468,34
30,6207,1,1183.0,1,173324.66428135394,22
5,1564,0,540.0,0,185230.37377373484,6
2,629,1,,0,221732.0394716296,27
25,3478,11,2729.0,3,146005.7886056867,105
30,7538,87,4702.0,5,286215.8635523472,202
47,8004,3,125.0,3,294702.6199584562,21
23,5735,3,1084.0,0,112780.47187405148,58
23,3684,2,,0,359923.8553171345,31
41,6558,7,1548.0,3,195841.34538243077,101
16,3433,4,2643.0,4,296127.11551515426,5
24,5469,1,145.0,0,181273.8458699727,58
11,2748,1,,0,152757.84050185673,9
16,3433,4,2643.0,4,265601.35044877074,5
25,5648,1,30.0,2,201543.1425939153,9
22,6398,141,1046.0,3,199699.6018483773,30
25,4756,16,2857.0,5,293122.5288732056,0
42,9292,3,2620.0,0,228060.1316227359,7
52,11217,1,2300.0,1,273562.93200213986,85
5,1564,0,540.0,0,151185.93120438317,6
42,7651,1,,1,183788.39232560253,119
24,4378,0,1036.0,1,198994.21572297387,44
25,6149,0,,0,184756.1940567013,93
23,5212,6,,3,222673.2936865696,45
1,290,0,,0,116069.93882606426,27
53,14892,4,,1,120639.82773968283,187
33,7976,5,,0,559215.4460053578,35
2,629,1,,0,140699.5243820651,62
43,8429,3,,3,158998.11064600683,88
6,1318,1,200.0,1,116444.45383908624,1
53,13670,4,,1,337543.4232703425,25
42,7651,1,,1,152657.13100256716,22
53,14892,4,,1,324232.9517530501,96
32,5889,10,830.0,4,394502.8525095349,31
37,5288,0,1937.0,3,126918.47056621428,90
33,5261,0,240.0,3,150824.91875622232,1
5,1564,0,540.0,0,129373.29092543172,6
30,6207,1,1183.0,1,189217.6183959168,22
42,9292,3,2620.0,0,189564.56063886805,7
26,4439,1,1130.0,1,251156.29387539413,8
2,469,0,,0,141057.59506426446,27
74,19083,2,,5,236226.13664765807,57
52,10311,6,,1,194259.487625674,169
33,8667,2,,0,148081.27292156755,94
37,6856,84,1940.0,2,426593.2611530737,73
42,9292,3,2620.0,0,544167.7666353588,7
1,264,0,,0,264415.72951811267,1
21,5731,0,,1,168631.10278835552,42
53,13670,4,,1,367691.91317904455,25
5,1564,0,540.0,0,177378.17501894294,6
30,6564,1,,0,148274.09810518302,91
41,6558,7,1548.0,3,124718.52524041627,101
43,10621,1,30.0,2,153047.2720234528,3
35,5776,1,2078.0,2,93834.25292758035,99
21,4472,6,1450.0,4,257563.1900524672,60
23,5212,6,,3,218867.784146142,138
36,10055,3,,1,198133.70220448804,41
25,5648,1,30.0,2,181423.63387461816,9
22,6398,141,1046.0,3,121894.93771314633,30
1,264,0,,0,212548.96385462352,1
5,1564,0,540.0,0,182335.25056691625,6
26,4439,1,1130.0,1,258478.4769774893,8
28,6746,3,,1,215406.13544061696,78
34,7759,0,229.0,1,346494.28358580195,53
26,3889,6,705.0,3,254391.27332749648,63
4,915,0,,0,97399.20451066137,27
9,1768,0,370.0,0,189200.3064545176,57
22,6398,141,1046.0,3,182824.3099377376,30
31,7010,5,4508.0,3,200188.3505561427,66
2,469,0,,0,158805.67730345894,27
25,5648,1,30.0,2,254065.7663382872,9
43,8429,3,,3,484454.2663294457,88
24,4860,1,80.0,0,117667.7428196212,44
2,475,0,,0,155760.41968882288,23
6,1437,3,,0,149933.76005851163,23
46,10309,1,240.0,1,167850.17867780098,41
5,1564,0,540.0,0,178863.98678216382,6
1,264,0,,0,215087.78636217152,1
46,9515,5,,1,198981.1461347406,48
5,1564,0,540.0,0,126080.57122387848,6
23,4635,5,3300.0,2,531049.7219660704,17
5,1564,0,540.0,0,126752.44932236268,6
15,2787,2,520.0,0,218475.88306567192,38
15,2787,2,520.0,0,235693.7479653601,38
26,4439,1,1130.0,1,185700.2731332897,8
22,6398,141,1046.0,3,153639.84683990374,30
39,7614,3,,1,237073.0622546348,64
39,10418,9,900.0,1,209292.1275220448,7
34,7065,1,750.0,2,248501.668653102,52
2,629,1,,0,158711.0290697831,62
49,11395,3,1406.0,3,205210.0685419325,57
38,4788,2,,0,373486.007136628,67
24,4860,1,80.0,0,189400.55885988064,44
32,5889,10,830.0,4,321403.484831505,31
23,4583,3,,3,202497.09992156128,47
39,10418,9,900.0,1,183849.57609701695,2
36,10055,3,,1,233112.81526415565,41
43,7227,0,,1,165223.4851861602,87
5,1564,0,540.0,0,135752.64890528718,6
25,3478,11,2729.0,3,199638.9230083869,105
21,5731,0,,1,217211.2154422195,42
25,3478,11,2729.0,3,164242.2133064232,105
18,3594,4,192.0,1,323430.3308858588,169
2,629,1,,0,138397.35712228325,27
26,4439,1,1130.0,1,147100.97377349413,8
39,7614,3,,1,231222.94289859803,64
1,264,0,,0,244566.5754926657,1
21,4346,2,165.0,1,244149.8991805031,78
17,2810,9,4849.0,3,442267.0003465553,155
22,6398,141,1046.0,3,224808.502772522,30
30,5562,0,,0,321728.14844317053,18
25,5011,8,730.0,0,203594.41767736612,39
25,4756,16,2857.0,5,267929.2513286659,147
2,629,1,,0,113780.70279076535,62
6,1437,3,,0,103396.86659202416,23
33,5261,0,240.0,3,162643.29992543388,1
53,13670,4,,1,156998.07730957898,34
33,7425,1,,2,198351.87497277115,2
39,7614,3,,1,277111.5564918916,70
53,14892,4,,1,290354.4840703985,96
9,1892,0,,0,154882.21233359046,27
33,7976,5,,0,394360.1821027803,10
0,168,0,,0,83407.97549058276,23
1,264,0,,0,159082.2430778292,1
6,1437,3,,0,113780.46810345266,23
23,5212,6,,3,167301.2071609595,45
30,6564,1,,0,144949.07627951296,91
35,7715,4,990.0,0,241366.99037887412,59
25,3478,11,2729.0,3,180467.65857088013,105
46,9515,5,,1,367507.5437865518,48
24,4860,1,80.0,0,205976.5751957805,44
25,5487,3,,0,181530.4590305597,21
35,7715,4,990.0,0,172021.9779190244,19
23,5212,6,,3,329708.6689775411,45
52,11217,1,2300.0,1,190755.6015899348,85
23,5212,6,,3,441724.0685067887,148
39,10418,9,900.0,1,378906.3796293862,7
47,11319,0,1145.0,3,354283.3832572565,123
25,5487,3,,0,198640.03342412075,21
8,2423,1,32.0,0,158582.820732421,47
30,5048,9,325.0,2,162556.837335063,113
52,10311,6,,1,181918.22395966784,61
6,1437,3,,0,115889.560863203,23
6,1437,3,,0,105662.64861110624,23
25,5011,8,730.0,0,313163.35640896874,39
1,264,0,,0,179345.42352229703,1
2,629,1,,0,267402.2160372991,27
6,1437,3,,0,165143.58682632286,74
35,7077,56,2301.0,3,385774.0022230474,135
23,5212,6,,3,293852.8038563964,45
37,5288,0,1937.0,3,125722.66146616868,3
23,5735,3,1084.0,0,175501.75109333955,8
33,8667,2,,0,283319.77430112736,94
25,5648,1,30.0,2,195960.29534486195,9
25,3478,11,2729.0,3,244161.1196269863,125
74,19083,2,,5,343084.43424429785,13
17,2810,9,4849.0,3,362698.8133729269,155
31,6137,4,,0,215869.3426289472,46
5,1564,0,540.0,0,171739.19921978915,6
74,19083,2,,5,250090.48719836603,13
34,7759,0,229.0,1,351385.7305329232,53
5,1564,0,540.0,0,190025.40030765784,6
26,3889,6,705.0,3,141084.76773945027,102
6,1437,3,,0,102866.52140420604,23
43,10621,1,30.0,2,214133.02815471575,3
11,3097,0,,0,201984.6587288129,27
22,6398,141,1046.0,3,170347.70621180077,30
28,6746,3,,1,158704.7479154623,78
23,3975,8,770.0,2,237726.26150693264,100
17,3379,9,100.0,0,253259.4490363325,166
25,5648,1,30.0,2,180694.57027152524,9
37,5288,0,1937.0,3,197287.35468141173,3
20,4386,14,,1,234421.45460149023,154
16,3433,4,2643.0,4,160513.42215244012,5
42,9292,3,2620.0,0,410343.123824019,2
29,6566,7,1894.0,4,283929.01438997826,139
50,12238,8,1970.0,2,317086.2116858512,66
33,8667,2,,0,189796.27954852296,10
6,1437,3,,0,129203.96538579233,74
24,5469,1,145.0,0,71123.60627867562,58
36,6714,2,2672.0,0,332447.08476939186,26
31,6119,4,,1,135004.81067016572,29
30,6207,1,1183.0,1,189276.0586337886,28
25,5011,8,730.0,0,161845.78151863712,39
52,10311,6,,1,298652.2309396469,61
28,6746,3,,1,197755.2499444837,8
2,629,1,,0,170905.77195569486,27
34,7759,0,229.0,1,239736.05871932552,53
5,1564,0,540.0,0,130409.47060239717,6
9,1892,0,,0,91692.86137836648,27
5,1227,0,,0,163969.98469911132,27
1,264,0,,0,205012.2652566057,1
31,6137,4,,0,183494.3990425933,46
1,264,0,,0,146735.67173983165,1
30,6207,1,1183.0,1,77353.05625821119,126
43,7227,0,,1,184999.7251524524,67
33,7976,5,,0,212745.17480758688,35
30,6207,1,1183.0,1,136715.020469339,22
25,5648,1,30.0,2,127641.21306464972,9
0,168,0,,0,84043.69955616318,23
1,290,0,,0,118207.63538784492,27
47,11319,0,1145.0,3,151266.87620540962,46
23,4635,5,3300.0,2,375823.7232132647,111
6,1318,1,200.0,1,207589.33545491716,1
34,7759,0,229.0,1,175903.57494500186,53
22,4625,11,3855.0,2,185759.88191485903,53
23,5735,3,1084.0,0,337450.04726223927,8
25,5487,3,,0,147662.6077076121,21
7,1660,39,1786.0,1,87772.41857664204,76
26,3889,6,705.0,3,328454.4461318897,63
25,5487,3,,0,179636.71490481554,21
9,1892,0,,0,104891.07375738883,27
43,7227,0,,1,195374.1483916861,87
21,4472,6,1450.0,4,330459.6913479691,170
5,1564,0,540.0,0,172715.71673929214,6
39,10418,9,900.0,1,232131.05004901325,2
37,7687,11,176.0,5,589179.4811707775,59
2,629,1,,0,237651.01434877512,27
27,4798,0,30.0,2,427873.8403752413,128
34,7759,0,229.0,1,359065.2872300612,53
43,8429,3,,3,213433.95096818503,88
30,5285,0,645.0,6,158302.14113744412,84
30,6207,1,1183.0,1,134827.31718311805,22
2,629,1,,0,241165.9614918255,27
2,629,1,,0,258773.1636469561,27
27,4798,0,30.0,2,358940.1626046007,128
52,11217,1,2300.0,1,241930.1745222053,62
11,2370,0,,0,191939.04957513284,9
53,14892,4,,1,151320.8123797315,27
15,2787,2,520.0,0,185219.5288452609,58
21,4346,2,165.0,1,287786.5215156788,78
23,5735,3,1084.0,0,161663.60675481937,58
37,5288,0,1937.0,3,156324.73951057869,90
25,5648,1,30.0,2,187858.70648428728,9
66,10573,1,1322.0,3,162105.02716446447,119
12,2270,23,2500.0,1,368750.8464704299,104
74,19083,2,,5,166306.1846047977,13
5,1564,0,540.0,0,187664.85793070548,6
6,1437,3,,0,110237.73976445344,23
2,629,1,,0,167140.96314555098,62
43,7227,0,,1,176573.60913092282,87
24,5613,5,1340.0,2,169929.0815406551,165
5,1564,0,540.0,0,133072.27947117318,6
6,1437,3,,0,118852.949809436,23
21,5731,0,,1,265502.6298960124,15
43,8429,3,,3,253124.0053320823,88
38,4788,2,,0,247611.3380109257,67
24,5469,1,145.0,0,158242.09633784738,58
23,5735,3,1084.0,0,112075.04520248176,58
22,6398,141,1046.0,3,169973.78797568427,30
43,10621,1,30.0,2,182961.04608445463,3
23,5212,6,,3,183678.60817641715,98
46,9515,5,,1,249076.68261776923,48
74,19083,2,,5,177677.4742987703,57
22,6398,141,1046.0,3,135202.06771990785,30
53,13670,4,,1,245634.4101909792,34
15,2787,2,520.0,0,282403.6582928945,38
46,7960,6,350.0,3,463063.1572939346,64
47,8004,3,125.0,3,226536.7445617937,21
1,264,0,,0,155112.35666586488,1
34,7759,0,229.0,1,280842.6728991288,53
5,1564,0,540.0,0,171543.0593962724,6
33,8667,2,,0,159822.07213951767,94
22,4789,2,4087.0,4,184885.67833503013,84
27,4798,0,30.0,2,175857.10154612723,128
25,5011,8,730.0,0,161201.761205173,39
0,168,0,,0,73170.97253860606,23
37,7687,11,176.0,5,299857.80470306915,59
34,7759,0,229.0,1,217084.4002710225,53
39,10418,9,900.0,1,182289.7957848945,2
5,1564,0,540.0,0,129371.8946764188,6
1,264,0,,0,181434.8255887961,1
23,5212,6,,3,410641.4580360117,45
30,5285,0,645.0,6,89917.92305127373,84
1,264,0,,0,156934.44008785818,1
9,1892,0,,0,148406.6438237674,27
66,10573,1,1322.0,3,238031.89923682183,153
47,8004,3,125.0,3,151148.23182253467,21
47,8004,3,125.0,3,145834.22082293153,21
25,5027,4,46.0,1,441313.8301895504,108
5,1564,0,540.0,0,218209.50164159152,6
34,7065,1,750.0,2,185991.0064400347,52
47,8004,3,125.0,3,148576.69268698507,21
66,10573,1,1322.0,3,254023.50696136343,99
66,10573,1,1322.0,3,162309.99664458347,110
33,7976,5,,0,284538.7585743864,10
22,6398,141,1046.0,3,180201.521199144,30
46,10309,1,240.0,1,174444.09444427415,77
26,4439,1,1130.0,1,156749.80856118046,8
25,5011,8,730.0,0,217855.8644550368,39
66,10573,1,1322.0,3,161263.41450165247,99
28,7287,5,320.0,1,68580.78152118537,37
35,5776,1,2078.0,2,186983.0215857216,99
26,3889,6,705.0,3,280529.2709327068,63
25,5648,1,30.0,2,259387.8345005739,9
66,10573,1,1322.0,3,170770.17464740036,99
6,1437,3,,0,110596.14477158872,23
5,1564,0,540.0,0,207703.24127700855,6
6,1437,3,,0,148455.7515576106,74
36,6714,2,2672.0,0,296679.91030011984,26
23,5735,3,1084.0,0,109261.3315926528,58
43,8429,3,,3,182028.1031084914,88
9,1892,0,,0,174924.30755996407,27
52,11217,1,2300.0,1,212448.39367790488,85
24,5613,5,1340.0,2,170988.64996512927,49
41,6558,7,1548.0,3,220060.5049517828,192
30,5048,9,325.0,2,203801.768016864,79
21,4472,6,1450.0,4,193741.1729658639,170
31,6119,4,,1,204550.68886474575,29
25,5648,1,30.0,2,137106.28654171937,9
9,1892,0,,0,179144.68437977578,27
5,1564,0,540.0,0,121691.60561938374,6
16,3433,4,2643.0,4,141183.02286365163,5
25,5487,3,,0,158410.74243298176,21
46,10309,1,240.0,1,168382.66201739258,47
42,7651,1,,1,151693.94838925893,119
24,4378,0,1036.0,1,206824.3177234677,44
43,10621,1,30.0,2,229847.41319314943,3
50,12238,8,1970.0,2,362621.5371756108,24
21,4346,2,165.0,1,191800.7378228204,78
1,264,0,,0,140030.49786661414,1
19,3856,10,,2,245221.41071646303,124
25,5648,1,30.0,2,135399.68953737765,9
1,264,0,,0,148806.13236381314,1
6,1437,3,,0,185672.88126362767,23
35,7077,56,2301.0,3,443720.4292414559,135
14,3369,24,4129.0,0,260501.53248290185,120
25,5648,1,30.0,2,175084.4153838093,9
19,3293,16,628.0,3,242891.4285211208,121
34,7759,0,229.0,1,277487.6202538834,53
50,12238,8,1970.0,2,559886.9653484939,24
1,264,0,,0,157265.46423687323,1
1,388,0,,0,83192.84453632444,23
29,6566,7,1894.0,4,235205.59198066295,75
34,7759,0,229.0,1,276667.9983615997,53
6,1437,3,,0,339807.8649743253,74
30,7538,87,4702.0,5,595468.0775639741,190
15,2787,2,520.0,0,340799.7950044897,38
22,6398,141,1046.0,3,193885.91811425524,30
2,629,1,,0,135721.83974457544,62
12,2270,23,2500.0,1,468039.07550045673,104
5,1564,0,540.0,0,240222.7462223191,6
30,5285,0,645.0,6,234208.25248019656,54
33,7976,5,,0,231554.4969783668,10
52,10311,6,,1,262307.53684080194,61
2,629,1,,0,244004.6215438027,27
53,14892,4,,1,159549.25998376223,27
21,4346,2,165.0,1,299099.14579604525,8
19,3293,16,628.0,3,92345.04441301573,121
31,6137,4,,0,268580.1207715209,46
25,5487,3,,0,169604.54590520987,21
28,6746,3,,1,170139.55078211564,78
35,7715,4,990.0,0,153912.04450356893,59
1,264,0,,0,171903.2479743833,1
47,11319,0,1145.0,3,228851.9000290721,46
5,1564,0,540.0,0,180182.53659002468,6
17,4017,7,800.0,2,203496.42275613005,142
2,629,1,,0,181127.3440645169,62
43,10621,1,30.0,2,148027.39669651806,93
74,19083,2,,5,358153.6722144499,13
43,10621,1,30.0,2,163482.28247604467,3
2,629,1,,0,132867.42443345356,27
9,1952,1,1430.0,3,187852.58758088152,58
52,11217,1,2300.0,1,428351.43667863647,85
21,4472,6,1450.0,4,494940.959044417,170
30,5562,0,,0,118664.44296789927,18
23,5735,3,1084.0,0,114949.1067112693,58
47,11319,0,1145.0,3,293050.62286279013,123
2,629,1,,0,240807.7973478544,27
36,5992,0,,1,217362.7448885669,11
30,5285,0,645.0,6,84733.33565611487,54
47,8004,3,125.0,3,170593.58649318168,21
23,5735,3,1084.0,0,110407.1403339609,58
30,5048,9,325.0,2,209133.6600549401,58
6,1437,3,,0,189413.4531368841,23
25,5487,3,,0,192355.2040396628,21
1,388,0,,0,88328.25968620164,23
43,8429,3,,3,242323.81611500357,94
22,4789,2,4087.0,4,288452.2107492009,84
6,1437,3,,0,112597.86756914057,23
38,4788,2,,0,210316.4970403913,67
6,1437,3,,0,245484.3236244889,23
5,1564,0,540.0,0,204024.0965054403,6
23,5212,6,,3,307299.7482291435,45
27,4798,0,30.0,2,177857.58908813997,128
41,6558,7,1548.0,3,183373.42673615064,101
1,264,0,,0,211485.1668833648,1
33,5261,0,240.0,3,186082.4144146373,1
2,469,0,,0,137970.69398488378,27
22,6398,141,1046.0,3,168983.67074479832,30
39,7614,3,,1,309943.98699318344,70
34,7065,1,750.0,2,85692.70867365539,52
25,5487,3,,0,167347.94507687842,21
5,1564,0,540.0,0,178486.3857593849,6
46,9515,5,,1,477900.3711537622,48
28,6746,3,,1,141230.16173777624,78
2,629,1,,0,130720.19685856169,62
0,168,0,,0,76228.91831441359,23
28,6746,3,,1,206128.4218922148,78
15,2787,2,520.0,0,169393.95649167823,58
23,5212,6,,3,349107.6662895085,45
22,6398,141,1046.0,3,155127.60242332306,30
2,629,1,,0,121812.50364434964,27
30,5048,9,325.0,2,172668.32609308607,75
27,5664,48,2300.0,3,86480.95622349638,120
22,6398,141,1046.0,3,192887.12548700933,30
1,264,0,,0,166402.44394793353,1
2,629,1,,0,243750.128071527,27
11,2748,1,,0,88763.45123886777,58
5,1564,0,540.0,0,201823.99094637675,6
2,629,1,,0,114585.5764879634,62
46,9515,5,,1,204988.8017086798,48
41,6558,7,1548.0,3,129395.95749947095,101
31,6119,4,,1,139518.17196762437,29
53,13670,4,,1,426985.6670578486,34
1,264,0,,0,178606.39957564612,1
2,629,1,,0,294689.6147935343,27
22,3151,4,2715.0,3,384070.3576494245,90
24,5613,5,1340.0,2,482975.9648524782,129
12,2270,23,2500.0,1,249964.36533545103,114
30,5562,0,,0,141462.0566165657,18
6,1437,3,,0,181679.6659452027,23
49,11395,3,1406.0,3,148429.35954166745,13
46,9515,5,,1,388274.79549257655,48
30,6207,1,1183.0,1,191483.85975547208,22
21,4472,6,1450.0,4,252199.26844278464,130
34,7065,1,750.0,2,150775.31027260545,52
35,7715,4,990.0,0,243454.7597875069,2
30,6141,10,262.0,3,231043.11922297016,109
43,8429,3,,3,187478.4647942477,88
18,3374,5,620.0,1,210311.4529392668,17
23,4635,5,3300.0,2,293475.7016424469,17
23,5735,3,1084.0,0,114118.24923364152,58
23,4635,5,3300.0,2,216956.61847598472,111
17,4017,7,800.0,2,173890.92293349106,167
5,1564,0,540.0,0,120519.55191008336,6
24,4378,0,1036.0,1,125984.97693960632,41
5,1564,0,540.0,0,187108.7763468533,6
28,6533,1,1015.0,2,199260.27597802575,11
24,5613,5,1340.0,2,303190.3519143969,49
27,4798,0,30.0,2,287236.1373770783,128
41,6558,7,1548.0,3,252509.32804763585,101
34,7759,0,229.0,1,375533.6643054875,53
1,264,0,,0,142744.36754040833,1
47,11319,0,1145.0,3,327115.18545413075,46
5,1564,0,540.0,0,116734.36708424446,6
1,264,0,,0,148273.57814752,1
2,629,1,,0,137605.66485769243,27
1,264,0,,0,233890.8548189363,1
11,2748,1,,0,144534.06146627452,9
19,3293,16,628.0,3,204838.0569360616,178
6,1437,3,,0,159451.7120056333,23
53,13670,4,,1,312935.5787838138,25
27,4798,0,30.0,2,178780.60624352095,128
1,264,0,,0,140972.87596223038,1
27,4798,0,30.0,2,311453.9331831541,93
39,8647,0,810.0,0,257885.16172996283,80
17,3379,9,100.0,0,335317.77112852904,166
11,3097,0,,0,195520.31938548863,27
5,1564,0,540.0,0,126925.79515948489,6
30,5048,9,325.0,2,91844.70158718976,79
22,6398,141,1046.0,3,135205.0356708562,30
9,1892,0,,0,136580.2517473851,27
49,11395,3,1406.0,3,183485.2849949661,57
1,264,0,,0,173432.29129699065,1
30,5048,9,325.0,2,192435.87895291747,75
25,5648,1,30.0,2,246542.31903175844,9
2,469,0,,0,143706.02322374706,27
1,264,0,,0,200573.76051493012,1
37,5288,0,1937.0,3,124179.7028408921,90
2,629,1,,0,156512.03420207096,62
5,1564,0,540.0,0,135358.4633179136,6
1,264,0,,0,205482.5885650777,1
25,5027,4,46.0,1,175157.54336979572,89
33,8667,2,,0,203306.8394720209,94
25,4756,16,2857.0,5,368706.5145752222,147
20,2738,20,,1,268187.2904690545,65
2,629,1,,0,178034.5143102255,27
34,7065,1,750.0,2,134376.08135796554,52
43,8429,3,,3,214178.86239697825,88
34,7759,0,229.0,1,198316.4595214084,53
21,5731,0,,1,250613.21515110647,42
30,5048,9,325.0,2,335781.7793543443,75
2,469,0,,0,184959.41503782728,27
53,13670,4,,1,151000.61975072543,25
39,10418,9,900.0,1,152838.6365383248,2
5,1564,0,540.0,0,190216.68102859848,6
27,5148,14,1575.0,5,564216.2332999067,144
30,5285,0,645.0,6,105134.28699422268,0
23,3975,8,770.0,2,217202.0647547285,100
35,7715,4,990.0,0,182408.94978755523,59
25,5648,1,30.0,2,205998.1948965867,9
66,10573,1,1322.0,3,179300.10390428413,99
22,6398,141,1046.0,3,192854.95646608624,30
36,6714,2,2672.0,0,199324.1725399093,138
2,629,1,,0,148441.85093945748,62
22,3151,4,2715.0,3,184222.95910127505,90
11,3097,0,,0,118454.77845207637,27
43,7227,0,,1,160372.81677248358,67
23,5735,3,1084.0,0,151557.90476693097,58
6,1437,3,,0,115757.85285085758,23
1,264,0,,0,97664.22020505842,1
21,4231,14,1020.0,0,513239.4990815424,167
2,469,0,,0,213688.7117486124,27
43,10621,1,30.0,2,225202.09964483816,3
25,3478,11,2729.0,3,165636.23305303277,29
42,7651,1,,1,202558.11519068,119
74,19083,2,,5,346304.6910231305,57
23,5212,6,,3,338049.43849194515,45
27,5148,14,1575.0,5,197433.2282213139,97
2,629,1,,0,228352.81638343172,27
2,629,1,,0,170134.2027635817,27
2,629,1,,0,217232.1143410336,27
6,1437,3,,0,105168.85431393926,23
52,10311,6,,1,226795.6417483973,61
39,7614,3,,1,155814.3480442097,70
4,915,0,,0,118291.54055106752,27
17,3379,9,100.0,0,366340.83759835776,162
35,5776,1,2078.0,2,230539.3777447781,11
30,6207,1,1183.0,1,196840.6530797024,28
5,1564,0,540.0,0,184583.7491638609,6
53,14892,4,,1,171076.79182326604,96
22,4625,11,3855.0,2,181843.4216485016,53
41,6558,7,1548.0,3,200567.6729127241,101
1,264,0,,0,170384.13493842102,1
5,1564,0,540.0,0,171727.80471850812,6
30,6207,1,1183.0,1,186190.5571848752,22
5,1564,0,540.0,0,218695.98710892192,6
47,8004,3,125.0,3,188880.838621464,21
27,5148,14,1575.0,5,86504.50304602124,144
34,7759,0,229.0,1,316085.4657215888,53
36,10055,3,,1,74740.39248734327,41
37,6856,84,1940.0,2,275055.1822008445,152
5,1564,0,540.0,0,127243.77311805756,6
28,6533,1,1015.0,2,157759.0265475383,11
23,5212,6,,3,197798.4513152756,98
22,6398,141,1046.0,3,518163.4284850906,30
52,10311,6,,1,300291.32003119355,61
24,5613,5,1340.0,2,437913.1875225728,129
36,5992,0,,1,228799.13129653307,11
5,1564,0,540.0,0,130648.07859358616,6
30,5285,0,645.0,6,92018.72196397814,0
27,5664,48,2300.0,3,234999.6738553901,118
17,4017,7,800.0,2,211043.1114597256,33
74,19083,2,,5,297144.3696929597,12
28,6533,1,1015.0,2,321703.5945849645,11
42,9292,3,2620.0,0,203309.15187286845,7
28,6533,1,1015.0,2,277669.5421084389,11
1,264,0,,0,125834.27029087376,1
30,6207,1,1183.0,1,239277.45374284216,22
9,1892,0,,0,144090.2003462651,27
33,8667,2,,0,190451.55251878587,10
43,7227,0,,1,236276.66797264805,87
0,168,0,,0,114149.40210318618,23
11,2398,2,1994.0,3,246792.70044877296,40
31,5569,0,,1,287328.8309960636,55
9,1892,0,,0,114779.64213810962,27
43,10621,1,30.0,2,262573.3889699465,3
1,264,0,,0,230007.8341038368,1
23,4583,3,,3,298920.80076870736,47
26,4439,1,1130.0,1,156705.71013115242,8
2,469,0,,0,202664.318241463,27
46,7960,6,350.0,3,202803.01939988323,32
42,7651,1,,1,150719.2569394751,91
17,4017,7,800.0,2,115342.22293652248,129
33,8667,2,,0,254125.5112503032,94
27,4798,0,30.0,2,200739.4412241819,128
28,6533,1,1015.0,2,195424.9866793848,11
66,10573,1,1322.0,3,198213.5747349189,91
1,264,0,,0,216932.6190170048,1
1,264,0,,0,127766.86220254474,1
25,5648,1,30.0,2,132971.06557269243,9
23,4635,5,3300.0,2,367317.2968137859,17
52,11217,1,2300.0,1,222637.3612512388,62
39,10418,9,900.0,1,201720.49830923468,7
52,11217,1,2300.0,1,98858.01669140776,85
35,7077,56,2301.0,3,240010.27766576427,132
74,19083,2,,5,180347.8541228136,13
6,1437,3,,0,212801.12297163927,74
47,8004,3,125.0,3,197106.1824529716,21
2,629,1,,0,114320.09826032488,27
46,7960,6,350.0,3,238770.3612759979,32
30,5285,0,645.0,6,182195.52771938607,84
32,5889,10,830.0,4,247308.6062582761,103
66,10573,1,1322.0,3,206106.0437788824,119
18,3594,4,192.0,1,301201.17398508487,37
22,6398,141,1046.0,3,175738.125270001,30
5,1564,0,540.0,0,187397.03575587992,6
22,6398,141,1046.0,3,175503.7676022279,30
0,168,0,,0,67514.14399853461,23
17,4017,7,800.0,2,456877.3466757928,33
5,1564,0,540.0,0,254409.63803498977,6
11,2748,1,,0,157870.21616002204,9
41,6558,7,1548.0,3,208851.4573912492,101
4,915,0,,0,118327.09061978916,27
20,2738,20,,1,487300.56135054975,65
46,10309,1,240.0,1,212077.274792156,77
0,168,0,,0,263869.13615553273,23
16,3433,4,2643.0,4,234988.22846972605,5
29,6566,7,1894.0,4,170332.88304256395,139
30,5048,9,325.0,2,170901.62258407095,75
52,11217,1,2300.0,1,235582.06374232424,16
21,4472,6,1450.0,4,119853.83158540528,130
1,264,0,,0,277378.3576030302,1
1,264,0,,0,179515.29791844872,1
25,6149,0,,0,181632.1894080216,94
49,11395,3,1406.0,3,168897.87200616358,22
6,1437,3,,0,173934.8650131503,23
7,1660,39,1786.0,1,305406.3862085355,76
66,10573,1,1322.0,3,362500.1836277193,122
74,19083,2,,5,194839.2100271396,13
53,13670,4,,1,277811.2921124708,34
23,5735,3,1084.0,0,177948.1330010561,58
11,2748,1,,0,160571.01509484331,9
6,1437,3,,0,162260.68227780145,74
6,1437,3,,0,150680.81426267768,23
26,4439,1,1130.0,1,178712.22782206844,8
28,6746,3,,1,142294.534169535,8
31,5569,0,,1,184010.76621769968,55
25,5648,1,30.0,2,136963.32342470606,9
36,10055,3,,1,229916.69276891655,41
53,13670,4,,1,349765.2622334744,25
29,6566,7,1894.0,4,171750.11814451063,139
34,7759,0,229.0,1,262041.09891318055,53
4,915,0,,0,140043.12918093483,27
30,6207,1,1183.0,1,175299.73979434534,28
74,19083,2,,5,187109.8862636753,12
23,5212,6,,3,185731.7277491741,45
2,629,1,,0,137578.1639117842,27
28,6533,1,1015.0,2,168367.47103923108,101
47,11319,0,1145.0,3,231856.86224558548,46
5,1564,0,540.0,0,135062.80131471288,6
28,7287,5,320.0,1,251900.5550057885,37
10,2277,2,1547.0,0,118162.88603113894,29
16,3893,27,,3,269113.58424784447,146
36,5992,0,,1,303460.1230201536,11
1,264,0,,0,160630.65290160454,1
39,7614,3,,1,178410.77881183734,62
30,6207,1,1183.0,1,392798.07298975415,28
2,629,1,,0,141657.04501297534,27
2,469,0,,0,213334.76182478757,27
23,5735,3,1084.0,0,166469.3651197984,8
46,7960,6,350.0,3,620399.2803245428,32
36,5992,0,,1,157873.5315682102,11
37,7687,11,176.0,5,451714.46441038296,59
53,13670,4,,1,165261.7109199198,25
52,10311,6,,1,172546.86190759827,61
47,8004,3,125.0,3,157499.1883446775,21
5,1564,0,540.0,0,153270.23910485962,6
46,10309,1,240.0,1,96066.228704515,41
31,5569,0,,1,184767.92879304528,55
30,5562,0,,0,239973.72635835165,145
14,3369,24,4129.0,0,184626.49016789705,103
18,3594,4,192.0,1,342522.4992160475,37
9,1892,0,,0,91263.35394372608,27
31,5569,0,,1,229545.9353598603,55
22,6398,141,1046.0,3,293232.2517746858,30
2,629,1,,0,146146.77418362632,62
34,7065,1,750.0,2,102551.61994269132,52
2,469,0,,0,155608.91852022643,27
1,264,0,,0,207876.8329886032,1
2,629,1,,0,234771.055684384,27
49,11395,3,1406.0,3,149194.22163897398,57
34,7065,1,750.0,2,130695.45350131596,52
38,4788,2,,0,322909.7209564364,67
25,5487,3,,0,150655.63395981214,21
9,1892,0,,0,161631.70497179715,27
31,5569,0,,1,85249.42492345003,55
5,1564,0,540.0,0,180520.8076311514,6
39,10418,9,900.0,1,151516.83648765384,7
22,6398,141,1046.0,3,129202.65263368165,30
2,629,1,,0,155830.1348203156,27
6,1437,3,,0,156472.3445751457,23
37,6856,84,1940.0,2,633233.4665699474,73
5,1564,0,540.0,0,218266.0600835828,6
34,7759,0,229.0,1,198877.35121108324,53
1,388,0,,0,109087.02370010882,23
22,4789,2,4087.0,4,85944.15822530632,84
31,6119,4,,1,354181.90489451424,29
50,12238,8,1970.0,2,176004.74052003014,66
39,10418,9,900.0,1,329629.7672826733,7
49,11395,3,1406.0,3,200477.5063646544,57
43,8429,3,,3,204657.9922195456,88
6,1437,3,,0,150563.98060565017,23
28,6746,3,,1,88176.73977270172,78
47,8004,3,125.0,3,284330.1598947041,21
1,264,0,,0,281057.0942163466,1
35,7077,56,2301.0,3,310891.02405276126,156
1,264,0,,0,168891.61508280874,1
35,5776,1,2078.0,2,226202.8347008078,99
52,11217,1,2300.0,1,150721.42761182625,62
22,6398,141,1046.0,3,228669.94110082425,43
1,264,0,,0,137326.45372511336,1
19,3806,4,,0,275654.253627308,45
26,4439,1,1130.0,1,175771.38354891448,8
1,264,0,,0,191328.4371756045,1
14,3369,24,4129.0,0,72435.02402980204,95
2,629,1,,0,132203.17488652194,62
22,6398,141,1046.0,3,193885.4996324877,30
11,3097,0,,0,192696.92081501684,27
9,1952,1,1430.0,3,259213.14382314525,58
52,11217,1,2300.0,1,114546.11469744008,85
39,10418,9,900.0,1,199690.6493882489,7
22,3151,4,2715.0,3,277204.3674444801,145
17,3379,9,100.0,0,236662.5198256588,194
19,3856,10,,2,240966.52363109167,124
22,4789,2,4087.0,4,192792.730159828,84
53,14892,4,,1,360751.0568459146,27
17,3079,59,2890.0,0,486460.3951464791,134
23,4635,5,3300.0,2,402933.033762262,70
22,6398,141,1046.0,3,124406.89982559068,30
30,5562,0,,0,286609.77854150353,145
28,7287,5,320.0,1,170601.391312094,41
5,1564,0,540.0,0,207923.6800613399,6
19,3806,4,,0,208688.60922007356,45
27,5664,48,2300.0,3,506757.45093449217,120
39,7614,3,,1,184191.96620304303,62
16,3893,27,,3,411959.3007396164,33
23,5212,6,,3,244113.1693869134,45
46,7960,6,350.0,3,339844.4616266244,32
33,7976,5,,0,185934.6711844092,35
11,2748,1,,0,228211.25089483077,58
1,264,0,,0,140585.83016949063,1
66,10573,1,1322.0,3,199321.4579167164,71
19,3293,16,628.0,3,164048.24445629615,104
32,6748,93,562.0,4,465934.4342757768,175
23,4583,3,,3,220920.37409393085,47
25,3478,11,2729.0,3,400651.0481476343,105
22,6398,141,1046.0,3,190049.06152558388,30
6,1437,3,,0,238317.6816833847,74
52,11217,1,2300.0,1,154480.96795636456,62
36,10055,3,,1,214545.60013506943,44
39,7614,3,,1,358291.0099545672,70
28,6533,1,1015.0,2,191371.45725480717,11
1,264,0,,0,156181.03939318506,1
1,388,0,,0,60828.26068561156,23
43,10621,1,30.0,2,171077.42305051652,3
14,3369,24,4129.0,0,214471.00275421425,161
34,7065,1,750.0,2,123018.17666547482,52
35,5776,1,2078.0,2,223396.53774043664,11
5,1564,0,540.0,0,187101.8854511781,6
46,7960,6,350.0,3,217344.45508943367,64
74,19083,2,,5,240450.53323161692,12
46,9515,5,,1,211955.49138455727,48
2,629,1,,0,122190.69035652211,62
4,915,0,,0,179678.1467775929,27
43,10621,1,30.0,2,91840.25273111089,93
1,264,0,,0,133050.40625136028,1
28,6533,1,1015.0,2,177191.7959406302,11
17,4017,7,800.0,2,193615.90379078625,114
5,1564,0,540.0,0,186743.17038426225,6
66,10573,1,1322.0,3,163432.26039440662,99
74,19083,2,,5,263457.8501725438,12
5,1564,0,540.0,0,158341.48028367953,6
28,7287,5,320.0,1,217602.69968302205,37
16,3893,27,,3,249408.45098035512,146
1,264,0,,0,145009.38734712507,1
31,6137,4,,0,90713.07693664356,46
6,1437,3,,0,169584.42549847974,23
5,1564,0,540.0,0,156526.50587498222,6
33,5261,0,240.0,3,203858.09574541735,1
6,1437,3,,0,116854.52330549678,23
17,3079,59,2890.0,0,332689.7689409956,51
28,6533,1,1015.0,2,267645.85027519515,11
37,6856,84,1940.0,2,344603.60523332603,152
46,7960,6,350.0,3,187426.3959661446,111
20,2738,20,,1,452119.10137374577,65
31,7010,5,4508.0,3,155180.69909993967,86
1,264,0,,0,227019.191502079,1
5,1564,0,540.0,0,173219.51810903,6
31,5569,0,,1,150647.20461308403,55
21,4472,6,1450.0,4,395086.4292271565,170
29,6566,7,1894.0,4,200346.45518943656,124
66,10573,1,1322.0,3,158611.39437663936,119
1,388,0,,0,107265.036505866,23
31,6119,4,,1,140168.72395476868,29
50,12238,8,1970.0,2,304991.6731620647,66
53,14892,4,,1,161933.5163968414,96
1,264,0,,0,138319.48281329707,1
31,7010,5,4508.0,3,175320.91928323114,66
39,7614,3,,1,165589.9928257594,62
1,264,0,,0,153505.67186908922,1
50,12238,8,1970.0,2,199345.91963119528,66
1,264,0,,0,153428.06329515448,1
0,168,0,,0,115158.3252782602,23
5,1564,0,540.0,0,207053.3939278387,6
34,7759,0,229.0,1,266599.17815004056,53
33,7976,5,,0,80322.34455932726,10
9,1952,1,1430.0,3,162550.15731117668,58
26,3889,6,705.0,3,132176.74397198774,140
6,1437,3,,0,253597.59671287503,23
37,7687,11,176.0,5,176739.17411946208,20
15,2787,2,520.0,0,258092.8740690128,38
30,5048,9,325.0,2,169825.18217294087,75
25,5648,1,30.0,2,235659.0014649253,9
27,4798,0,30.0,2,247498.5814256608,128
6,1437,3,,0,111365.41608353,23
6,1437,3,,0,131226.51132472823,23
53,14892,4,,1,88899.17032145672,27
27,5664,48,2300.0,3,342575.5542264681,95
0,168,0,,0,114907.78962301582,23
2,469,0,,0,186873.21872841413,27
5,1564,0,540.0,0,187165.1386705589,6
25,5648,1,30.0,2,136800.15930747788,9
28,6746,3,,1,200029.48391893343,8
2,629,1,,0,134605.88773298598,27
6,1437,3,,0,187489.9514196116,23
38,4788,2,,0,234488.4258909124,80
25,5487,3,,0,157850.07533931785,21
36,6714,2,2672.0,0,298237.10646355024,26
31,6119,4,,1,304594.54468714783,105
25,5648,1,30.0,2,220109.38742650492,9
9,1892,0,,0,136093.6112916934,27
0,168,0,,0,115092.35895960632,23
25,5011,8,730.0,0,163726.39377965944,39
42,9292,3,2620.0,0,243907.117596785,7
33,6783,3,,1,493458.1717095448,69
33,5261,0,240.0,3,235531.25626234693,1
22,4625,11,3855.0,2,231212.0418328266,148
26,4439,1,1130.0,1,247782.6834689995,8
4,915,0,,0,89068.10495868037,27
23,4635,5,3300.0,2,330909.5029798669,69
74,19083,2,,5,202046.14335823484,12
66,10573,1,1322.0,3,186016.01277826712,122
2,629,1,,0,180750.47174904263,62
30,5562,0,,0,188489.49055623185,18
5,1564,0,540.0,0,158161.06086160173,6
1,264,0,,0,133372.23274474265,1
52,10311,6,,1,164122.13099478278,61
35,7077,56,2301.0,3,542945.9186567373,60
22,6398,141,1046.0,3,215177.7781742305,30
33,7425,1,,2,190997.0459620141,2
29,6566,7,1894.0,4,160915.6024112497,75
23,5735,3,1084.0,0,238328.5374627497,8
23,4583,3,,3,293760.7493154012,47
26,4439,1,1130.0,1,101530.29698252404,8
6,1437,3,,0,245923.1300604141,74
23,5067,4,,2,569110.2104398846,56
74,19083,2,,5,267230.76222433767,13
66,10573,1,1322.0,3,328648.1285113075,110
37,6856,84,1940.0,2,178886.32268979552,14
23,5735,3,1084.0,0,180054.66877845785,58
43,8429,3,,3,215433.15223806511,88
33,7976,5,,0,203820.4897705654,35
39,8647,0,810.0,0,276441.3100634637,80
30,5048,9,325.0,2,184109.76293613832,79
6,1437,3,,0,122094.25800564289,23
37,7687,11,176.0,5,546812.0999412654,59
9,1892,0,,0,79372.45411719273,27
31,6119,4,,1,143796.79016701548,112
32,5889,10,830.0,4,310005.64873710234,89
35,7715,4,990.0,0,125312.65050361551,59
0,168,0,,0,65334.29256897875,23
11,3097,0,,0,167134.20314902038,27
30,5562,0,,0,142548.25961523168,18
53,14892,4,,1,138389.28083075158,96
22,6398,141,1046.0,3,133529.6815622425,30
35,5776,1,2078.0,2,151830.95690947323,55
23,5212,6,,3,233114.4005243212,138
5,1564,0,540.0,0,140559.06950122607,6
43,7227,0,,1,164876.85248716184,83
39,10418,9,900.0,1,274769.05980257486,7
49,11395,3,1406.0,3,169322.94249649326,57
9,1892,0,,0,143958.84135465766,27
2,469,0,,0,192305.3755401008,27
36,5992,0,,1,251233.30382357436,11
46,7960,6,350.0,3,155749.39057135413,32
2,629,1,,0,271919.86604827555,62
26,3889,6,705.0,3,343928.4994927118,63
33,7976,5,,0,212187.9436464909,35
22,6398,141,1046.0,3,181346.0846076343,30
1,264,0,,0,251885.3086413643,1
37,5288,0,1937.0,3,118004.8299691517,90
46,10309,1,240.0,1,143141.57948310315,47
53,13670,4,,1,109016.17189897136,25
25,4724,2,1308.0,1,269643.2961919536,44
2,629,1,,0,223423.76946882703,62
37,7687,11,176.0,5,186537.3912082542,20
35,5776,1,2078.0,2,186876.1296064764,55
23,3975,8,770.0,2,436302.5762335241,40
43,10621,1,30.0,2,157367.7197215242,3
5,1564,0,540.0,0,157806.71312931896,6
30,6207,1,1183.0,1,232156.2893126417,22
22,6398,141,1046.0,3,209756.37393841657,30
19,3293,16,628.0,3,221968.0486758896,121
24,4378,0,1036.0,1,188012.58459815144,44
1,264,0,,0,240780.7450943552,1
15,2787,2,520.0,0,225680.2955217875,113
53,14892,4,,1,158613.11824994624,93
4,915,0,,0,124685.84748717856,27
23,5735,3,1084.0,0,179666.60233003774,58
43,8429,3,,3,205058.97386527265,88
34,7759,0,229.0,1,322147.208461252,53
4,915,0,,0,143111.5958589427,27
36,5992,0,,1,230849.3121863357,11
1,264,0,,0,179692.08645052367,1
53,13670,4,,1,239710.6277835164,34
16,3433,4,2643.0,4,177194.90946202265,5
2,629,1,,0,207568.51179002324,27
30,6141,10,262.0,3,171134.73771151452,111
2,629,1,,0,172123.09900364926,62
66,10573,1,1322.0,3,189823.99865169276,99
31,7010,5,4508.0,3,316852.1690808402,86
2,629,1,,0,183961.3776999345,27
53,13670,4,,1,236529.01188076683,25
33,6783,3,,1,274922.189256255,17
22,4625,11,3855.0,2,197957.13724276004,148
5,1564,0,540.0,0,222826.7588157843,6
42,7651,1,,1,173191.03658116775,119
27,4798,0,30.0,2,266629.61613192083,128
33,7976,5,,0,263718.55303100776,35
1,264,0,,0,168333.10786413858,1
23,4583,3,,3,305609.04751012736,47
36,6714,2,2672.0,0,190909.137952523,26
53,13670,4,,1,145780.19009245638,25
43,8429,3,,3,218676.8462531464,94
33,5261,0,240.0,3,195526.30988327984,1
34,7065,1,750.0,2,183157.46245064252,52
35,5776,1,2078.0,2,150095.33827165386,99
66,10573,1,1322.0,3,242183.7743643625,122
8,1986,0,,0,180215.58181407003,9
28,7287,5,320.0,1,198662.8066198901,37
2,469,0,,0,126331.36662645568,27
1,264,0,,0,155576.0974584996,1
38,4788,2,,0,214393.17403670988,83
52,11217,1,2300.0,1,150523.81582169663,85
14,3369,24,4129.0,0,178115.58798826058,161
5,1564,0,540.0,0,212195.01956991968,6
14,2940,45,,3,278718.5681875309,184
32,6748,93,562.0,4,340932.7999147885,82
4,915,0,,0,176042.28535431105,27
23,5212,6,,3,378714.1593332233,45
8,1423,37,562.0,1,397528.73606135,181
24,4860,1,80.0,0,183723.76266499388,61
1,264,0,,0,247101.43276121304,1
9,1892,0,,0,113350.02242321124,27
1,264,0,,0,212185.90698446147,1
33,8667,2,,0,176940.11064854637,94
53,13670,4,,1,252748.6631263579,25
36,6714,2,2672.0,0,207240.4624559763,26
16,3893,27,,3,336590.87213883025,151
5,1564,0,540.0,0,222686.98876147112,6
37,5288,0,1937.0,3,204101.0926904233,3
26,4439,1,1130.0,1,181080.9117592273,8
19,3856,10,,2,235110.86482982672,79
53,13670,4,,1,332858.0811295098,34
6,1318,1,200.0,1,216218.59189029835,1
22,6398,141,1046.0,3,109553.12948494212,30
2,629,1,,0,101831.21572910625,85
34,7065,1,750.0,2,180383.8975048725,52
42,7651,1,,1,166021.88986730907,119
0,168,0,,0,63587.76406055901,23
19,3293,16,628.0,3,234845.95863108503,121
19,3856,10,,2,272025.41032956523,79
24,4860,1,80.0,0,237772.0685301485,44
34,7759,0,229.0,1,251249.3657395001,53
9,1892,0,,0,77512.9096901969,27
33,7976,5,,0,292054.67611735733,10
2,629,1,,0,114478.13594346723,27
66,10573,1,1322.0,3,132719.9787523018,99
2,469,0,,0,125555.54871601102,27
31,7010,5,4508.0,3,265361.5911725365,86
53,14892,4,,1,334986.0681765149,96
0,186,0,,0,194582.91275647297,93
16,3433,4,2643.0,4,231577.937127788,5
6,1437,3,,0,186890.30929632965,74
2,629,1,,0,216807.5047135632,27
4,915,0,,0,99079.96051822972,27
43,7227,0,,1,86975.00747556104,83
42,7651,1,,1,192277.32648899368,28
25,4756,16,2857.0,5,87419.6968618792,81
29,6566,7,1894.0,4,267785.6255704491,75
30,6207,1,1183.0,1,186133.24386801547,22
1,264,0,,0,132930.2662259055,1
6,1437,3,,0,226808.7471681844,74
2,629,1,,0,172344.61279200163,62
39,8647,0,810.0,0,324798.3143418394,80
30,5285,0,645.0,6,417583.5374685467,84
1,388,0,,0,65410.07476873669,23
2,629,1,,0,165627.14080558886,62
27,4798,0,30.0,2,206963.9131566777,128
24,4860,1,80.0,0,267767.6731666493,37
47,8004,3,125.0,3,196935.06730287956,21
26,3889,6,705.0,3,331120.53907298826,63
35,5776,1,2078.0,2,222706.17819911856,99
1,264,0,,0,156239.64600291447,1
35,7077,56,2301.0,3,160810.5466807867,60
34,7759,0,229.0,1,207912.5056957142,53
25,5027,4,46.0,1,578599.0345103629,109
25,5027,4,46.0,1,473609.9729076294,17
46,7960,6,350.0,3,159558.36616943075,32
37,6856,84,1940.0,2,445920.6201041013,73
28,7287,5,320.0,1,196641.46881658808,37
21,4472,6,1450.0,4,300235.66801043216,130
6,1437,3,,0,108406.114816501,23
21,4231,14,1020.0,0,160771.18123930215,107
1,264,0,,0,168073.23783568962,1
53,13670,4,,1,378541.56621451065,25
4,915,0,,0,180835.6746214292,27
36,6714,2,2672.0,0,181631.0449322163,26
52,11217,1,2300.0,1,284310.012068375,85
32,6748,93,562.0,4,368586.5016250979,82
42,7651,1,,1,144456.2398378567,91
53,14892,4,,1,142486.56832004245,128
30,5562,0,,0,169827.19341564126,18
6,1437,3,,0,129308.82171769104,23
28,6533,1,1015.0,2,221071.4541620917,101
30,5285,0,645.0,6,400617.138147868,54
34,7065,1,750.0,2,157866.2805477325,52
49,11395,3,1406.0,3,305780.18731086724,57
26,3889,6,705.0,3,257673.5686008605,63
47,8004,3,125.0,3,241677.5411269828,21
34,7759,0,229.0,1,235038.0514041409,53
66,10573,1,1322.0,3,270475.6538068885,122
25,5648,1,30.0,2,129912.86339746523,9
17,4017,7,800.0,2,436112.3424220352,167
23,5212,6,,3,210048.31879458675,45
25,3478,11,2729.0,3,448706.9029203185,105
23,5212,6,,3,332118.5219115569,45
23,5212,6,,3,91587.37680584202,98
5,1564,0,540.0,0,168917.0216996017,6
26,3889,6,705.0,3,269859.76246249967,102
23,3975,8,770.0,2,346490.8777282323,100
24,5469,1,145.0,0,248753.3420542499,58
29,6566,7,1894.0,4,208049.0521463165,124
5,1564,0,540.0,0,114672.76824847508,6
0,168,0,,0,127910.74809711176,23
25,3478,11,2729.0,3,183945.02767582887,105
5,1564,0,540.0,0,180371.0167484343,6
1,264,0,,0,194537.95782979624,1
25,5648,1,30.0,2,199502.20179772392,9
26,4439,1,1130.0,1,162543.99188881097,8
26,3889,6,705.0,3,261337.76868824929,63
2,629,1,,0,118003.28998987902,62
22,3151,4,2715.0,3,299204.8115970417,106
52,10311,6,,1,128417.93794545691,61
11,2370,0,,0,197625.10280340092,9
0,168,0,,0,110508.44859846732,23
2,629,1,,0,229921.8049723273,27
11,3097,0,,0,186144.530891108,27
2,629,1,,0,133563.24702947025,85
24,5469,1,145.0,0,227361.501595094,58
27,5664,48,2300.0,3,309988.239476975,168
12,2270,23,2500.0,1,197302.24188224296,4
2,629,1,,0,126580.50749792963,27
53,13670,4,,1,423527.9581667775,34
46,10309,1,240.0,1,228754.9266032975,77
20,4386,14,,1,216130.8262425419,92
35,7077,56,2301.0,3,415613.5584305778,163
2,629,1,,0,195491.30602548897,62
24,4860,1,80.0,0,381565.171097716,44
22,6398,141,1046.0,3,130583.9726739306,30
1,264,0,,0,229358.7671157145,1
35,5776,1,2078.0,2,152693.65575420475,99
28,6533,1,1015.0,2,172197.41223764533,101
28,7287,5,320.0,1,165869.61633181374,41
25,5648,1,30.0,2,228956.20490209232,9
31,6119,4,,1,204859.8409924309,29
2,629,1,,0,197862.1514470772,62
1,264,0,,0,156648.05678592704,1
74,19083,2,,5,238121.0625282982,12
25,5648,1,30.0,2,222876.5902367045,9
30,5562,0,,0,244639.8808045709,18
43,10621,1,30.0,2,269775.8129441688,93
2,629,1,,0,165717.6256061057,27
1,264,0,,0,180099.65974453394,1
34,7759,0,229.0,1,220991.6020999132,53
0,168,0,,0,108501.73863556002,23
31,6137,4,,0,166660.91516290777,46
14,3369,24,4129.0,0,334440.5203854019,95
15,2787,2,520.0,0,172569.03210930596,113
25,5027,4,46.0,1,120035.83755002738,109
30,6564,1,,0,260960.45089512557,28
28,6533,1,1015.0,2,190110.50342207597,11
4,915,0,,0,142328.2019788375,27
17,3379,9,100.0,0,222008.6898574243,194
2,469,0,,0,128432.32570419056,27
0,168,0,,0,68161.22284423541,23
22,4789,2,4087.0,4,153554.59923089505,84
53,14892,4,,1,243472.64352463715,149
24,5613,5,1340.0,2,423443.46436694695,129
33,7425,1,,2,509230.2144192541,200
5,1564,0,540.0,0,179744.78272650598,6
12,2270,23,2500.0,1,187305.20769906195,114
35,5776,1,2078.0,2,177863.01126585106,99
2,629,1,,0,147612.5316746224,27
5,1564,0,540.0,0,145413.56152489845,6
53,13670,4,,1,284190.55511872337,9
37,7687,11,176.0,5,344183.2398607282,59
28,6746,3,,1,183162.08511020444,78
74,19083,2,,5,249749.51343340223,13
53,14892,4,,1,142777.63397234134,93
1,264,0,,0,170459.76211152278,1
30,6207,1,1183.0,1,187359.93998735145,22
33,5261,0,240.0,3,248885.4056743617,1
31,5569,0,,1,184531.35134192352,55
22,6398,141,1046.0,3,203253.92703379827,30
1,264,0,,0,195101.04445177352,1
19,3806,4,,0,201000.80158127128,45
21,5731,0,,1,173377.872561669,42
53,14892,4,,1,119791.098164449,96
28,6746,3,,1,536367.0364545523,8
33,5261,0,240.0,3,148282.98238720713,1
43,8429,3,,3,250301.9614658549,88
49,11395,3,1406.0,3,170115.72347355925,22
9,1892,0,,0,86887.13967463373,27
34,7759,0,229.0,1,315397.4577427888,53
34,7759,0,229.0,1,321914.58568777936,53
25,3478,11,2729.0,3,91849.92866727222,105
2,469,0,,0,147786.84185388376,27
33,6783,3,,1,387511.7386098569,17
9,1892,0,,0,99353.47682673816,27
23,5735,3,1084.0,0,135953.3986381849,58
1,264,0,,0,128378.95679799849,1
1,264,0,,0,202626.5300124265,1
6,1437,3,,0,126476.04155583288,74
1,264,0,,0,211011.4729172254,1
4,915,0,,0,115408.69579701722,27
53,13670,4,,1,377460.3005008928,34
23,4635,5,3300.0,2,236247.19772267624,111
1,264,0,,0,272301.1853939062,1
21,4472,6,1450.0,4,430041.0718578199,118
43,7227,0,,1,195078.29952656603,87
25,5487,3,,0,195174.3178183889,21
49,11395,3,1406.0,3,201917.7754398576,57
39,10418,9,900.0,1,227335.5792450887,2
9,1892,0,,0,96865.31950203676,27
18,3594,4,192.0,1,144884.9025072812,37
5,1135,0,,0,172366.01219711106,62
47,8004,3,125.0,3,458289.14531319257,125
1,264,0,,0,162436.3797146523,1
30,5285,0,645.0,6,198695.51454040076,81
5,1564,0,540.0,0,165486.36379081785,6
33,7425,1,,2,211927.43052996573,140
19,3293,16,628.0,3,305673.9362067691,121
6,1437,3,,0,101403.90654168092,23
1,264,0,,0,242370.0892455794,1
31,5569,0,,1,398475.74352318735,55
22,6398,141,1046.0,3,152011.00622252293,30
31,5569,0,,1,254694.7828768665,55
2,475,0,,0,80356.31884143525,23
39,8647,0,810.0,0,235588.6605432953,160
50,12238,8,1970.0,2,241567.4390972565,66
2,629,1,,0,170354.87771797777,62
26,3889,6,705.0,3,191582.8806915029,63
53,14892,4,,1,174939.5373207675,96
4,915,0,,0,130923.11195856864,27
24,5613,5,1340.0,2,342922.2114684367,129
18,3594,4,192.0,1,452630.9395795735,37
42,9292,3,2620.0,0,443365.49645106425,2
43,10621,1,30.0,2,148583.3735917068,3
1,388,0,,0,106173.74260362556,23
2,629,1,,0,85762.96578029383,27
22,6398,141,1046.0,3,139989.32054927718,30
33,8667,2,,0,243063.90268161183,94
33,7425,1,,2,253961.99422357464,200
6,1437,3,,0,254107.17351560108,23
2,629,1,,0,132858.3417247801,27
34,7759,0,229.0,1,176982.2135859887,53
4,915,0,,0,106152.79005642288,27
47,8004,3,125.0,3,230378.6448346796,21
49,11395,3,1406.0,3,168154.88127511615,57
28,6746,3,,1,155195.08290725586,8
34,7759,0,229.0,1,210821.2749393644,53
22,6398,141,1046.0,3,122413.31539695393,30
36,6714,2,2672.0,0,157391.0559827491,26
46,10309,1,240.0,1,229789.8305674603,47
2,629,1,,0,75170.81310744087,27
24,4860,1,80.0,0,207103.209096882,44
30,6207,1,1183.0,1,396689.308758384,28
39,7614,3,,1,389426.41697300976,62
34,7759,0,229.0,1,200163.44919865736,53
19,3293,16,628.0,3,233753.87758873595,121
6,1437,3,,0,155319.53145943294,23
66,10573,1,1322.0,3,147017.75806108903,91
5,1564,0,540.0,0,188077.5127682633,6
30,6207,1,1183.0,1,172378.55881143006,28
39,7614,3,,1,291657.4461215073,70
36,6714,2,2672.0,0,413970.3047935927,26
32,5889,10,830.0,4,499407.4943548215,31
24,5469,1,145.0,0,337231.5867546469,113
53,14892,4,,1,168583.50053262233,27
36,5992,0,,1,227288.8177716621,11
16,3433,4,2643.0,4,290958.6894207798,5
36,10055,3,,1,160886.6536085228,41
43,7227,0,,1,244351.98927867712,67
4,915,0,,0,89104.35527334269,27
1,264,0,,0,225627.9805376709,1
74,19083,2,,5,174431.94720877864,12
1,264,0,,0,175737.29377184095,1
52,10311,6,,1,285756.1706074765,61
37,7687,11,176.0,5,276423.7362022564,171
31,6137,4,,0,142314.0849434186,46
5,1564,0,540.0,0,221807.1125678024,6
52,11217,1,2300.0,1,214300.54480613596,85
37,7687,11,176.0,5,544073.1782638407,59
2,469,0,,0,155536.33904700147,27
1,264,0,,0,183072.75864818136,1
46,9515,5,,1,272761.7158136757,48
39,7614,3,,1,154875.89647426733,64
6,1437,3,,0,143827.42753884298,23
25,3478,11,2729.0,3,180950.15009788008,105
1,388,0,,0,79933.45469572014,23
16,3893,27,,3,178319.04566084372,33
25,5648,1,30.0,2,171744.31545111266,9
5,1564,0,540.0,0,122043.10575448217,6
6,1437,3,,0,288519.4054454396,74
2,469,0,,0,129552.17301137612,27
23,5212,6,,3,327660.3887600899,45
66,10573,1,1322.0,3,195265.4039862908,99
30,7538,87,4702.0,5,561876.2025273731,190
25,5487,3,,0,199184.04606111336,21
0,168,0,,0,165174.5159387725,23
33,5261,0,240.0,3,119191.50715337676,1
1,264,0,,0,154979.4979927862,1
24,5469,1,145.0,0,184955.5459676541,58
46,7960,6,350.0,3,189637.72726026227,64
46,10309,1,240.0,1,174164.8673895877,47
24,5469,1,145.0,0,292150.6260800625,113
1,264,0,,0,130978.63735029074,1
27,5664,48,2300.0,3,193869.5203437752,118
43,7227,0,,1,208791.1624516682,67
30,7538,87,4702.0,5,217045.53435980467,157
0,186,0,,0,167345.72873723746,93
34,7065,1,750.0,2,184799.7653945608,52
49,11395,3,1406.0,3,167947.2716239246,57
24,4378,0,1036.0,1,245985.05042502648,44
26,4439,1,1130.0,1,165562.70972117723,8
30,6207,1,1183.0,1,136359.92459525386,22
2,629,1,,0,150522.23910727812,27
1,264,0,,0,232678.34134534225,1
43,10621,1,30.0,2,143018.0492862415,93
25,6149,0,,0,155415.24796043464,94
31,7010,5,4508.0,3,460488.6708021399,86
49,11395,3,1406.0,3,260422.38621096843,57
25,5648,1,30.0,2,240832.72350779324,9
34,7065,1,750.0,2,383841.928038505,74
35,5776,1,2078.0,2,171652.37447541227,99
9,1892,0,,0,137285.6974444947,27
34,7759,0,229.0,1,242866.63336197383,53
30,6207,1,1183.0,1,183888.8602470572,22
33,5261,0,240.0,3,214280.20225247272,1
53,13670,4,,1,180592.52132190915,25
5,1564,0,540.0,0,190349.79422228303,6
6,1437,3,,0,169354.8166730101,23
9,1952,1,1430.0,3,130914.10673391206,58
11,2748,1,,0,203719.77811820628,58
36,10055,3,,1,250383.834401864,41
33,5261,0,240.0,3,130020.75628114297,185
2,629,1,,0,194049.9490357764,27
53,14892,4,,1,137070.010775582,93
43,10621,1,30.0,2,142874.081815111,93
1,264,0,,0,218081.3990677862,1
11,2748,1,,0,155335.32745423994,9
42,9292,3,2620.0,0,302416.005669301,2
37,6856,84,1940.0,2,200680.3272204805,14
25,5648,1,30.0,2,218448.5681259205,9
15,2787,2,520.0,0,436260.0345711701,38
26,3889,6,705.0,3,167383.51813449257,63
2,629,1,,0,171584.89967249052,27
35,5776,1,2078.0,2,205733.81311908463,55
17,3079,59,2890.0,0,286070.72207004554,134
37,5288,0,1937.0,3,148593.57796086118,90
0,168,0,,0,185006.41823174275,23
2,629,1,,0,143327.71105320414,27
34,7065,1,750.0,2,169188.93689810118,52
35,7715,4,990.0,0,175256.77888730486,59
22,6398,141,1046.0,3,110286.82133110915,30
50,12238,8,1970.0,2,205935.38484173003,66
39,8647,0,810.0,0,155767.03096504026,80
53,13670,4,,1,249958.53656839023,25
32,5889,10,830.0,4,425716.9519847653,103
2,475,0,,0,136078.2719049695,23
46,9515,5,,1,468793.60239933775,48
19,3806,4,,0,185818.846495958,138
53,14892,4,,1,176870.24334818622,96
25,5011,8,730.0,0,162406.69938041107,39
28,6533,1,1015.0,2,281911.677971272,101
52,11217,1,2300.0,1,123280.90975284037,62
35,5776,1,2078.0,2,225954.55272485147,99
25,5027,4,46.0,1,310566.0641687236,108
32,5889,10,830.0,4,181495.7923550348,31
37,5288,0,1937.0,3,183299.62244046887,90
29,6566,7,1894.0,4,311242.42592194513,75
14,2940,45,,3,352139.6440888416,182
6,1437,3,,0,166486.38241595085,74
24,5469,1,145.0,0,283417.8630893757,113
34,7065,1,750.0,2,113277.59188676608,52
11,3097,0,,0,152956.82999798754,27
25,5487,3,,0,168729.9584402553,21
1,264,0,,0,185061.62285463192,1
25,3478,11,2729.0,3,182230.9436634874,125
47,11319,0,1145.0,3,87383.12305512586,46
34,7065,1,750.0,2,161435.8481284062,52
21,5731,0,,1,124111.07436048212,15
1,264,0,,0,222498.9984215088,1
46,9515,5,,1,200468.34000580528,48
37,5288,0,1937.0,3,192761.9928509757,90
25,3478,11,2729.0,3,197397.87209897907,105
24,5613,5,1340.0,2,218730.46467114484,129
22,6398,141,1046.0,3,188157.3310615813,30
47,8004,3,125.0,3,135572.89447711938,21
52,11217,1,2300.0,1,355171.64841342386,85
36,6714,2,2672.0,0,130451.11986625491,26
35,5776,1,2078.0,2,190269.32904393444,99
53,13670,4,,1,273718.32331546914,25
25,5011,8,730.0,0,197795.5718296234,39
11,2748,1,,0,159286.2621615835,9
38,4788,2,,0,260094.9380254516,83
37,5288,0,1937.0,3,181878.44134072465,90
6,1318,1,200.0,1,215257.0416334537,1
50,12238,8,1970.0,2,87463.72921921336,24
6,1437,3,,0,114049.77862744757,23
1,264,0,,0,170057.58823796947,1
22,6398,141,1046.0,3,135430.61154913448,30
52,10311,6,,1,245818.042752552,61
47,8004,3,125.0,3,258731.5351480505,21
21,4346,2,165.0,1,131226.3319280899,8
9,1952,1,1430.0,3,209821.9518628941,58
24,4378,0,1036.0,1,190200.8060329426,44
24,5469,1,145.0,0,200414.4011717185,113
27,4798,0,30.0,2,438480.13257619273,128
2,629,1,,0,199715.148807018,27
36,6714,2,2672.0,0,177250.94048060145,138
29,6566,7,1894.0,4,258182.6752368279,75
0,168,0,,0,76335.07814949713,23
2,528,0,0.0,0,431238.4670110489,23
5,1564,0,540.0,0,145532.74986166865,6
30,6564,1,,0,169089.592664422,119
42,9292,3,2620.0,0,171725.9308801626,7
43,7227,0,,1,157281.40165310295,83
1,264,0,,0,170718.29654167645,1
35,5776,1,2078.0,2,287262.764886454,99
49,11395,3,1406.0,3,102577.54122112769,57
1,264,0,,0,127742.13541594196,1
28,6746,3,,1,437706.6507520504,78
74,19083,2,,5,174353.82385802467,12
34,7759,0,229.0,1,352671.4297063973,53
34,7759,0,229.0,1,167829.12391740398,53
46,7960,6,350.0,3,448317.2234687677,111
22,6398,141,1046.0,3,133031.58726544262,30
35,5776,1,2078.0,2,252438.07119961805,11
25,6149,0,,0,147480.76147546998,94
20,4386,14,,1,367001.4384632893,154
23,5212,6,,3,409208.9941568748,45
1,264,0,,0,145549.14723072562,1
34,7065,1,750.0,2,267748.00529447873,52
34,7759,0,229.0,1,215809.4676597896,53
41,6558,7,1548.0,3,146258.01081839864,101
35,7077,56,2301.0,3,485380.1495008799,156
46,9515,5,,1,207633.6602870756,48
34,7065,1,750.0,2,130155.25477646913,52
23,5735,3,1084.0,0,175466.8454627023,58
5,1564,0,540.0,0,122254.10548641405,6
26,3889,6,705.0,3,195061.18036188176,102
47,8004,3,125.0,3,171842.41185486814,21
21,5731,0,,1,234342.9572090477,42
24,5469,1,145.0,0,317253.7447269265,113
32,6748,93,562.0,4,270687.90269196173,183
2,629,1,,0,113909.09942801466,62
74,19083,2,,5,199036.83546706676,13
21,4472,6,1450.0,4,402332.4915493116,130
46,7960,6,350.0,3,236804.2800366586,32
6,1437,3,,0,153884.67669931898,23
31,5569,0,,1,286817.23361344263,55
43,8429,3,,3,314740.097486124,191
25,5648,1,30.0,2,256303.8280474052,9
74,19083,2,,5,179735.48827555534,12
18,3374,5,620.0,1,313078.01570575434,17
23,4635,5,3300.0,2,252195.6770798662,111
34,7065,1,750.0,2,336106.65631546505,52
5,1564,0,540.0,0,190962.53310092835,6
37,5288,0,1937.0,3,225284.70023519956,90
25,5487,3,,0,156573.30283738233,21
53,13670,4,,1,201501.5345824407,25
39,7614,3,,1,240067.3585265573,64
53,14892,4,,1,390502.9487887937,27
5,1564,0,540.0,0,197322.6527748693,6
5,1564,0,540.0,0,155443.61129124762,6
25,5011,8,730.0,0,345886.68220569857,39
2,629,1,,0,166268.9592948262,27
46,10309,1,240.0,1,277741.58911039645,47
37,7687,11,176.0,5,302977.1979377916,59
35,5776,1,2078.0,2,161044.94413780785,99
5,1564,0,540.0,0,218825.88604211065,6
5,1564,0,540.0,0,169309.8711183024,6
46,10309,1,240.0,1,180028.18175161703,77
33,7976,5,,0,235371.6213151476,35
21,5731,0,,1,80678.65238553284,42
28,7287,5,320.0,1,298885.660185922,37
4,915,0,,0,111073.1500029916,27
34,7759,0,229.0,1,218230.6967089395,53
1,264,0,,0,215405.7156983437,1
2,629,1,,0,212572.26022588307,27
9,1892,0,,0,117801.20493288733,27
24,5469,1,145.0,0,557202.3513628489,58
1,264,0,,0,263461.13075062056,1
47,11319,0,1145.0,3,214139.52741033412,46
10,2277,2,1547.0,0,400237.542792344,29
18,3594,4,192.0,1,293240.6192294194,169
41,6558,7,1548.0,3,323287.0681797456,11
6,1437,3,,0,166975.68228512804,23
2,629,1,,0,160617.18641839802,27
6,1437,3,,0,149830.36490054615,74
27,4798,0,30.0,2,331897.5199539395,128
31,6119,4,,1,168936.23698638089,29
5,1564,0,540.0,0,121115.89187073582,6
1,264,0,,0,209965.9832203843,1
22,6398,141,1046.0,3,197761.2169323458,30
19,3806,4,,0,178650.41052979702,45
2,629,1,,0,194555.6354749247,27
43,7227,0,,1,202502.6336855215,87
66,10573,1,1322.0,3,268882.06993694045,122
14,3369,24,4129.0,0,221918.95312366597,120
22,3151,4,2715.0,3,259916.0447361156,145
34,7065,1,750.0,2,125635.83407431924,52
22,6398,141,1046.0,3,161825.4060525946,30
27,5664,48,2300.0,3,353595.78687330714,116
9,1768,0,370.0,0,183489.35832661123,57
36,5992,0,,1,79057.71021289518,11
2,475,0,,0,92319.92067107928,23
1,264,0,,0,162490.29424639768,1
41,6558,7,1548.0,3,192102.1063404853,101
47,11319,0,1145.0,3,403657.9205660291,123
6,1437,3,,0,188642.27755288835,23
25,5648,1,30.0,2,186176.67274897645,9
5,1564,0,540.0,0,139601.08949340138,6
37,5288,0,1937.0,3,132094.24260035614,90
30,6564,1,,0,320544.4489825212,28
1,264,0,,0,123490.21223933614,1
4,915,0,,0,117460.6965576046,27
30,6141,10,262.0,3,203549.7690510813,109
19,3856,10,,2,220501.566180364,205
35,5776,1,2078.0,2,190214.5229210285,99
1,264,0,,0,224959.0525112804,1
2,629,1,,0,113197.00667177969,27
20,4386,14,,1,318762.3790332149,92
11,2398,2,1994.0,3,218643.69606559692,40
47,11319,0,1145.0,3,168032.8895157951,46
43,8429,3,,3,248222.4942865625,93
25,4756,16,2857.0,5,155874.8829939486,0
32,6748,93,562.0,4,524781.0183922851,82
33,6783,3,,1,301056.2062298837,69
25,5648,1,30.0,2,295264.5497513473,9
49,11395,3,1406.0,3,204141.8252913573,57
23,4583,3,,3,312724.25984711765,47
18,3594,4,192.0,1,214874.308753064,37
2,629,1,,0,181620.0041303721,62
16,3433,4,2643.0,4,228628.22570789303,5
43,8429,3,,3,371273.3449702344,88
5,1564,0,540.0,0,175476.0693063191,6
31,6119,4,,1,157029.53359870386,29
74,19083,2,,5,343866.6781979276,12
20,4386,14,,1,171344.14363802626,92
46,9515,5,,1,303689.72130822594,48
19,3293,16,628.0,3,116994.0849953335,134
27,5148,14,1575.0,5,176640.64534257606,132
53,14892,4,,1,205199.6375165601,27
16,3893,27,,3,145331.45159112493,33
1,264,0,,0,134462.56680852216,1
6,1437,3,,0,165435.92634125502,74
29,6566,7,1894.0,4,196352.71685166052,124
35,7077,56,2301.0,3,333466.6147472781,132
5,1564,0,540.0,0,178148.97785514983,6
16,3893,27,,3,308805.5491268649,146
6,1437,3,,0,165785.60248954565,23
23,5735,3,1084.0,0,163155.47672133052,58
6,1437,3,,0,248757.5173898804,74
2,629,1,,0,110430.18826732483,62
23,5735,3,1084.0,0,110942.97059665988,58
22,3151,4,2715.0,3,304576.02729349496,90
28,7287,5,320.0,1,167576.20967379885,37
32,6748,93,562.0,4,177601.93787852192,180
19,3806,4,,0,184556.60149821648,138
47,11319,0,1145.0,3,246327.5137060436,46
2,629,1,,0,80924.21044118196,62
2,629,1,,0,190550.98204912152,62
2,469,0,,0,178920.3089937141,27
30,6564,1,,0,159807.72714767445,91
6,1437,3,,0,146596.32784172718,23
19,3293,16,628.0,3,166271.53910329653,121
31,5569,0,,1,182802.4219970832,55
41,6558,7,1548.0,3,124121.21951331568,101
24,5613,5,1340.0,2,308656.41967736284,129
38,4788,2,,0,226886.17805525035,67
31,6119,4,,1,206840.8532925321,105
27,5148,14,1575.0,5,174020.99938621122,144
11,2398,2,1994.0,3,345723.4852852959,40
23,5212,6,,3,414451.1354130464,138
74,19083,2,,5,243359.47868297985,13
32,6748,93,562.0,4,284608.93926116073,183
9,1768,0,370.0,0,133042.61678155794,57
47,11319,0,1145.0,3,408749.083579995,46
66,10573,1,1322.0,3,69863.26253337257,99
53,13670,4,,1,245887.5898555345,9
21,4231,14,1020.0,0,355550.6775783578,167
66,10573,1,1322.0,3,165828.91962579358,122
22,6398,141,1046.0,3,124050.21848395752,30
38,4788,2,,0,144809.23588577026,83
33,8667,2,,0,227380.5472357563,10
53,13670,4,,1,345028.2418834678,25
5,1564,0,540.0,0,187462.59996671788,6
21,5731,0,,1,165633.22454307755,42
37,6856,84,1940.0,2,184275.85856455128,14
25,5648,1,30.0,2,189032.18374533387,9
31,5569,0,,1,166737.45696024952,55
2,629,1,,0,109129.98239219224,62
21,5731,0,,1,160877.00202319218,42
21,5731,0,,1,160185.6320848009,15
42,9292,3,2620.0,0,453963.3406275156,7
19,3806,4,,0,177361.45038773905,89
74,19083,2,,5,155219.93550515268,12
30,5562,0,,0,128479.27162440734,18
5,1564,0,540.0,0,191376.49860917285,6
37,7687,11,176.0,5,526125.268276919,59
22,6398,141,1046.0,3,189993.18901771412,30
66,10573,1,1322.0,3,90782.525204461,99
35,7715,4,990.0,0,141855.89648551308,19
25,3478,11,2729.0,3,178240.00737776954,105
2,475,0,,0,127695.86045616162,23
34,7065,1,750.0,2,132962.29940434804,52
46,7960,6,350.0,3,207613.26518567672,64
47,11319,0,1145.0,3,333643.0372161033,46
28,6533,1,1015.0,2,177231.37960028046,11
2,629,1,,0,135835.43004469256,62
11,2370,0,,0,126493.82626995292,9
23,5735,3,1084.0,0,218975.3186788872,58
19,3293,16,628.0,3,297749.6035729893,121
23,3975,8,770.0,2,195257.22483504808,100
25,3478,11,2729.0,3,140048.80227724573,209
22,6398,141,1046.0,3,131361.63545326787,30
6,1437,3,,0,78686.73784386563,23
8,1986,0,,0,146278.2610832161,9
24,5613,5,1340.0,2,440677.8627065959,129
19,3856,10,,2,206308.4643655652,79
16,3893,27,,3,217440.29839179,151
47,8004,3,125.0,3,159180.33092230902,21
18,3594,4,192.0,1,209521.771502497,37
24,4378,0,1036.0,1,246773.5506233664,41
2,629,1,,0,140929.992373152,27
25,5648,1,30.0,2,225755.81331603328,9
34,7759,0,229.0,1,208197.7661920401,53
22,6398,141,1046.0,3,133039.38305613937,30
23,4635,5,3300.0,2,393210.94482293545,17
46,7960,6,350.0,3,449776.1043936942,64
2,629,1,,0,228402.1355198875,27
53,13670,4,,1,370409.39382209006,9
19,3856,10,,2,203691.22703646225,124
2,629,1,,0,234704.58813189145,27
2,629,1,,0,275724.0515560927,62
23,5735,3,1084.0,0,202303.074312528,58
2,629,1,,0,117699.18195640948,27
47,11319,0,1145.0,3,259507.94069666805,123
30,7538,87,4702.0,5,380765.5435938293,190
31,6137,4,,0,216927.2292362827,46
25,5487,3,,0,136450.51699030946,21
11,2398,2,1994.0,3,211501.79222088927,40
9,1952,1,1430.0,3,161374.72502505252,58
30,5285,0,645.0,6,153435.74909672458,84
19,3806,4,,0,191780.8700329752,103
47,8004,3,125.0,3,167093.79371766857,21
1,264,0,,0,137137.59378312962,1
30,6141,10,262.0,3,149134.4034825186,111
2,629,1,,0,144064.58091485954,27
4,915,0,,0,113608.08140578964,27
21,4472,6,1450.0,4,178896.7859058407,130
36,5992,0,,1,176073.9256028816,11
66,10573,1,1322.0,3,159159.30832889755,99
0,168,0,,0,143131.23619580493,23
53,14892,4,,1,155896.62549008362,27
5,1564,0,540.0,0,127778.62588787828,6
25,5648,1,30.0,2,143023.445536596,9
1,264,0,,0,207378.7665293656,1
37,5288,0,1937.0,3,113846.12376286973,90
52,10311,6,,1,119367.4557962468,61
43,8429,3,,3,218381.0670423232,88
5,1564,0,540.0,0,271249.5184009187,6
5,1564,0,540.0,0,185979.68761977772,6
1,264,0,,0,136841.2514548673,1
46,9515,5,,1,409029.50547483406,48
34,7759,0,229.0,1,216505.67591236907,53
23,5067,4,,2,228134.768246545,56
22,6398,141,1046.0,3,203826.5073264091,30
4,915,0,,0,118352.51702308135,27
37,5288,0,1937.0,3,173409.5316562938,90
43,8429,3,,3,205723.11859715296,88
1,264,0,,0,165973.640315922,1
24,5469,1,145.0,0,164576.38233312007,58
36,6714,2,2672.0,0,188155.83811374853,26
36,10055,3,,1,200377.7284718111,41
30,5562,0,,0,192933.9248985056,18
1,264,0,,0,96662.77403895457,1
6,1437,3,,0,193398.61374915,23
52,11217,1,2300.0,1,234825.1452802897,85
4,915,0,,0,188696.258007986,27
41,6558,7,1548.0,3,245793.3528457253,101
25,5648,1,30.0,2,132233.09419053874,9
21,4346,2,165.0,1,149242.53059124632,8
37,7687,11,176.0,5,207086.63730729296,59
2,629,1,,0,118663.19686922128,62
30,6207,1,1183.0,1,137778.6626264968,22
10,2277,2,1547.0,0,173315.20015961508,29
49,11395,3,1406.0,3,282286.2689662211,57
2,629,1,,0,198946.721629608,62
39,10418,9,900.0,1,274959.6725131746,7
36,10055,3,,1,197342.7900939249,41
31,6137,4,,0,183698.04949245555,25
50,12238,8,1970.0,2,179396.5210345617,24
35,5776,1,2078.0,2,192605.5686222677,99
53,13670,4,,1,179573.8414865316,34
34,7759,0,229.0,1,335388.14968209947,53
1,264,0,,0,268123.0396065426,1
21,5731,0,,1,176570.57265425753,42
47,8004,3,125.0,3,228803.787754716,21
34,7759,0,229.0,1,195807.91351666985,53
39,7614,3,,1,184350.5996561813,62
25,5648,1,30.0,2,239740.1144661136,9
43,7227,0,,1,182126.28089908927,87
21,5731,0,,1,240411.02752795923,42
25,5648,1,30.0,2,139025.78503488025,9
34,7065,1,750.0,2,215410.66741128557,52
52,11217,1,2300.0,1,374107.0299632473,85
30,6564,1,,0,331910.23653045145,91
22,6398,141,1046.0,3,138250.14982125087,30
1,264,0,,0,148389.99260913054,1
43,7227,0,,1,148213.98803176728,67
30,5285,0,645.0,6,502813.7726648614,54
1,290,0,,0,109529.41109976936,27
74,19083,2,,5,248197.17634074425,57
25,6149,0,,0,168827.46855488466,93
5,1564,0,540.0,0,189038.6289047243,6
74,19083,2,,5,315198.8426273198,12
2,629,1,,0,158591.394110587,62
16,3893,27,,3,166039.87643237456,33
30,6207,1,1183.0,1,241394.8769841776,28
23,5735,3,1084.0,0,122731.00594990252,58
19,3856,10,,2,448187.1264069303,124
74,19083,2,,5,213389.21999209185,13
35,7715,4,990.0,0,273289.96481843124,2
38,4788,2,,0,177212.46521422267,67
50,12238,8,1970.0,2,186189.9995966562,66
41,6558,7,1548.0,3,188774.35189388948,101
22,4789,2,4087.0,4,169001.64968347887,84
36,5992,0,,1,214886.1227378646,11
31,5569,0,,1,91354.54925065245,55
24,5613,5,1340.0,2,184264.2930452119,129
47,8004,3,125.0,3,79913.2678558117,21
33,7976,5,,0,178667.1558984088,35
5,1564,0,540.0,0,122201.72191238734,6
14,3369,24,4129.0,0,85708.21924929209,103
31,5569,0,,1,237650.71992505807,55
52,10311,6,,1,309286.5696058098,61
34,7759,0,229.0,1,192141.9918582559,53
2,469,0,,0,218372.3045042005,27
9,1892,0,,0,114282.29524096187,27
43,10621,1,30.0,2,147032.13679007586,3
34,7065,1,750.0,2,163180.48987492846,52
8,1986,0,,0,212408.01184620737,9
53,13670,4,,1,284467.1442566008,25
17,3379,9,100.0,0,227221.0404195109,166
1,264,0,,0,134672.26909741882,1
25,5648,1,30.0,2,154970.5918389769,9
46,10309,1,240.0,1,239933.05253214165,41
42,7651,1,,1,158420.30598512932,119
21,4231,14,1020.0,0,226905.03736149284,107
5,1135,0,,0,87553.98856725151,62
1,388,0,,0,63676.97773376995,23
1,264,0,,0,137177.19996787398,1
1,264,0,,0,197569.5829359884,1
42,7651,1,,1,116999.46514223056,91
38,4788,2,,0,210941.17620059027,83
28,6746,3,,1,158328.4056422945,8
36,10055,3,,1,394235.91417352407,41
1,264,0,,0,167639.50051708595,1
43,8429,3,,3,156473.57108707615,88
25,5487,3,,0,190532.38841674503,21
32,5889,10,830.0,4,201983.66560972304,31
5,1564,0,540.0,0,168980.3708459613,6
5,1564,0,540.0,0,177688.29184103358,6
53,13670,4,,1,279806.6992305174,34
46,7960,6,350.0,3,325461.157704322,32
1,264,0,,0,166233.2503645109,1
28,6533,1,1015.0,2,173868.08708113094,11
74,19083,2,,5,351005.217654304,12
22,4789,2,4087.0,4,175062.6005985943,84
30,5048,9,325.0,2,386205.84304988506,75
50,12238,8,1970.0,2,218638.332450608,66
36,10055,3,,1,251414.5821305725,41
16,3893,27,,3,167521.44739683243,167
22,4625,11,3855.0,2,227510.9589997448,53
6,1437,3,,0,245113.24301967223,74
27,5664,48,2300.0,3,301088.9556597101,168
21,5731,0,,1,228880.11238197176,42
2,629,1,,0,209682.6654635128,62
2,629,1,,0,146688.82378158002,27
5,1564,0,540.0,0,142441.89063686627,6
2,469,0,,0,128858.98860619914,27
39,8647,0,810.0,0,170743.15719420428,80
2,629,1,,0,193272.92335189253,27
11,2748,1,,0,154310.6138192048,9
25,5648,1,30.0,2,173282.95890095306,9
30,6141,10,262.0,3,213159.29393946487,109
42,7651,1,,1,164286.90213598823,119
23,5212,6,,3,312636.07308078534,45
30,6207,1,1183.0,1,90753.17252195644,28
27,5664,48,2300.0,3,209652.8620698805,53
43,10621,1,30.0,2,193518.6591764792,3
22,6398,141,1046.0,3,125687.97055149006,30
2,629,1,,0,259991.1372254605,62
5,1564,0,540.0,0,131646.82585000602,6
3,760,1,,0,114687.367369999,1
11,2370,0,,0,265002.34469609964,9
50,12238,8,1970.0,2,315065.6623148828,66
0,168,0,,0,95913.65996282372,23
52,11217,1,2300.0,1,254692.4197597616,16
25,5011,8,730.0,0,241964.5081678325,39
0,168,0,,0,122924.26000072269,23
1,264,0,,0,124819.13986937792,1
5,1564,0,540.0,0,118035.15951631924,6
74,19083,2,,5,241461.6438547032,12
30,6207,1,1183.0,1,154841.32142049912,28
5,1564,0,540.0,0,188221.4170746645,6
47,8004,3,125.0,3,265166.52695950767,125
35,7715,4,990.0,0,186333.2773708496,19
25,5648,1,30.0,2,228906.01163297743,9
18,3374,5,620.0,1,234193.34274164785,17
24,5469,1,145.0,0,318781.8274923615,113
31,6119,4,,1,223557.93480245263,29
34,7065,1,750.0,2,136120.74136704474,52
0,168,0,,0,60502.58349957876,23
5,1564,0,540.0,0,188319.66209727648,6
24,5613,5,1340.0,2,164021.2019789386,129
25,5487,3,,0,201583.8835472572,21
32,5889,10,830.0,4,278600.6711683557,31
16,3893,27,,3,162486.04266072626,33
1,264,0,,0,213148.82565905573,1
25,5648,1,30.0,2,159671.4704382679,9
6,1437,3,,0,166129.83879423028,74
66,10573,1,1322.0,3,148170.92203323386,110
2,475,0,,0,107825.99709455857,23
5,1564,0,540.0,0,126805.8855935399,6
24,4860,1,80.0,0,340550.477644759,44
1,264,0,,0,245038.1883680728,1
30,6207,1,1183.0,1,196834.9236312372,28
34,7065,1,750.0,2,159064.67093614725,52
24,5613,5,1340.0,2,182248.1868458575,49
5,1564,0,540.0,0,126347.13905545814,6
36,6714,2,2672.0,0,177258.48005841434,26
30,6207,1,1183.0,1,177351.06883501486,22
5,1564,0,540.0,0,91443.03093347268,6
35,7077,56,2301.0,3,339574.0319080477,132
18,3746,9,75.0,3,462613.6413576982,134
1,264,0,,0,236241.40326612783,1
5,1564,0,540.0,0,170422.25381866476,6
2,469,0,,0,166431.3218538447,27
25,3478,11,2729.0,3,259358.6580018529,29
43,7227,0,,1,228820.01336140983,83
6,1437,3,,0,173654.58642624205,23
31,6119,4,,1,197123.89942116864,29
6,1437,3,,0,163818.69357630724,23
0,168,0,,0,99088.40217987132,23
0,168,0,,0,96009.20753502627,23
30,6141,10,262.0,3,311895.44145045825,109
6,1437,3,,0,249093.77969137928,74
25,4756,16,2857.0,5,289034.39187133923,0
11,2748,1,,0,117941.28675294651,58
30,5048,9,325.0,2,190698.9475106056,79
1,264,0,,0,207953.7459538256,1
47,11319,0,1145.0,3,321106.30607795983,123
21,4231,14,1020.0,0,271214.04248827964,167
25,4756,16,2857.0,5,239029.78300284036,81
52,10311,6,,1,210316.2198410225,61
24,5613,5,1340.0,2,205517.00302671336,150
25,5648,1,30.0,2,130897.37333500489,9
1,264,0,,0,230072.8961383889,1
19,3856,10,,2,189813.14899777767,124
47,8004,3,125.0,3,112411.22169996,21
32,6748,93,562.0,4,246956.3241077662,183
4,915,0,,0,112870.58294835332,27
25,5648,1,30.0,2,150805.57047751689,9
5,1564,0,540.0,0,186410.6403325741,6
34,7759,0,229.0,1,265516.3911452103,53
0,186,0,,0,196538.3813057437,93
25,5648,1,30.0,2,166431.94007199706,9
24,5613,5,1340.0,2,204421.5391202596,49
9,1892,0,,0,204223.82634074995,27
22,4789,2,4087.0,4,415574.1158191548,84
2,629,1,,0,128008.02358733426,27
2,469,0,,0,174435.95755171124,27
30,6141,10,262.0,3,184806.282322355,111
22,6398,141,1046.0,3,137808.57154057536,30
53,13670,4,,1,335893.98369408824,34
36,6714,2,2672.0,0,260848.6411198505,138
31,6119,4,,1,77311.7443454614,29
26,3889,6,705.0,3,283099.04967678327,63
30,5285,0,645.0,6,188810.50854919705,0
11,2398,2,1994.0,3,202894.3493019678,72
16,3893,27,,3,214578.13135504205,33
32,5889,10,830.0,4,416058.1827672536,31
42,9292,3,2620.0,0,139419.82224894568,7
34,7065,1,750.0,2,173732.94000719234,74
29,6566,7,1894.0,4,90508.33849213643,75
37,7687,11,176.0,5,258113.6951670684,59
53,13670,4,,1,198732.38993829503,34
35,7715,4,990.0,0,193154.27702983152,2
5,1564,0,540.0,0,209843.0572590612,6
4,915,0,,0,119459.02257767814,27
25,5011,8,730.0,0,228788.56640816695,39
46,10309,1,240.0,1,275489.8076693179,41
22,6398,141,1046.0,3,167269.5666993259,30
11,3097,0,,0,129142.28665039512,27
46,7960,6,350.0,3,361718.4219839654,64
52,11217,1,2300.0,1,143728.76505839246,85
1,290,0,,0,88676.08811240408,27
29,6566,7,1894.0,4,183977.97866986625,75
23,5212,6,,3,450946.4593650664,98
47,8004,3,125.0,3,146636.59340202177,21
52,11217,1,2300.0,1,187397.19528674023,85
35,7715,4,990.0,0,87048.09014837282,59
1,264,0,,0,164684.82198169612,1
2,629,1,,0,133773.30172178228,62
46,7960,6,350.0,3,468765.6795863106,111
31,6119,4,,1,136545.28796189444,29
52,10311,6,,1,313853.9584644037,61
6,1437,3,,0,118200.06592599682,23
34,7065,1,750.0,2,135431.89358181256,52
53,13670,4,,1,279732.5510234112,34
2,629,1,,0,152369.35727910546,27
2,629,1,,0,179361.24007634,62
22,6398,141,1046.0,3,146183.9610029803,30
47,11319,0,1145.0,3,103868.779402398,46
32,6748,93,562.0,4,319736.5868917225,183
35,7077,56,2301.0,3,350486.36907059106,156
6,1437,3,,0,123381.29436713054,23
43,8429,3,,3,221782.00220471376,88
32,6748,93,562.0,4,473590.8883172263,180
34,7759,0,229.0,1,246799.5898505996,53
23,5212,6,,3,405049.9144473343,45
33,8667,2,,0,197574.74148630732,10
28,6746,3,,1,269029.3915234808,8
22,6398,141,1046.0,3,278639.48232874344,4
1,388,0,,0,90219.50138426977,23
22,3151,4,2715.0,3,192330.70307158312,90
37,6856,84,1940.0,2,362271.0465613328,73
21,5731,0,,1,147475.7761636178,15
2,469,0,,0,173213.2799991526,27
2,629,1,,0,170930.13321569614,27
31,6137,4,,0,140090.45622634306,46
41,6558,7,1548.0,3,140938.752811815,101
49,11395,3,1406.0,3,183295.1326478005,57
52,10311,6,,1,272857.53570231947,61
38,4788,2,,0,199044.57788070507,83
22,4789,2,4087.0,4,154431.43758931803,84
74,19083,2,,5,182055.79230104,57
16,3433,4,2643.0,4,203480.0810020487,5
25,5648,1,30.0,2,226206.96243502828,9
22,4789,2,4087.0,4,215864.31040999337,84
24,5613,5,1340.0,2,152803.23221376853,165
47,11319,0,1145.0,3,284327.5604376815,46
30,5048,9,325.0,2,216816.04304193016,113
52,11217,1,2300.0,1,249044.25568237988,16
1,264,0,,0,71738.98103424767,1
24,5613,5,1340.0,2,250014.910915125,49
4,915,0,,0,137399.58824403628,27
1,264,0,,0,249529.84918548664,1
25,5027,4,46.0,1,423184.94005076814,17
23,3975,8,770.0,2,146060.09690431965,100
0,168,0,,0,97358.11420520132,23
39,7614,3,,1,235829.32349958183,62
24,4378,0,1036.0,1,224837.6542110924,44
27,4798,0,30.0,2,227145.57418348608,128
35,5776,1,2078.0,2,169161.77987611492,99
34,7065,1,750.0,2,197425.08282128515,52
22,6398,141,1046.0,3,153836.50566851438,30
9,1952,1,1430.0,3,383231.00816663867,58
24,4378,0,1036.0,1,164006.61883935108,44
18,3746,9,75.0,3,210517.654122196,143
23,5735,3,1084.0,0,111003.84324370344,58
53,13670,4,,1,288510.0383038261,34
20,4386,14,,1,411403.6721999617,154
19,3293,16,628.0,3,311482.92463071743,121
23,5735,3,1084.0,0,154478.30907079956,58
36,6714,2,2672.0,0,379370.2491600365,26
46,10309,1,240.0,1,197750.1229014064,77
25,5648,1,30.0,2,137527.48705925228,9
39,7614,3,,1,308191.03668484715,70
32,5889,10,830.0,4,305054.4967190202,31
25,4756,16,2857.0,5,246620.76844584392,0
1,264,0,,0,178184.86113541864,1
43,10621,1,30.0,2,122806.07488676456,3
50,12238,8,1970.0,2,208885.9089987704,66
4,915,0,,0,138905.56831072975,27
22,4789,2,4087.0,4,299622.0440548767,84
36,6714,2,2672.0,0,139561.79831981953,26
30,6564,1,,0,480951.9127875829,28
33,7425,1,,2,146622.85498423962,2
2,629,1,,0,159236.67069862207,27
25,5487,3,,0,157161.67951239675,21
32,5889,10,830.0,4,233426.8790010188,31
30,5048,9,325.0,2,187533.03491148187,79
5,1564,0,540.0,0,124016.8513775798,6
1,264,0,,0,171225.15826675447,1
47,11319,0,1145.0,3,260863.68173551228,46
8,1986,0,,0,221671.0150285957,9
6,1437,3,,0,164429.75059912936,23
30,6564,1,,0,263815.45371426287,91
25,5487,3,,0,189076.9395022684,21
38,4788,2,,0,148599.03655779612,67
33,7976,5,,0,285617.0019425589,10
1,264,0,,0,237716.681261106,1
34,7759,0,229.0,1,210895.48950799747,53
23,3684,2,,0,183657.61215499975,108
34,7759,0,229.0,1,255107.36213852587,53
47,8004,3,125.0,3,89951.54307616023,125
16,3893,27,,3,205796.9667152044,146
41,6558,7,1548.0,3,181420.8727881145,101
74,19083,2,,5,359408.53583735577,13
46,9515,5,,1,436256.0045452862,48
30,6141,10,262.0,3,232601.2681522327,111
46,7960,6,350.0,3,452351.0203463728,111
31,7010,5,4508.0,3,226627.3124467789,86
5,1564,0,540.0,0,188584.13282943805,6
24,5469,1,145.0,0,171624.05003472522,113
42,9292,3,2620.0,0,179801.5663653237,56
5,1227,0,,0,98494.92890917412,27
53,14892,4,,1,301379.699361338,96
18,3594,4,192.0,1,333225.1222853263,37
5,1564,0,540.0,0,151151.32110143645,6
23,5212,6,,3,444437.9783709682,45
16,3893,27,,3,304424.41839452373,162
46,7960,6,350.0,3,361464.3724460703,64
24,4860,1,80.0,0,251609.017350458,44
22,6398,141,1046.0,3,143962.72098079015,30
4,915,0,,0,109493.03809959337,27
30,7538,87,4702.0,5,438061.70327636594,157
23,5735,3,1084.0,0,106975.3400115583,58
6,1437,3,,0,100955.21955562892,23
23,3684,2,,0,458986.0652271303,131
47,11319,0,1145.0,3,229770.37652664504,46
31,6119,4,,1,150745.6305827077,29
5,1564,0,540.0,0,221683.6412041837,6
33,8667,2,,0,175229.74252825757,94
38,4788,2,,0,242668.95268748573,67
4,915,0,,0,162604.89419741338,27
53,13670,4,,1,204863.50317413747,34
2,629,1,,0,163231.81782689868,27
33,5261,0,240.0,3,233803.2104263217,1
1,264,0,,0,192141.24043796115,1
43,7227,0,,1,139040.84132679648,83
6,1437,3,,0,140346.56789324776,23
6,1437,3,,0,248611.5026762659,74
34,7759,0,229.0,1,327011.5405849178,53
1,264,0,,0,211079.88451831427,1
47,11319,0,1145.0,3,197826.6619408693,123
1,264,0,,0,138751.64583812235,1
30,6564,1,,0,169692.98850260506,126
41,6558,7,1548.0,3,158474.27541730867,101
21,5731,0,,1,227478.6879975081,15
37,7687,11,176.0,5,238073.40238061603,171
2,629,1,,0,114905.95523113164,62
30,6207,1,1183.0,1,133754.49299399828,22
5,1564,0,540.0,0,135994.13948578734,6
37,7687,11,176.0,5,257764.0494121897,136
50,12238,8,1970.0,2,205603.2491091408,66
31,5569,0,,1,186055.03004700056,55
6,1437,3,,0,365891.8070316483,74
34,7065,1,750.0,2,223974.00986090495,52
42,7651,1,,1,578626.7889297247,119
42,7651,1,,1,170876.6462116925,22
6,1437,3,,0,150684.16234950782,23
2,629,1,,0,212852.60833993016,62
2,629,1,,0,233924.3462095307,27
26,3889,6,705.0,3,173438.9765770464,102
25,4756,16,2857.0,5,195507.88028933728,81
22,4789,2,4087.0,4,249667.0528938669,84
5,1564,0,540.0,0,120509.8333894198,6
38,4788,2,,0,229313.91768314943,83
9,1892,0,,0,133593.92289824132,27
31,7010,5,4508.0,3,317168.1291344502,66
0,168,0,,0,108728.4761455384,23
53,14892,4,,1,194392.789591884,96
24,5613,5,1340.0,2,168909.4190087501,129
5,1564,0,540.0,0,148657.61848471325,6
33,7976,5,,0,218489.4047424709,10
5,1564,0,540.0,0,175492.15429420525,6
39,7614,3,,1,356777.54923840513,70
43,10621,1,30.0,2,162424.31973358925,3
2,629,1,,0,131240.30424240278,62
34,7065,1,750.0,2,131912.85352922475,52
5,1564,0,540.0,0,215477.25315851628,6
6,1437,3,,0,150845.5480702833,23
36,6714,2,2672.0,0,429548.1945418928,26
18,3594,4,192.0,1,270468.59042990534,169
42,7651,1,,1,169275.38441957993,91
22,4789,2,4087.0,4,145128.286834958,84
33,7976,5,,0,203384.3280258776,35
30,5285,0,645.0,6,303229.29080628685,84
24,5613,5,1340.0,2,215199.9750480097,129
4,915,0,,0,111693.52580653784,27
30,6207,1,1183.0,1,140393.88753281033,22
25,5648,1,30.0,2,134109.5419477325,9
5,1564,0,540.0,0,223906.40005683628,6
1,264,0,,0,145122.97194412886,1
2,507,0,,0,86540.2163298239,93
53,14892,4,,1,89017.23532992144,27
30,6207,1,1183.0,1,185139.39971273247,22
41,6558,7,1548.0,3,190153.60802704009,101
43,10621,1,30.0,2,268176.09201435425,93
30,6207,1,1183.0,1,187799.8770539408,22
34,7759,0,229.0,1,214417.6581617892,53
0,186,0,,0,211180.7942193569,93
37,5288,0,1937.0,3,136864.67901652106,3
53,13670,4,,1,210878.52397567008,34
18,3746,9,75.0,3,372616.4560178341,143
0,168,0,,0,124983.86732510375,23
24,4378,0,1036.0,1,170455.93074717122,44
2,469,0,,0,143401.3452882231,27
27,4798,0,30.0,2,326736.684568007,128
30,5562,0,,0,228644.15507875624,18
53,14892,4,,1,312135.47042111505,27
29,6566,7,1894.0,4,244233.78007327425,124
15,2787,2,520.0,0,354412.62266589224,38
23,4635,5,3300.0,2,627525.0727882745,17
22,6398,141,1046.0,3,69623.75319075768,189
21,5731,0,,1,172200.26331953786,15
5,1564,0,540.0,0,178145.89745211837,6
66,10573,1,1322.0,3,176980.30332890362,99
3,760,1,,0,114756.6101208822,1
25,5648,1,30.0,2,195522.4789772496,9
42,9292,3,2620.0,0,113886.9869222412,7
34,7759,0,229.0,1,245086.41778219497,53
46,9515,5,,1,171242.6553548501,48
28,6533,1,1015.0,2,259125.21709940827,11
21,4231,14,1020.0,0,237314.7087391413,167
49,11395,3,1406.0,3,155487.35611080658,22
34,7065,1,750.0,2,109734.58835200264,52
11,2370,0,,0,237064.2928552872,9
0,168,0,,0,109890.13902023555,23
19,3806,4,,0,212356.92400084023,45
38,4788,2,,0,186084.0696275365,67
21,4346,2,165.0,1,216276.17372467223,78
23,5735,3,1084.0,0,109034.451314424,58
30,7538,87,4702.0,5,526438.4589186045,190
11,2370,0,,0,189407.42782871923,9
5,1564,0,540.0,0,130466.4967515001,6
1,264,0,,0,170985.2666965761,1
53,13670,4,,1,254553.5805756905,25
8,1423,37,562.0,1,170893.6435223149,158
10,2277,2,1547.0,0,195372.3120556769,29
32,5889,10,830.0,4,194529.78576358152,31
42,9292,3,2620.0,0,376628.67762348976,7
31,5569,0,,1,229878.89791261253,55
31,7010,5,4508.0,3,199944.8588560845,86
6,2733,0,920.0,0,533717.9261729185,123
22,6398,141,1046.0,3,278649.4344224301,30
34,7759,0,229.0,1,197105.52348438808,53
5,1564,0,540.0,0,129130.73162805937,6
23,5735,3,1084.0,0,221845.78848474004,58
21,4472,6,1450.0,4,234971.01387531488,118
24,4860,1,80.0,0,120832.3690828274,61
50,12238,8,1970.0,2,491816.4042190747,24
34,7065,1,750.0,2,495110.6501834682,52
34,7759,0,229.0,1,492943.2528906168,53
5,1564,0,540.0,0,191320.05068955445,6
28,6746,3,,1,176376.65409859977,8
2,568,1,,0,96858.90281334352,93
18,3594,4,192.0,1,222147.33476268747,37
5,1564,0,540.0,0,173654.55177500538,6
74,19083,2,,5,158247.5657416839,12
22,6398,141,1046.0,3,235554.9384920329,30
23,5735,3,1084.0,0,105638.51674758486,58
1,264,0,,0,207032.13919461265,1
34,7759,0,229.0,1,165135.976246603,53
34,7065,1,750.0,2,115728.55107000556,52
37,5288,0,1937.0,3,170229.26840089573,3
33,7425,1,,2,587987.4021043336,200
1,264,0,,0,165030.99334326098,1
4,915,0,,0,150127.5800858691,27
43,10621,1,30.0,2,174274.46611779428,3
53,14892,4,,1,166660.95275751242,27
34,7759,0,229.0,1,179986.16969456745,53
53,13670,4,,1,184806.9932418902,34
36,10055,3,,1,189458.003259056,41
39,8647,0,810.0,0,154711.91793861447,80
6,1437,3,,0,239619.6456694629,23
52,10311,6,,1,175061.21559853607,61
17,2810,9,4849.0,3,387442.8857604799,105
0,168,0,,0,66927.0041240925,23
74,19083,2,,5,260088.1318768128,13
17,2810,9,4849.0,3,364660.2268506437,155
23,4635,5,3300.0,2,145985.62439632366,17
1,264,0,,0,212208.78749411376,1
21,5731,0,,1,148884.40376953152,15
0,186,0,,0,169257.38897844273,93
23,5067,4,,2,183991.3296821741,7
52,11217,1,2300.0,1,292188.4856327132,85
27,5148,14,1575.0,5,358958.78468471474,144
1,264,0,,0,233719.9322749648,1
52,10311,6,,1,223090.01600952263,61
22,6398,141,1046.0,3,126976.9820205704,30
35,7077,56,2301.0,3,177562.29223974547,135
42,7651,1,,1,211655.3770527813,22
26,4439,1,1130.0,1,169831.4394444089,8
0,168,0,,0,101260.07937434137,23
23,5212,6,,3,191914.2216294521,98
36,5992,0,,1,232700.3943537277,11
1,264,0,,0,136740.78362712552,1
5,1564,0,540.0,0,192358.9506940769,6
41,6558,7,1548.0,3,162453.15473291144,101
34,7065,1,750.0,2,193566.3257123069,52
1,388,0,,0,108952.09003667184,23
53,13670,4,,1,244220.6214945609,34
12,2270,23,2500.0,1,421756.29014461616,104
25,5011,8,730.0,0,148170.54384785256,39
35,5776,1,2078.0,2,211939.71955088736,99
29,6566,7,1894.0,4,246074.1500071025,75
28,7287,5,320.0,1,187373.86668165168,37
37,5288,0,1937.0,3,145306.63557636173,90
2,469,0,,0,143090.0670542318,27
22,4625,11,3855.0,2,276500.91308054904,53
23,5212,6,,3,172963.99213123534,98
24,5469,1,145.0,0,265563.5821836319,113
2,469,0,,0,194163.4475942937,27
46,9515,5,,1,220917.00503258387,48
46,10309,1,240.0,1,185907.4101382469,77
30,6207,1,1183.0,1,192069.5551429195,28
43,8429,3,,3,244477.4870421133,88
19,3856,10,,2,228358.4549688289,124
0,168,0,,0,71183.89734261714,23
66,10573,1,1322.0,3,300585.25750553,122
25,4756,16,2857.0,5,227143.1209858096,192
30,5562,0,,0,171450.68889461184,18
1,388,0,,0,106209.37232131817,23
25,5648,1,30.0,2,87244.78402719341,9
42,9292,3,2620.0,0,188959.1043297021,7
74,19083,2,,5,170601.15984237747,13
10,2277,2,1547.0,0,358394.8499380003,29
53,13670,4,,1,412142.8529493987,34
46,10309,1,240.0,1,336055.57723587635,77
53,14892,4,,1,150810.1266628429,27
22,6398,141,1046.0,3,482683.575791407,43
4,915,0,,0,113570.2623483533,27
5,1564,0,540.0,0,122789.8533977942,6
33,7425,1,,2,236877.925336222,140
30,6564,1,,0,224488.6510802389,126
1,264,0,,0,251895.8493466688,1
11,3097,0,,0,171399.1398671679,27
2,469,0,,0,152955.1167827294,27
66,10573,1,1322.0,3,184083.3163323614,99
2,469,0,,0,162839.53476807135,27
25,5487,3,,0,305015.917598098,21
1,264,0,,0,245967.83796272436,1
9,1892,0,,0,130992.03301488984,27
2,475,0,,0,242956.0314316449,23
32,6748,93,562.0,4,357934.7893537596,133
21,4472,6,1450.0,4,187475.3824225153,130
18,3374,5,620.0,1,183948.00525125943,17
33,7425,1,,2,179295.11860700746,2
31,5569,0,,1,134403.56760264368,55
32,5889,10,830.0,4,423845.4594063881,31
22,6398,141,1046.0,3,173821.76310131108,30
9,1892,0,,0,159586.0692139606,27
53,13670,4,,1,458378.77700617095,34
36,6714,2,2672.0,0,208732.413959042,26
23,5735,3,1084.0,0,109651.70292237084,58
25,5011,8,730.0,0,173183.97498035472,39
30,7538,87,4702.0,5,269603.2162397621,157
8,1497,5,,1,175600.86376091608,36
34,7759,0,229.0,1,414520.63380855776,53
2,629,1,,0,214449.74389361488,62
6,1437,3,,0,227993.1793614743,74
53,13670,4,,1,356043.6729534252,25
52,10311,6,,1,194492.606460368,61
23,4635,5,3300.0,2,413742.1151430987,111
1,264,0,,0,261284.51542137013,1
25,5648,1,30.0,2,198986.2159007777,9
39,8647,0,810.0,0,85657.53796307188,80
1,264,0,,0,187757.0065066932,1
1,264,0,,0,196120.4075605886,1
53,13670,4,,1,224753.1068580684,34
39,10418,9,900.0,1,195462.30939515147,7
49,11395,3,1406.0,3,165167.48388976688,57
25,4756,16,2857.0,5,422637.794709854,147
25,4756,16,2857.0,5,462278.4628131569,81
0,168,0,,0,66818.85992191406,23
23,5735,3,1084.0,0,483365.3105852973,8
2,469,0,,0,204242.16083859623,27
1,264,0,,0,239152.64569981105,1
66,10573,1,1322.0,3,162462.60488347858,153
9,1892,0,,0,101075.96152471055,27
42,9292,3,2620.0,0,212894.08895097516,2
0,168,0,,0,75185.19920684883,23
24,4378,0,1036.0,1,197434.868654701,41
1,264,0,,0,194094.75535845704,1
74,19083,2,,5,243623.12761663532,57
50,12238,8,1970.0,2,185779.64247109668,66
21,5731,0,,1,173430.16473213432,42
1,264,0,,0,131872.05193154735,1
23,5212,6,,3,247945.10895045663,98
74,19083,2,,5,283217.52283046034,13
30,6207,1,1183.0,1,216365.9488965684,22
6,1437,3,,0,139897.07987351326,23
1,264,0,,0,151058.5488460219,1
22,6398,141,1046.0,3,198699.42335858263,30
22,6398,141,1046.0,3,167082.63113097867,30
27,4798,0,30.0,2,280930.73320506624,128
27,5148,14,1575.0,5,115791.99054050366,179
37,6856,84,1940.0,2,267166.92466511327,73
2,629,1,,0,135466.55995845908,27
13,2514,19,,0,73902.14685023362,126
11,3097,0,,0,125903.06092030808,27
5,1564,0,540.0,0,203302.64314630957,6
46,7960,6,350.0,3,235696.50793680485,32
11,2748,1,,0,161791.4564665744,9
37,7687,11,176.0,5,352123.6315368624,136
25,6149,0,,0,166350.60627749513,93
28,6746,3,,1,200902.67391938425,78
2,629,1,,0,142147.01649901725,27
5,1564,0,540.0,0,193368.61133151315,6
32,5889,10,830.0,4,547586.0800874212,31
30,6207,1,1183.0,1,228501.5171060753,28
1,264,0,,0,167141.61090894748,1
5,1564,0,540.0,0,134462.48916939946,6
25,5648,1,30.0,2,190192.319093263,9
37,7687,11,176.0,5,482763.1617447957,59
31,6119,4,,1,177936.02049782313,29
23,4583,3,,3,179653.08043223532,47
31,6119,4,,1,234573.7079517744,105
15,2787,2,520.0,0,239061.9685518522,38
2,629,1,,0,115524.1370531036,27
23,5735,3,1084.0,0,145337.7341838022,58
49,11395,3,1406.0,3,219873.5682507178,22
2,629,1,,0,159659.1601889695,62
41,6558,7,1548.0,3,268190.48790733854,11
5,1564,0,540.0,0,187371.51360234304,6
28,6533,1,1015.0,2,197923.74275793807,11
32,5889,10,830.0,4,389554.06353963056,31
42,9292,3,2620.0,0,199429.61648782145,7
21,5731,0,,1,159734.55874709616,42
36,10055,3,,1,89976.30228550202,41
1,264,0,,0,203225.5476713901,1
5,1564,0,540.0,0,216138.7023005154,6
23,5212,6,,3,317690.7437544009,45
30,5285,0,645.0,6,102434.33355610823,0
47,8004,3,125.0,3,137280.98643248933,21
37,5288,0,1937.0,3,180526.17899943364,3
34,7759,0,229.0,1,320495.22751572705,53
16,3433,4,2643.0,4,147271.4427295675,46
2,469,0,,0,188121.30370417825,27
2,629,1,,0,201620.86640526576,27
52,10311,6,,1,290331.4141705794,61
34,7065,1,750.0,2,224306.43482957437,74
74,19083,2,,5,71319.37641930336,57
25,5648,1,30.0,2,139635.08262448345,9
30,5285,0,645.0,6,165008.5771281345,54
34,7759,0,229.0,1,182938.07874476817,53
19,3293,16,628.0,3,187037.5761381528,121
6,1437,3,,0,106435.78744935423,23
1,264,0,,0,139844.15850402258,1
31,6137,4,,0,186543.7650468409,46
30,7538,87,4702.0,5,480227.2662022432,157
1,264,0,,0,159142.18279392418,1
17,2810,9,4849.0,3,280267.87233305816,155
21,4472,6,1450.0,4,175774.76784376573,170
52,10311,6,,1,307352.42068635306,176
30,5562,0,,0,234099.86622539436,18
25,5648,1,30.0,2,259696.71306769116,9
74,19083,2,,5,323318.84035927674,12
5,1564,0,540.0,0,154366.03118360593,6
24,5469,1,145.0,0,348962.8612944252,79
30,6141,10,262.0,3,165775.87690788897,89
24,5613,5,1340.0,2,161242.23953283086,129
23,5735,3,1084.0,0,99930.02583559755,58
0,168,0,,0,91945.04570153714,23
49,11395,3,1406.0,3,165476.80710446846,57
26,4439,1,1130.0,1,139027.30218081598,8
46,10309,1,240.0,1,166514.38402138473,47
31,6119,4,,1,238054.28062625695,29
28,6746,3,,1,199066.32736043108,8
43,8429,3,,3,148040.23853609274,88
47,8004,3,125.0,3,151281.5993872346,21
1,264,0,,0,250443.6056491368,1
6,1437,3,,0,157654.91430149163,74
9,1952,1,1430.0,3,143941.7558321193,58
31,6119,4,,1,152283.5322376517,105
16,3893,27,,3,254998.5424098553,151
25,5648,1,30.0,2,153834.15870332022,9
1,264,0,,0,221271.01920003,1
33,8667,2,,0,91816.81902628607,94
5,1564,0,540.0,0,129409.39379445463,6
5,1564,0,540.0,0,118235.1484485556,6
11,2748,1,,0,160662.86579480828,58
27,5148,14,1575.0,5,256075.5020123457,97
14,3369,24,4129.0,0,187117.57264323672,120
52,11217,1,2300.0,1,380878.51373611967,62
2,629,1,,0,129773.34704801653,27
22,4789,2,4087.0,4,142617.02494854626,84
34,7065,1,750.0,2,332394.84384499554,74
50,12238,8,1970.0,2,204485.29057537828,66
74,19083,2,,5,165848.24864817684,57
39,10418,9,900.0,1,149976.6045201827,2
25,5648,1,30.0,2,195274.4340714704,9
23,5212,6,,3,340864.9011262079,98
47,8004,3,125.0,3,210275.5082916649,21
1,264,0,,0,177420.59129274057,1
9,1952,1,1430.0,3,154843.89720408487,58
25,5648,1,30.0,2,143692.7827145179,9
33,8667,2,,0,216147.9574798892,10
2,629,1,,0,204794.5127634816,62
31,6137,4,,0,234273.4502526292,46
74,19083,2,,5,269261.8327456924,12
74,19083,2,,5,165760.28474338414,12
46,10309,1,240.0,1,232547.2113209918,47
2,475,0,,0,98672.35934091004,23
31,6119,4,,1,181826.35080554688,105
30,5285,0,645.0,6,125584.95838677615,0
52,11217,1,2300.0,1,394253.2999778231,85
28,6746,3,,1,197512.5098938918,78
12,2270,23,2500.0,1,366925.2739464291,104
9,1892,0,,0,100529.11287307597,27
27,5664,48,2300.0,3,89697.70730861119,95
2,629,1,,0,147867.85789999194,27
26,3889,6,705.0,3,169489.51141864748,63
0,168,0,,0,60918.56788964407,23
36,5992,0,,1,323254.40598464786,11
2,629,1,,0,247595.0075350155,27
35,7715,4,990.0,0,349701.05374858755,19
43,10621,1,30.0,2,130947.5854941967,3
25,5011,8,730.0,0,250913.1530538377,39
50,12238,8,1970.0,2,479328.4420489689,14
16,4048,3,,1,211118.11091814536,47
23,5735,3,1084.0,0,116642.98381677052,58
15,2787,2,520.0,0,344285.31657523103,38
27,4798,0,30.0,2,368588.1509063968,128
49,11395,3,1406.0,3,151594.72662681044,57
27,5664,48,2300.0,3,364968.7566660101,168
36,5992,0,,1,165302.1305422592,11
9,1952,1,1430.0,3,185190.98447279973,58
25,5487,3,,0,179476.95803396325,21
9,1892,0,,0,167842.6250611751,27
21,5731,0,,1,297389.10905244946,15
30,5285,0,645.0,6,340359.2049312041,84
5,1564,0,540.0,0,212387.35341070392,6
25,5648,1,30.0,2,125032.71581416912,9
6,1318,1,200.0,1,121844.02981445592,1
2,629,1,,0,183429.55072835716,62
36,6714,2,2672.0,0,191967.1069591865,26
16,3433,4,2643.0,4,298947.3227421746,5
1,264,0,,0,289053.95875579986,1
2,469,0,,0,202422.6072172589,27
2,629,1,,0,193098.66233265656,62
9,1892,0,,0,106372.46889484592,27
24,4378,0,1036.0,1,396365.673797166,44
37,5288,0,1937.0,3,164582.072626596,90
5,1564,0,540.0,0,186246.25354150077,6
31,6137,4,,0,211001.315624315,46
38,4788,2,,0,172680.5302247642,67
6,1437,3,,0,155726.3113618447,23
1,264,0,,0,230641.6029621807,1
34,7065,1,750.0,2,117764.02666990653,52
31,5569,0,,1,166947.989885888,55
1,264,0,,0,114627.7801025058,1
50,12238,8,1970.0,2,190404.510114398,66
1,264,0,,0,184805.7753998745,1
43,10621,1,30.0,2,235364.2842860433,3
25,5011,8,730.0,0,233683.3543695634,39
53,13670,4,,1,366655.1112944032,34
23,5212,6,,3,181131.1201665101,98
34,7759,0,229.0,1,293594.1053265966,53
31,7010,5,4508.0,3,92275.9100336354,66
66,10573,1,1322.0,3,257959.41615052024,122
36,5992,0,,1,173682.6259424351,11
14,2940,45,,3,288674.66598856176,159
46,10309,1,240.0,1,185059.5703107137,47
22,6398,141,1046.0,3,197468.03874018515,30
39,10418,9,900.0,1,164648.8229706076,7
43,8429,3,,3,150829.1027707621,88
23,4635,5,3300.0,2,410366.3630273969,69
22,6398,141,1046.0,3,83387.1231795735,30
23,5735,3,1084.0,0,166891.6028484566,58
14,3369,24,4129.0,0,624156.0033813273,95
26,4439,1,1130.0,1,186971.9265661055,8
31,6119,4,,1,190243.10288886505,105
24,5469,1,145.0,0,154719.74422555225,58
14,2940,45,,3,540638.3235550835,182
53,13670,4,,1,236862.2639103155,25
2,629,1,,0,187599.51424019167,27
2,629,1,,0,163215.42630467948,27
5,1564,0,540.0,0,182072.6119554781,6
31,5569,0,,1,128711.10373210088,55
2,475,0,,0,345665.20909956447,23
22,6398,141,1046.0,3,150556.7199704903,30
33,5261,0,240.0,3,221296.54485181597,1
23,5212,6,,3,238552.2569805561,45
12,2270,23,2500.0,1,250690.4853611716,104
23,5067,4,,2,364166.6889841886,56
6,1318,1,200.0,1,83511.82906351173,1
25,4724,2,1308.0,1,200662.0249986175,44
41,6558,7,1548.0,3,184743.6632578544,101
52,10311,6,,1,110960.49786681532,61
9,1892,0,,0,99967.54910472973,27
5,1564,0,540.0,0,191540.2456213287,6
39,7614,3,,1,241951.4636352675,70
34,7759,0,229.0,1,297390.6809948727,53
53,14892,4,,1,155642.20810429176,93
1,264,0,,0,126088.40481806868,1
24,4860,1,80.0,0,85219.12017987066,61
2,629,1,,0,136217.4155859658,27
25,5648,1,30.0,2,138202.24082656793,9
25,5648,1,30.0,2,176248.38423428638,9
1,264,0,,0,179204.33471388675,1
29,6566,7,1894.0,4,157711.78366993205,124
30,6207,1,1183.0,1,174950.23020692938,22
74,19083,2,,5,353245.01214326697,13
39,10418,9,900.0,1,74181.1637459336,74
53,13670,4,,1,263205.9003169214,34
28,6533,1,1015.0,2,341929.00355588354,101
46,10309,1,240.0,1,189528.91171304465,47
74,19083,2,,5,362517.7173647343,57
24,4378,0,1036.0,1,262794.63574914244,44
52,11217,1,2300.0,1,259343.35381598512,85
5,1564,0,540.0,0,203012.054225702,6
5,1564,0,540.0,0,221644.91609761515,6
52,10311,6,,1,345841.2953810448,61
37,7687,11,176.0,5,364570.7451083802,59
22,6398,141,1046.0,3,552515.51953312,43
21,5731,0,,1,234644.061903934,42
53,13670,4,,1,270666.85092527786,34
8,1986,0,,0,190087.43689466023,9
47,11319,0,1145.0,3,273531.26437899284,46
53,14892,4,,1,201374.60404940863,96
33,7425,1,,2,465293.4102733976,2
16,4048,3,,1,221547.41704073251,47
18,3594,4,192.0,1,201570.4096903577,169
25,5648,1,30.0,2,202593.41393927732,9
2,629,1,,0,94433.03895783088,27
1,264,0,,0,199809.07519386505,1
21,5731,0,,1,160879.86076416686,42
46,10309,1,240.0,1,272087.79312196764,77
34,7759,0,229.0,1,318227.4257091958,53
5,1564,0,540.0,0,188118.3643084461,6
6,1437,3,,0,105953.2576352677,23
25,6149,0,,0,127717.88515658288,93
2,629,1,,0,89632.66693808918,27
27,5664,48,2300.0,3,225960.4760062409,116
5,1564,0,540.0,0,141510.63997114572,6
36,6714,2,2672.0,0,186278.5447740373,26
1,264,0,,0,128803.59381001432,1
53,13670,4,,1,337916.26538408885,25
9,1892,0,,0,100499.82330070244,27
25,3478,11,2729.0,3,171010.53744270827,105
16,3433,4,2643.0,4,188215.5667641173,46
2,629,1,,0,309311.6970541883,27
36,10055,3,,1,197470.41808823863,41
33,8667,2,,0,373788.4030063985,94
52,11217,1,2300.0,1,164010.85011919207,85
41,6558,7,1548.0,3,136126.42516011733,101
4,915,0,,0,164299.86771435823,27
43,8429,3,,3,175339.36136583803,191
27,5664,48,2300.0,3,384813.9365021177,120
26,3889,6,705.0,3,183561.0757836568,63
5,1564,0,540.0,0,185162.63058995688,6
43,10621,1,30.0,2,158638.92234413663,3
30,5285,0,645.0,6,105539.5562746988,81
30,6207,1,1183.0,1,189590.74971167656,22
2,629,1,,0,135341.37239143034,62
66,10573,1,1322.0,3,145660.7643063163,99
2,629,1,,0,171983.45490692562,27
6,1437,3,,0,151030.4377973002,74
18,3374,5,620.0,1,218005.51930097665,17
46,10309,1,240.0,1,217600.87428656413,47
49,11395,3,1406.0,3,170134.98942149733,57
22,6398,141,1046.0,3,184540.03550768332,30
16,3893,27,,3,500773.0742774932,162
7,1660,39,1786.0,1,552454.3386584296,188
23,5212,6,,3,372318.0383486953,138
1,264,0,,0,173166.537898736,1
41,6558,7,1548.0,3,132427.98762138336,101
6,1437,3,,0,243329.91257856032,74
2,629,1,,0,182402.56917144492,62
25,5648,1,30.0,2,124016.66729397864,9
33,8667,2,,0,181706.7188936605,94
21,4231,14,1020.0,0,405779.4323304536,33
25,6149,0,,0,105079.22383839649,93
37,7687,11,176.0,5,474866.0821208708,59
46,7960,6,350.0,3,195100.58874187613,32
1,264,0,,0,200235.5801349804,1
33,8667,2,,0,201584.44125536567,94
41,6558,7,1548.0,3,204608.48561320856,101
23,3975,8,770.0,2,211968.63294441285,100
24,4378,0,1036.0,1,225251.55911044,44
2,629,1,,0,102579.53665948348,62
53,13670,4,,1,181795.2270524476,34
46,7960,6,350.0,3,181833.4257741992,32
34,7065,1,750.0,2,183784.6944445556,52
50,12238,8,1970.0,2,224211.26528600245,24
36,6714,2,2672.0,0,217361.70053912696,26
1,264,0,,0,142301.66984807944,1
27,4798,0,30.0,2,186387.31956399235,128
53,14892,4,,1,249915.52201067784,96
2,629,1,,0,209020.276189104,27
33,6783,3,,1,368256.8377700157,17
1,264,0,,0,161216.97377058535,1
2,469,0,,0,159898.80431990125,27
6,1437,3,,0,144283.5367696915,23
22,6398,141,1046.0,3,134087.3978305944,30
2,629,1,,0,126705.678878673,62
34,7065,1,750.0,2,260200.15073340252,74
0,168,0,,0,140427.99938011786,23
43,10621,1,30.0,2,148546.739530371,3
1,264,0,,0,265697.7738515256,1
25,5011,8,730.0,0,177675.20602939234,39
36,5992,0,,1,199612.74905850025,11
36,5992,0,,1,179672.83465322948,11
28,6533,1,1015.0,2,295357.20647939143,101
38,4788,2,,0,200144.80650171352,67
21,5731,0,,1,177836.77728124644,15
22,4625,11,3855.0,2,266085.91356473434,53
47,8004,3,125.0,3,210345.9168712045,21
74,19083,2,,5,185689.8079280505,13
25,5487,3,,0,155759.50856180995,21
74,19083,2,,5,186304.50161341895,13
18,3374,5,620.0,1,586061.6784162922,17
18,3594,4,192.0,1,200428.01563122543,37
28,6746,3,,1,142601.394004748,8
0,186,0,,0,211325.57764085976,93
8,2423,1,32.0,0,234885.52718597956,47
6,1437,3,,0,118784.92476098477,23
33,8667,2,,0,215451.0510080604,10
5,1564,0,540.0,0,171441.32071225526,6
21,4231,14,1020.0,0,230184.50071476644,107
27,4798,0,30.0,2,193446.1294541373,128
22,6398,141,1046.0,3,92607.54461082212,30
23,5212,6,,3,217849.4678345459,45
53,14892,4,,1,308119.3964254637,96
28,6533,1,1015.0,2,227406.13581117964,11
35,5776,1,2078.0,2,214211.36033263,99
46,10309,1,240.0,1,173886.99305163143,41
74,19083,2,,5,434774.3563345516,13
52,10311,6,,1,480252.2229392561,61
0,168,0,,0,102757.1027731012,23
35,5776,1,2078.0,2,198891.6015666393,99
43,10621,1,30.0,2,183403.5246927278,93
11,3097,0,,0,214532.57585543423,27
5,1564,0,540.0,0,130455.64137133949,6
35,7715,4,990.0,0,357531.25139866286,2
5,1564,0,540.0,0,169730.18617755498,6
29,6566,7,1894.0,4,144214.5674789798,139
21,5731,0,,1,183295.06250806985,15
18,3374,5,620.0,1,232368.71851452556,17
25,5487,3,,0,371016.42282973306,21
50,12238,8,1970.0,2,398740.6772004896,24
5,1564,0,540.0,0,185492.37408978093,6
34,7065,1,750.0,2,170900.2142682733,52
35,7715,4,990.0,0,204259.63158231747,2
25,5027,4,46.0,1,396313.0288527176,17
35,7715,4,990.0,0,165392.59959286122,2
37,7687,11,176.0,5,419785.4998373969,59
30,5285,0,645.0,6,176486.7156110922,84
25,4724,2,1308.0,1,332119.8821106921,44
25,5648,1,30.0,2,216834.0382308872,9
0,168,0,,0,93309.44915501396,23
53,14892,4,,1,117535.41575483204,27
35,7077,56,2301.0,3,87826.82409204746,163
14,2940,45,,3,429825.896082268,159
42,7651,1,,1,185996.05122261916,28
0,168,0,,0,68375.61550845015,23
16,3433,4,2643.0,4,257050.97625878543,5
35,5776,1,2078.0,2,158854.51447427782,99
25,5648,1,30.0,2,151461.12251175437,9
33,7976,5,,0,367585.6205546407,10
21,5731,0,,1,384904.1325275548,15
43,7227,0,,1,199704.02524380104,67
31,6119,4,,1,116751.49531247444,29
19,3856,10,,2,354709.7111692088,124
24,4378,0,1036.0,1,146043.79801533412,44
20,4386,14,,1,199598.3582319353,178
22,6398,141,1046.0,3,205372.03527687248,30
1,264,0,,0,143709.17200084473,1
0,168,0,,0,121476.54254233564,23
74,19083,2,,5,291231.80625030684,12
2,475,0,,0,109326.58440339092,23
49,11395,3,1406.0,3,332870.9375415168,57
32,5889,10,830.0,4,223277.84984739264,103
31,6137,4,,0,211946.9835241965,46
16,3681,73,1815.0,2,279638.1202651061,50
53,13670,4,,1,233256.9296013834,34
24,5469,1,145.0,0,167052.88401717643,58
2,629,1,,0,181664.85495123235,62
34,7065,1,750.0,2,156006.9813277999,52
5,1564,0,540.0,0,217669.1128752312,6
37,5288,0,1937.0,3,155064.1769599567,90
37,7687,11,176.0,5,115290.65800501488,171
1,264,0,,0,162052.9906671271,1
6,1437,3,,0,185976.3511468315,74
42,9292,3,2620.0,0,335785.77853387897,2
16,3893,27,,3,157556.03944595126,146
23,5212,6,,3,323651.8910805438,45
34,7065,1,750.0,2,177126.69377839644,52
22,6398,141,1046.0,3,102666.19176218892,30
32,5889,10,830.0,4,454057.77643185743,31
16,3681,73,1815.0,2,502864.77693478257,116
74,19083,2,,5,180753.78792957135,12
35,5776,1,2078.0,2,164247.88353684658,55
53,13670,4,,1,187872.6515186412,34
43,8429,3,,3,289683.93917396915,88
39,10418,9,900.0,1,190467.02772672,2
30,6564,1,,0,183701.3946765061,91
11,3097,0,,0,253880.41066866065,27
6,1437,3,,0,111022.92763627516,23
33,5261,0,240.0,3,239013.6966376521,1
36,6714,2,2672.0,0,156732.4109521558,26
9,1892,0,,0,150432.10786217294,27
23,5067,4,,2,230738.3774038007,56
25,5648,1,30.0,2,193535.13576444352,9
23,5067,4,,2,370848.32919812616,56
38,4788,2,,0,144190.13857080956,80
5,1564,0,540.0,0,144395.61664250706,6
1,264,0,,0,132297.99247252385,1
31,6137,4,,0,143665.58807796374,46
2,629,1,,0,200919.61435039376,27
36,6714,2,2672.0,0,451810.0612786598,26
21,4346,2,165.0,1,182938.07252807,8
53,13670,4,,1,389497.84041064506,34
1,264,0,,0,233667.208696989,1
18,3594,4,192.0,1,361430.2855995679,37
74,19083,2,,5,335816.17771065404,13
0,168,0,,0,133981.17250579046,23
2,629,1,,0,245362.55139342,62
18,3594,4,192.0,1,341669.45313100994,37
35,5776,1,2078.0,2,178829.1664497557,99
30,5285,0,645.0,6,182373.32483135405,0
52,10311,6,,1,189934.3108999119,61
26,3889,6,705.0,3,318654.5636171955,63
50,12238,8,1970.0,2,322544.37162506464,24
4,915,0,,0,139959.18688323346,27
4,915,0,,0,107489.35930634262,27
37,6856,84,1940.0,2,382744.7293321797,73
30,6207,1,1183.0,1,184243.9929204682,28
14,2940,45,,3,287959.5198509689,184
35,5776,1,2078.0,2,238766.8247632998,99
18,3746,9,75.0,3,238591.81514793469,143
28,6746,3,,1,226498.4616491287,8
2,629,1,,0,143244.41530669745,27
22,6398,141,1046.0,3,384342.6881465891,30
31,7010,5,4508.0,3,197720.2081854573,86
5,1564,0,540.0,0,206610.3519610746,6
1,290,0,,0,113648.07853497582,27
41,6558,7,1548.0,3,149302.91512826507,101
74,19083,2,,5,269421.2861455377,13
22,3151,4,2715.0,3,248195.7581100973,145
17,3379,9,100.0,0,525449.0741071635,107
5,1564,0,540.0,0,153550.03279950802,6
23,5735,3,1084.0,0,99667.89365528787,58
34,7759,0,229.0,1,398342.8996054205,53
1,264,0,,0,120027.45164453864,1
36,6714,2,2672.0,0,208740.0985512362,177
30,5562,0,,0,177117.0977560821,145
27,5148,14,1575.0,5,214257.62070810632,144
42,9292,3,2620.0,0,299589.2312996224,7
47,11319,0,1145.0,3,190937.7302769741,46
30,6207,1,1183.0,1,177734.55340714107,22
17,3379,9,100.0,0,260509.9114675011,162
30,7538,87,4702.0,5,555661.9439687196,157
66,10573,1,1322.0,3,155440.82060527094,119
24,5469,1,145.0,0,215668.42362842508,113
19,3806,4,,0,246690.5847425492,103
29,6566,7,1894.0,4,357546.5115165373,75
23,5212,6,,3,247367.681955978,45
1,264,0,,0,207522.10121618467,1
47,8004,3,125.0,3,144307.41901516734,21
32,5889,10,830.0,4,197259.11486487283,103
25,5011,8,730.0,0,154268.3667326651,39
25,5487,3,,0,181663.0498675625,21
9,1892,0,,0,138724.56794497863,27
74,19083,2,,5,200291.7364220247,57
43,7227,0,,1,88513.51325429414,87
2,629,1,,0,119737.3015267698,62
6,1437,3,,0,125504.27714142523,23
20,4386,14,,1,304877.0801928317,154
43,8429,3,,3,256829.5142687388,88
47,8004,3,125.0,3,162867.75187460534,21
52,11217,1,2300.0,1,313068.86564670806,85
46,10309,1,240.0,1,175335.67282786095,47
46,7960,6,350.0,3,379403.2053162268,111
34,7065,1,750.0,2,162087.1367811354,52
34,7759,0,229.0,1,304608.26962754683,53
18,3594,4,192.0,1,159864.74636261538,37
34,7065,1,750.0,2,258927.26665532548,52
42,7651,1,,1,163383.8384488857,119
37,7687,11,176.0,5,320875.1742663221,20
30,6564,1,,0,447005.0427311012,28
53,13670,4,,1,206918.8480615005,34
74,19083,2,,5,188805.7884721961,12
66,10573,1,1322.0,3,249031.9749662036,122
41,6558,7,1548.0,3,177258.1631392962,101
23,5735,3,1084.0,0,172289.85327582393,58
1,264,0,,0,114009.31115208686,1
9,1892,0,,0,77566.75162110645,27
6,1437,3,,0,144402.24532042688,23
31,7010,5,4508.0,3,117579.39779781755,86
53,13670,4,,1,194570.58723573672,34
74,19083,2,,5,271324.1951528265,13
22,6398,141,1046.0,3,521829.55044460646,30
52,10311,6,,1,178507.48952590505,61
24,5469,1,145.0,0,527497.2237549593,113
38,4788,2,,0,230049.3826561442,67
35,7715,4,990.0,0,191001.8692743558,19
2,629,1,,0,159768.11318789428,27
19,3806,4,,0,165211.32940965713,45
22,6398,141,1046.0,3,116061.905581464,30
22,3151,4,2715.0,3,293788.07422389725,106
22,6398,141,1046.0,3,128649.19108355654,30
9,1892,0,,0,219281.91800674604,27
1,264,0,,0,139283.3157411459,1
22,6398,141,1046.0,3,89959.59140553525,30
11,2370,0,,0,222186.39148031504,9
34,7759,0,229.0,1,348985.12011902675,53
33,7976,5,,0,269402.39645660983,10
5,1564,0,540.0,0,188089.2958294544,6
49,11395,3,1406.0,3,161042.90451780224,57
19,3806,4,,0,178928.4777192187,45
25,4724,2,1308.0,1,132711.39560248447,44
2,475,0,,0,153353.49964792514,23
33,8667,2,,0,207006.72436208656,94
18,3746,9,75.0,3,415251.3542704138,143
31,7010,5,4508.0,3,199227.6938712229,66
52,10311,6,,1,176725.75615604085,61
25,5648,1,30.0,2,172329.270863477,9
1,388,0,,0,68642.46882280821,23
30,6207,1,1183.0,1,127353.7537811246,22
23,4635,5,3300.0,2,91594.31553801152,111
34,7759,0,229.0,1,381206.77404445416,53
22,6398,141,1046.0,3,207248.37051977933,30
25,5648,1,30.0,2,194036.36463431927,9
6,1437,3,,0,154567.60319064785,23
2,475,0,,0,107892.5042189704,23
47,8004,3,125.0,3,343760.81361313944,21
33,8667,2,,0,236117.9190245384,94
33,8667,2,,0,208959.6415464005,94
1,264,0,,0,233877.1866558295,1
52,11217,1,2300.0,1,227865.9901598276,85
53,13670,4,,1,87533.14808174847,25
52,10311,6,,1,182629.11808269328,61
22,4789,2,4087.0,4,138132.42548075426,21
0,186,0,,0,166283.18424150342,93
25,5027,4,46.0,1,203027.74483670128,89
24,4860,1,80.0,0,147956.08232646185,44
33,6783,3,,1,375791.2121680711,19
31,6137,4,,0,153506.23491190086,46
46,9515,5,,1,219316.91147402077,48
30,7538,87,4702.0,5,509980.7416776974,171
2,629,1,,0,281329.400002287,27
34,7065,1,750.0,2,234248.4237849064,52
2,629,1,,0,248765.0072603553,62
30,6564,1,,0,172668.4279504128,91
6,1437,3,,0,225420.06403393988,23
1,264,0,,0,223210.2325917784,1
2,629,1,,0,169514.25435832483,27
20,4386,14,,1,190906.8344573048,92
16,4048,3,,1,178768.45612343657,47
0,168,0,,0,89801.73287915533,23
1,264,0,,0,143626.31897519124,1
37,5288,0,1937.0,3,200701.5196900732,90
13,2514,19,,0,211505.130617324,127
25,5648,1,30.0,2,138880.25446483016,9
52,11217,1,2300.0,1,232305.26857377237,85
2,475,0,,0,107003.35186461164,23
23,5735,3,1084.0,0,106866.24874556783,58
31,6137,4,,0,122060.52681682572,46
30,5048,9,325.0,2,270612.14853872906,79
66,10573,1,1322.0,3,180904.3870350214,122
1,264,0,,0,127436.92100951052,1
1,264,0,,0,220634.92709296432,1
30,5285,0,645.0,6,213784.43220849888,84
1,264,0,,0,177771.3513743754,1
53,13670,4,,1,244668.6134104145,34
6,1437,3,,0,108952.22325779732,23
21,5731,0,,1,230571.12825104297,42
5,1564,0,540.0,0,215334.35443861672,6
27,4798,0,30.0,2,313758.0665927413,128
30,6141,10,262.0,3,232766.10251488237,89
52,10311,6,,1,215906.0284704241,61
53,13670,4,,1,341471.2206489583,9
46,10309,1,240.0,1,221597.6795141861,77
42,9292,3,2620.0,0,235924.13414498648,7
22,6398,141,1046.0,3,210318.74026434048,30
30,6207,1,1183.0,1,136609.80983134452,22
1,264,0,,0,162635.5637455044,1
5,1564,0,540.0,0,172267.84713240716,6
43,8429,3,,3,405412.08623302507,191
35,5776,1,2078.0,2,219896.8919828708,99
22,6398,141,1046.0,3,207407.3525932175,30
27,5148,14,1575.0,5,205010.7548874517,144
66,10573,1,1322.0,3,338994.3278359032,110
8,1986,0,,0,136089.75563165502,9
24,5613,5,1340.0,2,212840.34350365272,129
66,10573,1,1322.0,3,261768.7828939517,122
47,8004,3,125.0,3,237880.1528258877,21
4,915,0,,0,182443.81978749332,27
33,8667,2,,0,562559.6002169985,94
6,1437,3,,0,224719.29054586127,23
25,5487,3,,0,209463.77991203003,21
43,8429,3,,3,166003.88555577202,88
25,3478,11,2729.0,3,461678.7384275453,105
19,3856,10,,2,194983.0480650716,124
52,11217,1,2300.0,1,162537.99629151932,62
22,6398,141,1046.0,3,173955.5565786336,30
25,4756,16,2857.0,5,171546.400579877,147
0,168,0,,0,116068.87517136955,23
2,629,1,,0,105394.7617340934,27
6,1437,3,,0,172420.44667941768,23
31,6119,4,,1,182289.75772681943,29
5,1564,0,540.0,0,218501.2977320105,6
21,4472,6,1450.0,4,482603.5435766623,118
53,14892,4,,1,154037.79473349536,27
1,264,0,,0,159864.7680760808,1
38,4788,2,,0,250563.1158011724,83
5,1564,0,540.0,0,184849.20256666155,6
33,7425,1,,2,208572.79823031492,2
53,13670,4,,1,356332.2966429646,34
25,5648,1,30.0,2,208836.5001158252,9
4,915,0,,0,183656.40752422783,27
2,629,1,,0,275644.7083782612,27
1,264,0,,0,198613.2062013161,1
52,10311,6,,1,227755.94039859684,61
2,469,0,,0,227286.3351172268,27
7,1660,39,1786.0,1,410299.9565581021,188
22,6398,141,1046.0,3,456417.42880320974,30
6,1437,3,,0,248637.2700533616,74
37,6856,84,1940.0,2,197419.0436249369,73
37,5288,0,1937.0,3,147890.87285556886,90
21,4346,2,165.0,1,233975.9147241121,78
2,629,1,,0,156791.155867944,62
5,1564,0,540.0,0,188465.34103592747,6
39,8647,0,810.0,0,149934.9260837568,160
0,168,0,,0,62225.023068922,23
30,5048,9,325.0,2,86392.75816941792,75
1,264,0,,0,204406.32810804425,1
5,1564,0,540.0,0,133448.16897233512,6
5,1564,0,540.0,0,134888.08359752744,6
37,7687,11,176.0,5,194442.94451674385,59
5,1564,0,540.0,0,221499.53282427732,6
33,5261,0,240.0,3,200265.8702695928,1
74,19083,2,,5,175032.09742025455,13
30,6564,1,,0,321966.6045022605,28
26,3889,6,705.0,3,267416.6484807433,63
21,4346,2,165.0,1,324342.21965953906,8
30,5285,0,645.0,6,158558.11756185346,0
11,2748,1,,0,206431.59341627784,9
6,1437,3,,0,167560.54320429626,23
16,3893,27,,3,207801.073617646,33
2,629,1,,0,171980.00144404813,27
30,6207,1,1183.0,1,216640.53885837708,22
34,7759,0,229.0,1,401316.4698795029,53
6,1437,3,,0,159708.22959396875,23
26,3889,6,705.0,3,78030.68451609781,102
6,1437,3,,0,185226.67604568583,74
30,6207,1,1183.0,1,361744.2695470042,22
9,1892,0,,0,150777.87685680017,27
21,5731,0,,1,324218.91472729284,42
36,10055,3,,1,247176.8168264152,41
1,264,0,,0,159944.56381858015,1
31,6119,4,,1,259926.5343015213,105
9,1952,1,1430.0,3,140319.9560849932,58
1,264,0,,0,213179.92234150632,1
33,7976,5,,0,84968.37117809823,35
23,5735,3,1084.0,0,107067.42764024784,58
0,168,0,,0,101830.76913045146,23
34,7065,1,750.0,2,189650.906088464,52
1,264,0,,0,156425.35115085164,1
1,264,0,,0,134192.41438546812,1
4,915,0,,0,97611.16932543648,27
39,8647,0,810.0,0,175369.27194088284,80
27,5148,14,1575.0,5,270325.61175262165,132
23,5212,6,,3,442472.4560317953,45
6,1318,1,200.0,1,180638.60246640933,1
74,19083,2,,5,172828.80526883525,12
5,1564,0,540.0,0,124508.52219321734,6
33,5261,0,240.0,3,149562.51644601027,1
37,5288,0,1937.0,3,214431.0068514204,90
52,10311,6,,1,381574.81771061313,150
2,629,1,,0,182964.7445739193,62
1,264,0,,0,164566.3128266409,1
1,264,0,,0,140063.68608203653,1
74,19083,2,,5,241395.71906745608,12
47,11319,0,1145.0,3,256244.7788984236,46
22,6398,141,1046.0,3,165451.62394812587,30
2,629,1,,0,155214.26016047585,62
28,6533,1,1015.0,2,162481.30364254932,11
49,11395,3,1406.0,3,214451.07963156808,57
42,7651,1,,1,141240.71024718677,91
2,469,0,,0,185153.82673395053,27
6,1437,3,,0,244700.8148649357,74
37,7687,11,176.0,5,206855.9152118517,108
36,6714,2,2672.0,0,199274.8776043005,26
32,5889,10,830.0,4,226128.2294831632,31
27,5148,14,1575.0,5,240812.4311363028,144
6,1437,3,,0,120692.52092411891,23
53,13670,4,,1,193262.22989021247,34
5,1564,0,540.0,0,225579.82013563975,6
21,4346,2,165.0,1,186839.10947964285,78
17,3379,9,100.0,0,292466.1071299775,107
2,629,1,,0,147064.1451116571,62
6,1437,3,,0,170528.27921416526,74
22,6398,141,1046.0,3,79969.92628674976,30
16,3893,27,,3,160008.21236543995,33
9,1892,0,,0,107458.6396572856,27
52,10311,6,,1,285456.1511835713,61
2,629,1,,0,197124.9210097688,62
9,1952,1,1430.0,3,265002.2830897673,58
25,3478,11,2729.0,3,162788.0792533599,105
31,6119,4,,1,124258.91467863711,29
1,264,0,,0,88494.48388676922,1
4,915,0,,0,124522.35469534284,27
16,3893,27,,3,369733.4697883732,33
16,3433,4,2643.0,4,335452.15795317944,46
41,6558,7,1548.0,3,290946.30636493285,101
23,5735,3,1084.0,0,122600.50699262324,58
27,4798,0,30.0,2,213343.6886695325,128
16,3433,4,2643.0,4,87228.7740618809,5
2,629,1,,0,117882.78096611035,27
43,8429,3,,3,170479.63329895286,88
31,5569,0,,1,262246.52085976896,55
2,469,0,,0,140291.54871913514,27
43,10621,1,30.0,2,76652.04120748582,3
34,7065,1,750.0,2,250188.592807826,52
6,1437,3,,0,172334.3423227684,23
49,11395,3,1406.0,3,210528.31827763875,57
21,5731,0,,1,246970.48183259112,15
2,629,1,,0,191388.6693563192,62
34,7065,1,750.0,2,287707.98473922035,74
34,7065,1,750.0,2,168846.56572354506,52
17,4017,7,800.0,2,209633.7338138153,114
23,5735,3,1084.0,0,148342.6112878998,8
53,13670,4,,1,280144.79983238963,34
53,13670,4,,1,401035.0387161508,34
25,5648,1,30.0,2,133960.18752834346,9
6,1437,3,,0,188559.7913284893,23
52,10311,6,,1,200516.1874772753,61
25,5011,8,730.0,0,227124.4067232841,39
53,13670,4,,1,277013.3515695761,34
27,5148,14,1575.0,5,196260.7166882541,144
4,915,0,,0,158122.32139176913,27
30,5562,0,,0,234283.91517253392,18
39,7614,3,,1,287626.2291640761,62
26,3889,6,705.0,3,205859.63079054488,63
53,13670,4,,1,267869.07527601894,34
6,1437,3,,0,88504.38496524963,23
5,1564,0,540.0,0,119710.50615833823,6
16,3893,27,,3,405659.9958705253,162
42,9292,3,2620.0,0,217052.99322376767,7
2,629,1,,0,209726.09652546572,62
20,4386,14,,1,271897.83523298753,154
13,2514,19,,0,300441.2802732128,164
2,629,1,,0,125560.1622338067,62
28,6533,1,1015.0,2,197485.1468100484,11
35,7715,4,990.0,0,215409.88875358025,2
1,264,0,,0,211714.8071318348,1
5,1564,0,540.0,0,210082.73564296667,6
34,7065,1,750.0,2,135796.27916590706,52
25,5027,4,46.0,1,443013.5626001312,108
1,264,0,,0,204162.40823293623,1
35,5776,1,2078.0,2,214547.34720416536,99
31,5569,0,,1,184859.13064440328,55
2,629,1,,0,196647.9651339427,27
1,264,0,,0,287460.543712978,1
53,14892,4,,1,83210.38990383121,96
30,5562,0,,0,231331.10063784232,18
35,5776,1,2078.0,2,158785.53169059337,99
49,11395,3,1406.0,3,176995.41320557852,57
23,5212,6,,3,349101.6231512096,45
0,168,0,,0,126038.0169763896,23
2,629,1,,0,178993.73472414765,27
46,9515,5,,1,346649.42486698925,48
52,10311,6,,1,108643.9346384891,61
30,5048,9,325.0,2,260402.1788236221,79
4,915,0,,0,137243.72629433766,27
0,168,0,,0,116967.51022987608,23
23,5212,6,,3,373427.7850218935,45
37,6856,84,1940.0,2,155488.89903769628,14
52,11217,1,2300.0,1,224242.5649497012,85
2,629,1,,0,134595.53757585955,27
31,5569,0,,1,320278.14841303753,55
43,8429,3,,3,186517.65405595247,88
6,1437,3,,0,247709.6193241985,23
21,5731,0,,1,178437.71352960402,42
35,5776,1,2078.0,2,335614.73092857754,99
2,629,1,,0,130447.34781010298,85
9,1952,1,1430.0,3,160835.76340494736,58
46,9515,5,,1,200021.8351269948,48
29,6566,7,1894.0,4,177677.92495313872,139
2,629,1,,0,113310.32774634866,27
31,5569,0,,1,193007.3171451748,55
21,5731,0,,1,91374.96812481976,42
42,7651,1,,1,160034.13571684982,28
30,6207,1,1183.0,1,259061.9981630592,28
34,7759,0,229.0,1,223985.22584651952,53
15,2787,2,520.0,0,269750.7787409152,38
4,915,0,,0,111069.979170435,27
1,264,0,,0,208282.538065718,1
5,1564,0,540.0,0,126401.27637193706,6
36,10055,3,,1,381850.7019849476,41
22,4625,11,3855.0,2,260147.2818199421,53
33,7976,5,,0,194443.06720451696,35
6,2733,0,920.0,0,326021.10555078083,123
21,4472,6,1450.0,4,208993.9523164666,170
21,4231,14,1020.0,0,199355.1648484173,107
5,1564,0,540.0,0,122011.95382175905,6
23,3975,8,770.0,2,365184.9778957467,137
0,168,0,,0,96986.43568669008,23
17,3079,59,2890.0,0,249604.5257643805,134
34,7065,1,750.0,2,134374.9436994635,52
6,2733,0,920.0,0,487997.9988169182,123
47,8004,3,125.0,3,343470.5003179385,21
53,13670,4,,1,151073.70737945664,25
21,4231,14,1020.0,0,242525.4653831573,167
1,264,0,,0,144231.40751392962,1
27,5148,14,1575.0,5,252283.2596341525,144
22,4625,11,3855.0,2,331677.1299941851,138
35,5776,1,2078.0,2,161215.98538464715,99
2,469,0,,0,162840.23240605395,27
43,7227,0,,1,189133.5433669048,67
18,3594,4,192.0,1,142451.308033787,37
22,6398,141,1046.0,3,86144.25304023226,30
35,7077,56,2301.0,3,294877.04011714284,135
23,5735,3,1084.0,0,259562.43692171283,8
25,4724,2,1308.0,1,414025.4860336653,37
1,264,0,,0,214948.9806511477,1
0,168,0,,0,63033.52074298647,23
22,6398,141,1046.0,3,92135.01867208997,30
43,7227,0,,1,182461.5930991493,87
36,5992,0,,1,196357.9980256016,11
39,8647,0,810.0,0,337093.85681923066,80
33,5261,0,240.0,3,309837.50816118537,185
6,1437,3,,0,218899.44395444368,23
33,7976,5,,0,169259.7609984045,10
0,168,0,,0,75108.60977345111,23
29,6566,7,1894.0,4,276096.06073119584,75
31,7010,5,4508.0,3,175111.80764755895,66
25,4724,2,1308.0,1,263678.58828375296,44
16,3893,27,,3,438459.651986368,151
31,7010,5,4508.0,3,391183.502228878,66
8,1497,5,,1,85270.10537436495,150
36,6714,2,2672.0,0,404824.8217279925,138
9,1892,0,,0,157086.15702312338,27
37,5288,0,1937.0,3,113913.68795907628,90
36,6714,2,2672.0,0,169809.79948078876,26
53,13670,4,,1,300497.66874439694,25
47,8004,3,125.0,3,189468.93157527596,21
30,7538,87,4702.0,5,193687.0373241648,190
53,13670,4,,1,294963.1673834881,25
33,7976,5,,0,140730.3571296551,10
30,5285,0,645.0,6,422341.994773721,84
37,7687,11,176.0,5,231960.05645083703,136
5,1564,0,540.0,0,126995.13022065356,6
23,5212,6,,3,271893.1185723133,45
34,7065,1,750.0,2,193484.67055672305,52
39,7614,3,,1,313119.2330688721,62
36,10055,3,,1,216061.8923322264,41
74,19083,2,,5,168720.20641007132,12
25,6149,0,,0,163363.91910340884,93
16,3433,4,2643.0,4,122846.81583195207,46
9,1892,0,,0,87966.76405204533,27
35,7077,56,2301.0,3,269691.7295026341,156
2,629,1,,0,101351.3632606939,62
2,629,1,,0,128704.6281039891,27
2,629,1,,0,145036.34560816348,27
0,168,0,,0,131459.24903713734,23
25,5648,1,30.0,2,140960.9741192203,9
46,10309,1,240.0,1,243744.3605325024,77
5,1564,0,540.0,0,177116.3397008713,6
33,8667,2,,0,173965.7295302212,94
2,629,1,,0,116387.16924804586,62
34,7065,1,750.0,2,162479.80219972422,74
24,4860,1,80.0,0,283576.13681268913,37
6,1437,3,,0,193928.4110184029,23
18,3374,5,620.0,1,498380.8033398103,59
2,629,1,,0,202549.0090849033,62
22,6398,141,1046.0,3,182642.01897746717,30
11,3097,0,,0,117533.55025303952,27
24,5613,5,1340.0,2,303386.4655493614,129
50,12238,8,1970.0,2,217607.4088961254,24
32,5889,10,830.0,4,339097.72673804674,31
21,4472,6,1450.0,4,206832.4107758077,170
25,5648,1,30.0,2,180420.59562838732,9
23,5212,6,,3,432356.0764096318,45
23,5735,3,1084.0,0,94194.14112043644,58
30,6207,1,1183.0,1,163413.93313444135,28
4,915,0,,0,128863.12415040212,27
36,10055,3,,1,202696.04613505164,41
2,469,0,,0,143622.60240056444,27
30,5285,0,645.0,6,316951.4114809438,84
29,6566,7,1894.0,4,134903.17295862298,75
37,6856,84,1940.0,2,213248.1304414731,14
21,4346,2,165.0,1,387464.4678950844,8
53,14892,4,,1,266728.9070163352,128
14,3369,24,4129.0,0,314128.578021193,141
6,1437,3,,0,171461.85768372464,23
47,8004,3,125.0,3,177568.2230160819,21
5,1564,0,540.0,0,183622.42050907487,6
23,5212,6,,3,476505.3096205079,45
74,19083,2,,5,262298.0296557597,12
9,1768,0,370.0,0,135793.75107445108,57
5,1564,0,540.0,0,211552.95210144453,6
1,388,0,,0,86196.58169750754,23
14,2940,45,,3,429090.8812842874,182
4,915,0,,0,80559.3415736419,27
43,10621,1,30.0,2,166112.8071265953,93
47,8004,3,125.0,3,190191.1620766357,21
2,629,1,,0,195076.6898927193,85
28,6746,3,,1,165306.11097803124,8
25,5648,1,30.0,2,154174.83665796314,9
6,1437,3,,0,109451.98225901244,23
30,5048,9,325.0,2,250474.3158070263,113
23,5212,6,,3,155853.49484215342,45
2,629,1,,0,155463.0920325192,27
37,6856,84,1940.0,2,308108.23387345177,4
43,10621,1,30.0,2,130416.07318200008,93
53,14892,4,,1,180146.80420360548,187
24,4378,0,1036.0,1,178673.3604580136,41
21,4346,2,165.0,1,249990.7224660837,8
50,12238,8,1970.0,2,236557.23323842447,66
66,10573,1,1322.0,3,90550.02460602428,99
24,5469,1,145.0,0,177417.49187731018,58
21,5731,0,,1,240122.98587675704,42
34,7759,0,229.0,1,201105.74593309572,53
23,4635,5,3300.0,2,387514.9370804338,109
53,13670,4,,1,146105.91817131554,25
2,629,1,,0,187744.5551192205,62
53,13670,4,,1,131290.87996093044,25
37,6856,84,1940.0,2,66421.73669087405,14
27,4798,0,30.0,2,179633.12110073798,128
23,5735,3,1084.0,0,210849.6935419777,58
25,5648,1,30.0,2,178109.7161689242,9
9,1892,0,,0,143082.41398474976,27
5,1564,0,540.0,0,188376.02537163423,6
5,1564,0,540.0,0,146521.96811921374,6
31,7010,5,4508.0,3,459012.1344340613,86
46,10309,1,240.0,1,243462.53952597376,77
22,6398,141,1046.0,3,122896.4187060534,30
19,3856,10,,2,181476.15317834067,79
5,1564,0,540.0,0,125447.13883774792,6
25,5648,1,30.0,2,180234.1420075477,9
6,1437,3,,0,123074.07497548744,23
23,3684,2,,0,218863.87949411897,108
30,6207,1,1183.0,1,228791.40293456608,28
2,629,1,,0,176072.61997134818,62
31,5569,0,,1,296637.4055983581,55
23,5212,6,,3,184517.8047278171,45
9,1768,0,370.0,0,151646.10777854596,57
39,10418,9,900.0,1,184294.69175538747,7
5,1564,0,540.0,0,135222.74401236812,6
74,19083,2,,5,352400.56677117595,13
2,629,1,,0,160728.37210755883,27
22,6398,141,1046.0,3,222992.58182350808,30
31,6119,4,,1,165871.0615490779,29
5,1564,0,540.0,0,166555.89815454266,6
16,3893,27,,3,421391.5665683528,151
1,264,0,,0,202015.10164169315,1
24,5469,1,145.0,0,238120.4874980559,113
1,264,0,,0,243966.4035964895,1
74,19083,2,,5,330318.9914159008,13
38,4788,2,,0,139360.05051450012,67
39,7614,3,,1,286838.7851717205,62
42,7651,1,,1,204503.8385172403,119
1,264,0,,0,211045.6870079885,1
25,5648,1,30.0,2,230361.7235671412,9
16,3433,4,2643.0,4,298194.5131791228,5
6,1437,3,,0,119080.60807787457,23
35,7715,4,990.0,0,260852.2309765425,74
28,7287,5,320.0,1,189341.9082191041,37
23,5212,6,,3,212295.8085057381,45
23,5212,6,,3,438005.1823233111,45
35,7077,56,2301.0,3,241941.30724467355,135
30,6207,1,1183.0,1,140142.5339839676,28
5,1564,0,540.0,0,123124.69052129984,6
31,5569,0,,1,141846.49627443432,55
46,9515,5,,1,236378.46621667652,48
22,4789,2,4087.0,4,181463.2573760893,84
35,7715,4,990.0,0,187656.17747212516,19
5,1564,0,540.0,0,178680.76934744458,6
36,5992,0,,1,236759.25125925077,11
1,264,0,,0,215962.34409497824,1
66,10573,1,1322.0,3,170349.4192888508,99
49,11395,3,1406.0,3,179322.3901724029,57
35,5776,1,2078.0,2,148771.86764624028,99
11,3097,0,,0,164845.78272736428,27
34,7065,1,750.0,2,341613.2945307069,74
2,629,1,,0,210207.64525810163,27
1,264,0,,0,218830.2784405304,1
2,469,0,,0,115037.08748511544,27
2,629,1,,0,256224.53327751436,27
66,10573,1,1322.0,3,370546.341078783,122
25,4756,16,2857.0,5,384840.1857709682,0
5,1564,0,540.0,0,191217.34812398555,6
19,3806,4,,0,287954.7206824784,161
13,2514,19,,0,160739.23842817402,164
33,6783,3,,1,500387.602443244,69
6,1437,3,,0,246405.1673694329,74
24,4378,0,1036.0,1,126046.80332945632,44
32,5889,10,830.0,4,425905.8071380647,31
74,19083,2,,5,325577.83755331865,13
49,11395,3,1406.0,3,270880.40675133513,57
31,6119,4,,1,154987.85060411593,29
16,3893,27,,3,382014.8271549163,146
47,8004,3,125.0,3,208896.49584913743,21
1,264,0,,0,266264.4839484552,1
20,4386,14,,1,224947.6554971745,154
1,264,0,,0,130596.35938280149,1
22,6398,141,1046.0,3,183595.4067543932,30
42,9292,3,2620.0,0,287326.123904917,7
22,6398,141,1046.0,3,144430.7349985369,30
2,469,0,,0,126302.18638767445,27
2,629,1,,0,184708.79125622852,27
21,4346,2,165.0,1,177869.81096304828,8
30,6207,1,1183.0,1,177760.27409399836,22
28,6746,3,,1,218469.02320699077,78
19,3806,4,,0,254291.8748834884,161
30,6141,10,262.0,3,508664.1177214116,109
2,469,0,,0,149319.67659239887,27
30,6564,1,,0,329783.28060405987,28
28,6746,3,,1,182874.0175739025,78
1,264,0,,0,133894.78712861385,1
29,6566,7,1894.0,4,160744.78676082252,75
16,3433,4,2643.0,4,314422.3670144404,5
39,10418,9,900.0,1,418211.3485268254,7
53,13670,4,,1,342909.1729024962,34
12,2270,23,2500.0,1,439076.91747314425,4
5,1227,0,,0,342859.73944765545,27
37,6856,84,1940.0,2,341383.1147444055,152
43,8429,3,,3,217623.9159433657,94
22,6398,141,1046.0,3,145439.44095349775,30
46,7960,6,350.0,3,432132.5747295437,64
32,6748,93,562.0,4,452985.516682438,179
34,7759,0,229.0,1,345691.152743174,53
2,475,0,,0,115966.64943831589,23
42,7651,1,,1,189460.92214886483,28
6,1437,3,,0,189274.01124923397,74
18,3594,4,192.0,1,208397.29943932733,169
5,1564,0,540.0,0,141432.02629460994,6
21,4472,6,1450.0,4,164191.87276004357,130
1,264,0,,0,163926.37378818422,1
53,13670,4,,1,254792.7173210539,34
5,1564,0,540.0,0,169595.381432809,6
30,6564,1,,0,306061.9018575077,28
1,388,0,,0,73281.2077358412,23
53,13670,4,,1,343643.748716542,34
9,1892,0,,0,134758.35543298678,27
30,7538,87,4702.0,5,502085.8601620849,202
1,264,0,,0,256094.13809574468,1
5,1564,0,540.0,0,155736.0946482893,6
39,10418,9,900.0,1,219270.44871459148,7
33,8667,2,,0,144957.00589348885,94
30,5562,0,,0,189620.0034964162,145
53,13670,4,,1,322272.55287957354,34
4,915,0,,0,139528.53670772124,27
9,1768,0,370.0,0,196401.95821222468,57
33,7976,5,,0,210654.5555098522,10
52,10311,6,,1,186318.14609154532,61
38,4788,2,,0,233897.21349963077,80
1,264,0,,0,209817.0346437333,1
47,11319,0,1145.0,3,260563.6027158488,46
43,8429,3,,3,384455.6191390961,88
25,5648,1,30.0,2,246709.4288031471,9
26,4439,1,1130.0,1,151394.24685091156,8
10,2277,2,1547.0,0,309871.436588142,29
10,2277,2,1547.0,0,171874.70487128774,29
5,1564,0,540.0,0,135166.22791166414,6
21,4346,2,165.0,1,243806.6258370921,78
53,14892,4,,1,151888.7361518027,27
6,2733,0,920.0,0,469907.9020120196,123
46,10309,1,240.0,1,183683.21907434092,47
1,264,0,,0,102818.95216956615,1
2,629,1,,0,214155.47853142745,62
22,6398,141,1046.0,3,155348.83361880167,30
6,1437,3,,0,142401.08102916743,23
5,1564,0,540.0,0,185518.55708353355,6
8,1497,5,,1,186210.69801984547,36
25,4756,16,2857.0,5,142799.43405227107,0
34,7759,0,229.0,1,178520.22142930602,53
32,6748,93,562.0,4,320186.3578102107,184
2,629,1,,0,199557.181019652,27
2,475,0,,0,90511.00834907682,23
31,7010,5,4508.0,3,211889.9429018218,66
23,5735,3,1084.0,0,164936.47480609769,58
16,3893,27,,3,149263.2562763025,33
27,5664,48,2300.0,3,340609.46386034857,120
25,5648,1,30.0,2,243420.1791338147,9
2,629,1,,0,129252.44008922527,62
23,5212,6,,3,375292.6528468192,45
23,5212,6,,3,125586.78308629792,138
26,4439,1,1130.0,1,192076.4023957457,8
33,7425,1,,2,352335.196146687,68
52,10311,6,,1,298440.4751419708,61
22,4625,11,3855.0,2,537669.791911739,53
0,168,0,,0,62980.77902384388,23
30,5048,9,325.0,2,302975.2149963466,75
1,264,0,,0,160295.69401670538,1
21,4231,14,1020.0,0,267131.17681592057,107
1,264,0,,0,147472.8508875564,1
29,6566,7,1894.0,4,140036.19806001615,75
47,11319,0,1145.0,3,220596.82122866067,46
18,3594,4,192.0,1,209423.3982276428,37
25,5648,1,30.0,2,236574.5872137512,9
20,2738,20,,1,370606.5961279848,68
25,5011,8,730.0,0,296659.6788870628,39
25,5027,4,46.0,1,485520.98853876704,89
1,264,0,,0,131204.9547177939,1
22,4625,11,3855.0,2,149017.21862874273,148
38,4788,2,,0,104636.03734091549,83
16,3433,4,2643.0,4,352168.9559750737,46
27,4798,0,30.0,2,253856.0711327471,128
1,264,0,,0,163719.90670837532,1
37,6856,84,1940.0,2,257965.6984435707,152
26,4439,1,1130.0,1,160716.61637948468,8
1,264,0,,0,161717.1859945083,1
8,2423,1,32.0,0,196429.6592377391,47
6,2733,0,920.0,0,457744.46336924686,123
21,4472,6,1450.0,4,269701.0159291932,118
31,6137,4,,0,235735.33410565532,46
10,2277,2,1547.0,0,148775.804866926,29
19,3806,4,,0,165045.94950293403,45
49,11395,3,1406.0,3,201943.91266730663,57
6,1437,3,,0,182690.36427369187,23
52,11217,1,2300.0,1,272583.8555303725,85
37,7687,11,176.0,5,91735.78168696546,20
0,168,0,,0,93217.7529240404,23
25,5011,8,730.0,0,233366.39996881285,39
26,4439,1,1130.0,1,184679.4631408149,8
35,7715,4,990.0,0,249400.9791719856,2
5,1564,0,540.0,0,141932.92353362974,6
8,1497,5,,1,177967.15861350187,150
47,8004,3,125.0,3,294281.0603494222,21
8,1497,5,,1,376494.333962048,36
21,4231,14,1020.0,0,325999.48605361284,167
25,6149,0,,0,199206.14438173905,94
1,388,0,,0,101223.4462977502,23
25,4756,16,2857.0,5,235450.6194638628,0
53,14892,4,,1,295589.0842768341,96
49,11395,3,1406.0,3,191608.8532313988,57
53,13670,4,,1,283312.67099065625,34
11,3097,0,,0,111685.95722946098,27
26,4439,1,1130.0,1,230562.2981691376,8
23,5735,3,1084.0,0,104304.24095473356,58
22,6398,141,1046.0,3,106112.43961389664,30
66,10573,1,1322.0,3,172586.1740900796,122
22,6398,141,1046.0,3,143185.42771071242,30
1,264,0,,0,300180.3656688172,1
23,5735,3,1084.0,0,362165.36703642784,8
52,10311,6,,1,238974.72756642004,61
15,2787,2,520.0,0,240680.89557570103,58
17,4017,7,800.0,2,192589.81637449047,142
0,168,0,,0,170924.6901778864,23
41,6558,7,1548.0,3,231700.1408475272,101
0,168,0,,0,74202.15493240787,23
35,7715,4,990.0,0,133124.26037683987,74
28,6746,3,,1,189642.59331443725,8
9,1892,0,,0,147475.06197036387,27
74,19083,2,,5,207481.92568463765,13
21,4346,2,165.0,1,432885.1113021356,78
29,6566,7,1894.0,4,361876.35781106295,139
22,6398,141,1046.0,3,100686.91823432253,30
30,5285,0,645.0,6,426958.07941516273,54
2,475,0,,0,97300.15292912396,23
5,1564,0,540.0,0,153615.69818816212,6
33,6783,3,,1,294824.0858386291,19
35,7715,4,990.0,0,92295.06402547468,59
37,5288,0,1937.0,3,185388.70275781795,90
23,5735,3,1084.0,0,213295.25916093445,8
35,7077,56,2301.0,3,287645.5471570857,50
1,264,0,,0,218595.2655144236,1
35,7715,4,990.0,0,179019.44575138672,74
4,915,0,,0,143280.5160016786,27
11,3097,0,,0,155442.6732513389,27
30,6207,1,1183.0,1,180928.2635744801,28
74,19083,2,,5,224103.01197629195,12
39,7614,3,,1,457051.8904786807,70
36,5992,0,,1,273650.9227501005,11
15,2787,2,520.0,0,195462.8713600609,113
2,629,1,,0,188251.44186599925,27
52,10311,6,,1,295263.32551989466,61
25,5648,1,30.0,2,221585.66256748143,9
53,14892,4,,1,85164.82761515408,27
9,1892,0,,0,96568.18235451386,27
24,5613,5,1340.0,2,196667.3865180616,129
25,4756,16,2857.0,5,244900.2503085561,0
29,6566,7,1894.0,4,231673.0311760141,124
1,264,0,,0,148890.90071378983,1
22,6398,141,1046.0,3,185587.28668860183,30
6,1437,3,,0,111201.96367365187,23
36,5992,0,,1,192771.85735731755,11
2,629,1,,0,207384.97690931297,62
28,6533,1,1015.0,2,196083.19523246773,101
53,14892,4,,1,291518.5452160943,27
25,4756,16,2857.0,5,102395.78885639404,0
25,4756,16,2857.0,5,142172.9071361935,0
18,3746,9,75.0,3,566715.5165167053,137
31,6137,4,,0,305222.4598438969,46
25,4756,16,2857.0,5,181025.39712466783,193
43,8429,3,,3,206958.9880562985,88
25,5648,1,30.0,2,127053.89535421957,9
20,4386,14,,1,296102.7960342099,129
46,7960,6,350.0,3,213253.60710346847,32
27,5664,48,2300.0,3,131261.77526393757,130
1,264,0,,0,179416.23204077856,1
19,3856,10,,2,227114.3731215961,124
33,7425,1,,2,236117.3319454385,200
4,915,0,,0,162798.64014976704,27
46,10309,1,240.0,1,248000.6718268046,47
9,1892,0,,0,86163.84651967854,27
20,2738,20,,1,377279.2687962613,68
2,475,0,,0,104747.6235829466,23
2,629,1,,0,181955.27401276093,27
9,1892,0,,0,144361.2532959487,27
36,5992,0,,1,90941.0096169158,11
1,264,0,,0,268268.043754684,1
2,469,0,,0,140727.01868478235,27
31,5569,0,,1,223907.2027205969,55
1,264,0,,0,214435.02654517535,1
1,264,0,,0,128052.90766458654,1
30,5285,0,645.0,6,184164.43548353887,0
47,8004,3,125.0,3,174185.83399442222,21
1,264,0,,0,81453.44979153345,1
0,168,0,,0,120883.15631521546,23
17,3079,59,2890.0,0,499136.53676949313,43
16,4048,3,,1,159892.46366837356,47
22,6398,141,1046.0,3,229367.96365163135,30
34,7759,0,229.0,1,199224.112020054,53
39,8647,0,810.0,0,175882.15467560527,80
36,6714,2,2672.0,0,156658.96924238294,26
22,6398,141,1046.0,3,219075.42898355983,30
1,264,0,,0,123725.20111651089,1
47,8004,3,125.0,3,184937.07684536235,21
25,6149,0,,0,144207.33183954243,94
25,5487,3,,0,163401.30106024403,21
1,264,0,,0,158132.02253411696,1
43,10621,1,30.0,2,150409.46474351196,93
22,6398,141,1046.0,3,92320.05017087348,30
28,7287,5,320.0,1,148150.82884760245,41
2,629,1,,0,116149.2908154138,27
34,7065,1,750.0,2,168600.63259989768,52
21,4472,6,1450.0,4,179333.72768183766,130
11,3097,0,,0,221101.94762788893,27
16,3893,27,,3,358029.6624250685,146
21,4231,14,1020.0,0,287607.3360900228,33
43,8429,3,,3,222233.61860807744,88
22,4789,2,4087.0,4,249096.1796459868,84
30,6564,1,,0,123263.21275580642,91
0,168,0,,0,82088.14693880343,23
6,1437,3,,0,117697.97701043649,23
2,469,0,,0,147417.77673144802,27
9,1892,0,,0,174758.68145385393,27
5,1564,0,540.0,0,209928.50370969452,6
30,7538,87,4702.0,5,359947.6953313935,157
2,475,0,,0,98638.75592803337,23
31,5569,0,,1,193295.5494016565,55
2,629,1,,0,171999.57136913278,27
1,264,0,,0,193538.4629580897,1
15,2787,2,520.0,0,372468.397635108,38
1,388,0,,0,92655.87192512253,23
5,1564,0,540.0,0,188798.09652405747,6
49,11395,3,1406.0,3,206874.91636315023,57
25,5648,1,30.0,2,178622.85743008766,9
23,5735,3,1084.0,0,201654.7261110164,8
53,13670,4,,1,140248.86837264226,25
53,14892,4,,1,183347.99446163297,96
6,1437,3,,0,161336.44173365866,23
15,2787,2,520.0,0,509162.4165944247,38
1,388,0,,0,90349.05465239647,23
6,1437,3,,0,151156.6156994256,23
29,6566,7,1894.0,4,204562.7629575032,75
2,629,1,,0,153997.91219217938,62
2,629,1,,0,113398.50455919631,62
5,1564,0,540.0,0,198935.41691756007,6
20,2738,20,,1,345747.0695497898,173
4,915,0,,0,127451.3211924171,27
33,5261,0,240.0,3,226800.91827849072,1
30,5562,0,,0,219998.5303124487,18
2,629,1,,0,202988.04024120708,27
47,8004,3,125.0,3,184563.26549625464,21
5,1564,0,540.0,0,174741.9980609786,6
43,10621,1,30.0,2,138061.7587210648,3
5,1564,0,540.0,0,143413.3417424934,6
31,6119,4,,1,194848.69359638912,105
1,264,0,,0,148682.71942685667,1
31,5569,0,,1,351076.21314461314,55
31,6119,4,,1,207218.1271948871,105
2,469,0,,0,146146.40169062206,27
33,7976,5,,0,294961.801162295,35
21,5731,0,,1,194550.45058033,42
52,10311,6,,1,291543.73159813427,61
15,2787,2,520.0,0,483283.48808276845,38
11,2370,0,,0,215228.12749480532,9
46,10309,1,240.0,1,243275.4672177496,47
5,1564,0,540.0,0,184303.15226601603,6
46,9515,5,,1,301899.59635244013,48
43,10621,1,30.0,2,147702.6463071086,93
5,1564,0,540.0,0,210982.67783398367,6
30,5048,9,325.0,2,169333.5333558262,75
28,7287,5,320.0,1,161854.64140673538,37
1,264,0,,0,155385.23366660872,1
34,7759,0,229.0,1,346391.31085820554,53
4,915,0,,0,159778.67598226946,27
21,4472,6,1450.0,4,222778.3006310312,170
1,264,0,,0,161799.2406230853,1
41,6558,7,1548.0,3,205008.30573981017,101
2,629,1,,0,225901.93808883757,27
47,8004,3,125.0,3,91134.02389274312,21
9,1892,0,,0,94667.05962565896,27
22,6398,141,1046.0,3,382297.99318930495,189
26,4439,1,1130.0,1,202996.85132909237,8
6,1437,3,,0,102494.68526682936,23
19,3806,4,,0,329922.6925149896,45
20,4386,14,,1,208710.91445638184,154
74,19083,2,,5,259693.05432695907,13
1,290,0,,0,86829.4046758398,27
6,1437,3,,0,161079.4752070091,23
38,4788,2,,0,221518.14516557023,83
25,5011,8,730.0,0,213453.94132056035,39
50,12238,8,1970.0,2,191016.2755381808,24
31,6119,4,,1,126778.79430913988,105
24,5613,5,1340.0,2,186952.68922463828,129
47,8004,3,125.0,3,200106.66965949367,21
5,1564,0,540.0,0,169344.92846253165,6
0,168,0,,0,113758.66214698897,23
9,1892,0,,0,126929.32118803768,27
32,6748,93,562.0,4,297163.9838614121,184
30,5562,0,,0,203008.78766309112,145
17,3379,9,100.0,0,624008.5357630121,162
2,568,1,,0,92187.0039071875,27
33,5261,0,240.0,3,294343.76590182947,1
46,7960,6,350.0,3,286819.3541932532,32
41,6558,7,1548.0,3,190865.59011012773,101
26,4439,1,1130.0,1,203513.51080409865,8
2,568,1,,0,74910.83153923509,27
34,7065,1,750.0,2,228688.14721028745,52
52,11217,1,2300.0,1,156611.47186998243,85
25,5648,1,30.0,2,144534.04603246535,9
4,915,0,,0,112163.69396772933,27
33,7976,5,,0,167638.39402911376,10
21,5731,0,,1,148990.96480860395,15
34,7759,0,229.0,1,167118.31364041436,53
23,5067,4,,2,510424.2806450012,56
29,6566,7,1894.0,4,250918.2814337552,139
23,4635,5,3300.0,2,452421.25073076994,111
74,19083,2,,5,335917.07679435075,57
74,19083,2,,5,365582.8755048907,57
43,7227,0,,1,185005.9556338794,87
30,6207,1,1183.0,1,165025.8489789217,22
5,1564,0,540.0,0,122122.09876920305,6
49,11395,3,1406.0,3,165942.85557167046,22
66,10573,1,1322.0,3,178202.24456687403,99
34,7759,0,229.0,1,263206.2231518417,53
19,3293,16,628.0,3,381301.23457344726,121
49,11395,3,1406.0,3,170832.92654763669,57
1,264,0,,0,203543.8117146221,1
33,5261,0,240.0,3,211449.42666626984,1
53,14892,4,,1,171677.73736275034,96
30,5285,0,645.0,6,216719.71562316245,84
33,7425,1,,2,196512.5960342538,2
46,9515,5,,1,259391.80174812215,48
37,7687,11,176.0,5,345555.90935437987,59
37,7687,11,176.0,5,366701.09869679366,59
41,6558,7,1548.0,3,158502.77008309631,101
11,2398,2,1994.0,3,206112.0810149097,40
31,6119,4,,1,117266.44217111188,29
37,5288,0,1937.0,3,175521.60423237778,90
35,7715,4,990.0,0,195151.00142078983,19
11,2398,2,1994.0,3,192467.69576893075,72
16,3893,27,,3,87986.49444750255,146
50,12238,8,1970.0,2,254883.0909575161,66
19,3806,4,,0,225146.01933084623,103
23,3684,2,,0,338569.01919751393,131
0,168,0,,0,195153.87486165,23
5,1564,0,540.0,0,127276.64390924857,6
50,12238,8,1970.0,2,213412.49553207765,66
9,1892,0,,0,108540.77296972286,27
18,3594,4,192.0,1,608674.1305067175,169
34,7065,1,750.0,2,112609.63813385591,52
30,5285,0,645.0,6,162985.11657168585,0
31,5569,0,,1,340463.2996064004,55
5,1564,0,540.0,0,168645.55021188135,6
36,5992,0,,1,192968.9739198353,11
36,5992,0,,1,65343.64352960829,11
19,3856,10,,2,297376.5905764121,124
22,6398,141,1046.0,3,161403.09403353653,30
1,264,0,,0,157674.46671616155,1
35,7715,4,990.0,0,149055.27762740816,19
27,5664,48,2300.0,3,159185.20358786662,118
2,629,1,,0,128808.3538991708,62
27,5148,14,1575.0,5,597921.0091053398,144
39,10418,9,900.0,1,257350.6561586324,7
42,9292,3,2620.0,0,184045.92363633032,7
34,7065,1,750.0,2,173656.609717318,52
14,3369,24,4129.0,0,181099.20525758108,120
32,5889,10,830.0,4,214312.15631516863,31
21,5731,0,,1,169122.50710786774,15
53,13670,4,,1,326553.5768192223,34
0,168,0,,0,66921.30834100491,23
30,5285,0,645.0,6,491296.2451733697,54
35,5776,1,2078.0,2,220720.0103840721,11
14,2940,45,,3,370608.88555904187,159
26,4439,1,1130.0,1,200777.3190939912,8
31,6119,4,,1,213076.3370237272,29
1,264,0,,0,128124.57333670493,1
16,3893,27,,3,214305.2999946336,151
39,8647,0,810.0,0,206587.00693939684,160
6,1437,3,,0,112523.43097111223,23
23,5735,3,1084.0,0,194401.07445319075,58
4,915,0,,0,149480.12608548743,27
27,5148,14,1575.0,5,59174.77802758122,144
31,6119,4,,1,212336.1267270996,105
25,5011,8,730.0,0,143150.14190959456,39
37,5288,0,1937.0,3,159358.62948306266,90
23,5735,3,1084.0,0,203511.51511893605,8
1,264,0,,0,197006.1241876457,1
24,5613,5,1340.0,2,251416.9620667684,129
30,7538,87,4702.0,5,89882.13490808172,157
5,1564,0,540.0,0,123219.34353673554,6
28,6746,3,,1,317872.96797546506,8
31,6137,4,,0,283398.0903504939,46
46,10309,1,240.0,1,238675.50873639717,77
33,8667,2,,0,259926.55214817807,94
31,6119,4,,1,159907.28387929627,29
14,3369,24,4129.0,0,212825.42452652572,120
25,5648,1,30.0,2,90971.10321780824,9
4,915,0,,0,141086.00561585426,27
34,7759,0,229.0,1,349269.0533178617,53
28,6533,1,1015.0,2,89660.58311628565,11
8,1497,5,,1,85537.73540463713,36
5,1564,0,540.0,0,217826.5685428202,6
21,4231,14,1020.0,0,189438.39756793977,107
19,3856,10,,2,166893.7092937151,79
25,5648,1,30.0,2,209026.03095169965,9
4,915,0,,0,142789.94897720768,27
22,6398,141,1046.0,3,150815.0605867834,30
37,7687,11,176.0,5,404855.2632138328,59
33,6783,3,,1,411880.5586631722,69
74,19083,2,,5,186217.5825290657,12
25,5487,3,,0,87672.25111159566,21
31,6137,4,,0,313028.7208564521,25
43,8429,3,,3,321798.1574179321,88
37,6856,84,1940.0,2,180322.969961538,14
23,5212,6,,3,224868.6915218149,45
46,7960,6,350.0,3,263687.9032626532,111
4,915,0,,0,108174.78001434269,27
37,7687,11,176.0,5,344562.6624087011,59
37,7687,11,176.0,5,492700.2574727527,59
23,5212,6,,3,180051.31401089212,98
11,3097,0,,0,261101.29126319807,27
5,1564,0,540.0,0,210702.86855428253,6
34,7065,1,750.0,2,97310.94198489486,52
52,10311,6,,1,158385.06341416895,61
22,6398,141,1046.0,3,107492.1655452256,30
39,7614,3,,1,421257.763873729,64
1,264,0,,0,185522.472089488,1
30,6564,1,,0,141756.75371125556,28
9,1892,0,,0,99530.02188656016,27
30,7538,87,4702.0,5,231360.11874277,157
26,4439,1,1130.0,1,178099.07382279495,47
6,1437,3,,0,109935.40127670666,23
34,7759,0,229.0,1,277189.1794456541,53
30,7538,87,4702.0,5,617749.1185856492,157
30,5285,0,645.0,6,173432.02595300472,81
19,3806,4,,0,194476.62279145548,45
25,5648,1,30.0,2,172608.53510051186,9
24,5469,1,145.0,0,386091.0760964388,113
24,4378,0,1036.0,1,181917.6394134863,41
30,6207,1,1183.0,1,201362.2656113761,28
36,10055,3,,1,179190.860676935,41
31,5569,0,,1,224744.48680949892,55
1,264,0,,0,235519.7164798345,1
10,2277,2,1547.0,0,183554.98007681168,29
5,1227,0,,0,161752.32471781096,27
50,12238,8,1970.0,2,88909.21497269449,66
47,8004,3,125.0,3,151827.17787566714,21
5,1564,0,540.0,0,187072.56323311155,6
9,1892,0,,0,95145.92404632743,27
74,19083,2,,5,160082.4750015117,12
34,7759,0,229.0,1,280585.02093016234,53
30,6564,1,,0,241011.00871133053,91
24,4378,0,1036.0,1,147375.1634993896,44
47,11319,0,1145.0,3,143319.18056823374,46
25,5648,1,30.0,2,183697.03189632032,9
27,5664,48,2300.0,3,128832.53530224774,168
22,6398,141,1046.0,3,147568.71339691465,30
23,5735,3,1084.0,0,199367.9106570596,8
25,5027,4,46.0,1,204406.1225198451,109
23,4583,3,,3,256447.4088157215,47
9,1892,0,,0,121716.14259841824,27
6,1437,3,,0,127264.21005299623,74
2,629,1,,0,224900.8976794044,62
1,264,0,,0,180713.8306190472,1
1,264,0,,0,230613.2432268745,1
5,1564,0,540.0,0,179054.74152040048,6
46,7960,6,350.0,3,256402.08682619745,64
27,5148,14,1575.0,5,185030.5835204246,97
1,264,0,,0,252702.05537773023,1
0,168,0,,0,74987.35276023838,23
2,629,1,,0,289731.18452038424,27
30,5048,9,325.0,2,184252.9805077403,75
2,629,1,,0,69578.11521100906,62
25,5027,4,46.0,1,199613.73103649705,108
14,2940,45,,3,324303.8124810593,184
5,1564,0,540.0,0,124034.51408476292,6
0,168,0,,0,78606.77711817135,23
50,12238,8,1970.0,2,611250.9120341169,24
39,8647,0,810.0,0,255907.3206579359,160
23,5735,3,1084.0,0,133135.51546775366,58
39,7614,3,,1,194080.843333348,70
25,5648,1,30.0,2,196626.8766810069,9
53,13670,4,,1,288857.6730449872,34
5,1564,0,540.0,0,226810.6926485911,6
35,5776,1,2078.0,2,139010.68049951462,99
33,7976,5,,0,249587.62857450653,35
30,7538,87,4702.0,5,425837.40495536313,157
22,4625,11,3855.0,2,185079.07066989667,138
22,3151,4,2715.0,3,314948.1993795105,90
25,4756,16,2857.0,5,308098.1899765265,0
6,1437,3,,0,172826.8491596616,23
35,7715,4,990.0,0,311333.3012621752,2
0,168,0,,0,200783.181137752,23
16,3893,27,,3,118754.63647973242,151
23,5735,3,1084.0,0,98321.72930645294,58
2,469,0,,0,168688.2236845285,27
31,6119,4,,1,80888.40955893055,29
47,8004,3,125.0,3,134657.65943753836,21
35,7077,56,2301.0,3,395152.2960912981,163
38,4788,2,,0,260139.67649590696,80
47,11319,0,1145.0,3,193981.34349800125,46
23,4635,5,3300.0,2,197593.112768818,111
26,4439,1,1130.0,1,212792.29258572945,8
9,1892,0,,0,143627.53846305233,27
36,5992,0,,1,205278.3409090416,11
5,1564,0,540.0,0,114140.8574932912,6
35,5776,1,2078.0,2,170622.94129788992,55
23,5067,4,,2,476299.2005772862,56
1,388,0,,0,87967.95014228488,23
29,6566,7,1894.0,4,180351.77357277952,124
25,5011,8,730.0,0,109772.55468216732,39
74,19083,2,,5,179540.43657368547,13
39,10418,9,900.0,1,186424.18066152552,7
15,2787,2,520.0,0,256650.6580851405,38
52,10311,6,,1,178756.20587916003,176
50,12238,8,1970.0,2,276023.6361461987,24
19,3856,10,,2,306525.8837040965,124
28,6533,1,1015.0,2,200197.9684316085,11
21,4231,14,1020.0,0,336305.9789864745,107
9,1892,0,,0,112877.82765126982,27
46,9515,5,,1,200879.62432416895,48
74,19083,2,,5,171513.50771745265,12
1,264,0,,0,223995.66936851307,1
5,1564,0,540.0,0,131271.92442496275,6
34,7065,1,750.0,2,172476.80139013106,52
25,4756,16,2857.0,5,176394.96805107352,0
30,5048,9,325.0,2,269844.232299655,75
2,629,1,,0,158841.62454286648,62
38,4788,2,,0,280005.2519777549,83
6,1437,3,,0,131936.5835183961,23
17,2810,9,4849.0,3,199636.9327782798,105
37,5288,0,1937.0,3,141841.80328502282,3
18,3594,4,192.0,1,313273.3221987425,169
22,6398,141,1046.0,3,126281.14278085016,30
18,3594,4,192.0,1,190128.1165525362,37
2,629,1,,0,181589.844931362,27
46,10309,1,240.0,1,241377.901694478,41
5,1564,0,540.0,0,159149.51547528277,6
1,388,0,,0,88150.01250982769,23
41,6558,7,1548.0,3,142678.92178822376,101
53,13670,4,,1,190093.3128050534,34
9,1892,0,,0,96991.342788273,27
34,7065,1,750.0,2,183213.52897514933,52
33,5261,0,240.0,3,149711.7790205944,1
2,469,0,,0,234194.83704726587,27
31,5569,0,,1,221618.0277343264,55
33,5261,0,240.0,3,97464.32733792027,1
52,11217,1,2300.0,1,272987.5205712006,85
28,6533,1,1015.0,2,207309.6001971435,11
19,3293,16,628.0,3,272539.05160959304,121
33,5261,0,240.0,3,158294.79312481542,1
37,6856,84,1940.0,2,381937.4041605112,73
0,168,0,,0,70098.38056822095,23
47,11319,0,1145.0,3,192125.20258115872,46
15,2787,2,520.0,0,201623.98129934055,113
5,1564,0,540.0,0,129675.06073064676,6
6,1318,1,200.0,1,144182.15937568367,1
2,629,1,,0,134379.13096154894,62
5,1564,0,540.0,0,140534.9530503223,6
53,14892,4,,1,528560.5060158421,27
49,11395,3,1406.0,3,247601.2622487965,57
53,14892,4,,1,134457.62446557716,93
5,1564,0,540.0,0,135102.90272266665,6
1,264,0,,0,221718.5988522356,1
28,6533,1,1015.0,2,182272.6101742069,11
25,5027,4,46.0,1,363907.45214935375,109
33,8667,2,,0,229936.7485420465,94
53,13670,4,,1,411971.1068689383,34
2,629,1,,0,96361.8107602309,62
28,6746,3,,1,193698.06159725145,78
30,5285,0,645.0,6,164687.82495689546,0
6,1437,3,,0,143364.94864502025,23
22,6398,141,1046.0,3,189417.3572680555,30
22,3151,4,2715.0,3,174921.8299280757,145
33,7976,5,,0,201961.9181408366,10
1,264,0,,0,120424.5358752918,1
31,5569,0,,1,272665.2830347813,55
1,388,0,,0,71150.79632074562,23
6,1437,3,,0,232449.69684412063,23
29,6566,7,1894.0,4,205516.95721951575,75
2,629,1,,0,223719.7792929624,27
31,5569,0,,1,236599.1445871961,55
36,10055,3,,1,196329.37963742288,41
22,4625,11,3855.0,2,177090.19907864608,53
74,19083,2,,5,85665.84494076604,13
22,6398,141,1046.0,3,174256.26579814553,30
11,3097,0,,0,159504.68104431994,27
25,5648,1,30.0,2,183118.39648692717,9
46,7960,6,350.0,3,170343.755036283,32
66,10573,1,1322.0,3,183715.4992250689,122
31,6119,4,,1,347583.0080499938,105
1,264,0,,0,183882.80697486585,1
24,4378,0,1036.0,1,352313.90248424024,41
2,629,1,,0,211810.60072792877,27
11,2370,0,,0,184561.20324214108,9
2,629,1,,0,191229.0989105802,62
34,7065,1,750.0,2,196986.24243592488,52
1,264,0,,0,199237.8473642843,1
34,7759,0,229.0,1,180600.18111804916,53
34,7759,0,229.0,1,308901.3520000765,53
53,13670,4,,1,148066.4357945926,25
25,3478,11,2729.0,3,325950.6247736481,105
1,264,0,,0,190085.1685841708,1
2,629,1,,0,236647.7813633841,27
18,3746,9,75.0,3,212498.64563468355,137
74,19083,2,,5,178752.9794036768,13
41,6558,7,1548.0,3,195791.74472709483,101
47,11319,0,1145.0,3,182459.51385105075,46
25,4756,16,2857.0,5,125579.31518405904,0
1,264,0,,0,104450.49647655948,1
0,168,0,,0,60825.03206044112,23
37,6856,84,1940.0,2,87268.09896805625,158
1,264,0,,0,184050.5332131601,1
2,629,1,,0,145025.09566727965,27
9,1892,0,,0,135784.32093002618,27
43,8429,3,,3,195581.3299508633,88
29,6566,7,1894.0,4,166649.24403460088,124
18,3374,5,620.0,1,87265.39904484051,17
46,10309,1,240.0,1,229768.8743048153,77
22,4789,2,4087.0,4,220804.8171103589,84
43,7227,0,,1,228845.682509224,67
5,1564,0,540.0,0,222068.37059764887,6
16,3681,73,1815.0,2,197405.31218523264,115
22,6398,141,1046.0,3,65949.31588144154,30
2,629,1,,0,190325.0712323413,27
30,6207,1,1183.0,1,175229.64587180057,22
30,5285,0,645.0,6,174497.10178105618,54
1,264,0,,0,185996.664227237,1
46,7960,6,350.0,3,339230.9315433815,64
33,8667,2,,0,203000.1978062497,10
46,10309,1,240.0,1,242356.4081742787,77
23,5735,3,1084.0,0,177449.71586335325,8
5,1564,0,540.0,0,164356.2122210578,6
34,7065,1,750.0,2,226434.8801562027,52
9,1892,0,,0,95529.56940500498,27
1,264,0,,0,200332.5116582509,1
0,168,0,,0,115797.55300554552,23
34,7759,0,229.0,1,261095.83438261645,53
53,14892,4,,1,441108.9112372373,96
6,1318,1,200.0,1,163807.54298717782,1
37,5288,0,1937.0,3,212883.50150421608,3
52,10311,6,,1,342418.7588880921,150
74,19083,2,,5,350684.6285601905,13
6,1437,3,,0,171323.51565293115,23
46,7960,6,350.0,3,196684.31604037675,32
30,5562,0,,0,189050.28957129625,18
2,629,1,,0,159143.8053701001,27
30,5048,9,325.0,2,181595.33980809548,75
27,4798,0,30.0,2,218714.0776153016,128
